session	theory	name	line	lines	disposition	target	rule
Continuous_Path_Spaces	Adapted_Quadratic_Variation	dyadic_qsum_cong	37	15	STAY	Continuous_Path_Spaces/Adapted_Quadratic_Variation	
Continuous_Path_Spaces	Adapted_Quadratic_Variation	qvmata_cong	874	11	STAY	Continuous_Path_Spaces/Adapted_Quadratic_Variation	
Continuous_Path_Spaces	Adapted_Quadratic_Variation	qvmata_continuous	846	6	STAY	Continuous_Path_Spaces/Adapted_Quadratic_Variation	
Continuous_Path_Spaces	Adapted_Quadratic_Variation	qvmata_eq_qvmat	885	10	STAY	Continuous_Path_Spaces/Adapted_Quadratic_Variation	
Continuous_Path_Spaces	Adapted_Quadratic_Variation	qvmata_measurable	857	17	STAY	Continuous_Path_Spaces/Adapted_Quadratic_Variation	
Continuous_Path_Spaces	Adapted_Quadratic_Variation	qvmata_zero	852	5	STAY/UNUSED?	Continuous_Path_Spaces/Adapted_Quadratic_Variation	
Continuous_Path_Spaces	Adapted_Quadratic_Variation	qvp_cong	52	5	STAY	Continuous_Path_Spaces/Adapted_Quadratic_Variation	
Continuous_Path_Spaces	Adapted_Quadratic_Variation	qvp_good_ae	329	61	STAY	Continuous_Path_Spaces/Adapted_Quadratic_Variation	
Continuous_Path_Spaces	Adapted_Quadratic_Variation	qvp_good_goodupto	402	5	STAY	Continuous_Path_Spaces/Adapted_Quadratic_Variation	
Continuous_Path_Spaces	Adapted_Quadratic_Variation	qvp_good_nonneg	96	5	STAY	Continuous_Path_Spaces/Adapted_Quadratic_Variation	
Continuous_Path_Spaces	Adapted_Quadratic_Variation	qvp_good_ub	101	10	STAY	Continuous_Path_Spaces/Adapted_Quadratic_Variation	
Continuous_Path_Spaces	Adapted_Quadratic_Variation	qvp_goodupto_cong	779	36	STAY	Continuous_Path_Spaces/Adapted_Quadratic_Variation	
Continuous_Path_Spaces	Adapted_Quadratic_Variation	qvp_goodupto_measurable	705	33	STAY	Continuous_Path_Spaces/Adapted_Quadratic_Variation	
Continuous_Path_Spaces	Adapted_Quadratic_Variation	qvp_goodupto_mono	397	5	STAY	Continuous_Path_Spaces/Adapted_Quadratic_Variation	
Continuous_Path_Spaces	Adapted_Quadratic_Variation	qvp_goodupto_nonneg	407	9	STAY	Continuous_Path_Spaces/Adapted_Quadratic_Variation	
Continuous_Path_Spaces	Adapted_Quadratic_Variation	qvp_goodupto_ub	416	14	STAY	Continuous_Path_Spaces/Adapted_Quadratic_Variation	
Continuous_Path_Spaces	Adapted_Quadratic_Variation	qvp_zero	86	3	STAY/UNUSED?	Continuous_Path_Spaces/Adapted_Quadratic_Variation	
Continuous_Path_Spaces	Adapted_Quadratic_Variation	qvpc_bdd	474	5	STAY	Continuous_Path_Spaces/Adapted_Quadratic_Variation	
Continuous_Path_Spaces	Adapted_Quadratic_Variation	qvpc_drop	442	5	STAY	Continuous_Path_Spaces/Adapted_Quadratic_Variation	
Continuous_Path_Spaces	Adapted_Quadratic_Variation	qvpc_keep	437	5	STAY	Continuous_Path_Spaces/Adapted_Quadratic_Variation	
Continuous_Path_Spaces	Adapted_Quadratic_Variation	qvpc_measurable	738	24	STAY	Continuous_Path_Spaces/Adapted_Quadratic_Variation	
Continuous_Path_Spaces	Adapted_Quadratic_Variation	qvpc_nonneg	447	12	STAY	Continuous_Path_Spaces/Adapted_Quadratic_Variation	
Continuous_Path_Spaces	Adapted_Quadratic_Variation	qvpc_ub	459	15	STAY	Continuous_Path_Spaces/Adapted_Quadratic_Variation	
Continuous_Path_Spaces	Adapted_Quadratic_Variation	qvps_as_Sup	111	44	STAY	Continuous_Path_Spaces/Adapted_Quadratic_Variation	
Continuous_Path_Spaces	Adapted_Quadratic_Variation	qvps_cong	57	29	STAY	Continuous_Path_Spaces/Adapted_Quadratic_Variation	
Continuous_Path_Spaces	Adapted_Quadratic_Variation	qvps_continuous	299	30	STAY/UNUSED?	Continuous_Path_Spaces/Adapted_Quadratic_Variation	
Continuous_Path_Spaces	Adapted_Quadratic_Variation	qvps_mono_lip	155	144	STAY	Continuous_Path_Spaces/Adapted_Quadratic_Variation	
Continuous_Path_Spaces	Adapted_Quadratic_Variation	qvsa_cong	815	25	STAY	Continuous_Path_Spaces/Adapted_Quadratic_Variation	
Continuous_Path_Spaces	Adapted_Quadratic_Variation	qvsa_continuous	624	24	STAY	Continuous_Path_Spaces/Adapted_Quadratic_Variation	
Continuous_Path_Spaces	Adapted_Quadratic_Variation	qvsa_eq_qvps	648	57	STAY	Continuous_Path_Spaces/Adapted_Quadratic_Variation	
Continuous_Path_Spaces	Adapted_Quadratic_Variation	qvsa_lip	531	93	STAY	Continuous_Path_Spaces/Adapted_Quadratic_Variation	
Continuous_Path_Spaces	Adapted_Quadratic_Variation	qvsa_measurable	762	17	STAY	Continuous_Path_Spaces/Adapted_Quadratic_Variation	
Continuous_Path_Spaces	Adapted_Quadratic_Variation	qvsa_mono	506	25	STAY	Continuous_Path_Spaces/Adapted_Quadratic_Variation	
Continuous_Path_Spaces	Adapted_Quadratic_Variation	qvsa_nonneg	484	8	STAY	Continuous_Path_Spaces/Adapted_Quadratic_Variation	
Continuous_Path_Spaces	Adapted_Quadratic_Variation	qvsa_nonpos	492	14	STAY/UNUSED?	Continuous_Path_Spaces/Adapted_Quadratic_Variation	
Continuous_Path_Spaces	Adapted_Quadratic_Variation	qvsa_upper	479	5	STAY	Continuous_Path_Spaces/Adapted_Quadratic_Variation	
Continuous_Path_Spaces	Conditional_UI	cond_exp_family_unif_integrable	121	123	STAY	Continuous_Path_Spaces/Conditional_UI	
Continuous_Path_Spaces	Conditional_UI	integral_abs_small_sets	29	92	STAY	Continuous_Path_Spaces/Conditional_UI	
Continuous_Path_Spaces	Conditional_UI	unif_integrable_cong_AE	244	30	STAY	Continuous_Path_Spaces/Conditional_UI	
Continuous_Path_Spaces	Conditional_UI	unif_integrable_of_averaging	274	15	STAY	Continuous_Path_Spaces/Conditional_UI	
Continuous_Path_Spaces	Dyadic_Chaining	anchor_chain	117	45	STAY	Continuous_Path_Spaces/Dyadic_Chaining	
Continuous_Path_Spaces	Dyadic_Chaining	anchor_chain_step	91	26	STAY	Continuous_Path_Spaces/Dyadic_Chaining	
Continuous_Path_Spaces	Dyadic_Chaining	anchor_gap	162	17	STAY	Continuous_Path_Spaces/Dyadic_Chaining	
Continuous_Path_Spaces	Dyadic_Chaining	anchor_succ_cases	40	17	STAY	Continuous_Path_Spaces/Dyadic_Chaining	
Continuous_Path_Spaces	Dyadic_Chaining	danchor_gt	77	9	STAY	Continuous_Path_Spaces/Dyadic_Chaining	
Continuous_Path_Spaces	Dyadic_Chaining	danchor_le	74	3	STAY	Continuous_Path_Spaces/Dyadic_Chaining	
Continuous_Path_Spaces	Dyadic_Chaining	danchor_mem	60	4	STAY	Continuous_Path_Spaces/Dyadic_Chaining	
Continuous_Path_Spaces	Dyadic_Chaining	danchor_nonneg	86	5	STAY	Continuous_Path_Spaces/Dyadic_Chaining	
Continuous_Path_Spaces	Dyadic_Chaining	danchor_self	64	10	STAY	Continuous_Path_Spaces/Dyadic_Chaining	
Continuous_Path_Spaces	Dyadic_Chaining	dyadic_chaining	179	81	STAY	Continuous_Path_Spaces/Dyadic_Chaining	
Continuous_Path_Spaces	Dyadic_Chaining	dyadic_modulus_extension	260	58	STAY	Continuous_Path_Spaces/Dyadic_Chaining	
Continuous_Path_Spaces	Dyadic_Chaining	floor_double_bounds	28	12	STAY	Continuous_Path_Spaces/Dyadic_Chaining	
Continuous_Path_Spaces	Equicontinuity	holder_bound_norm	46	21	STAY	Continuous_Path_Spaces/Equicontinuity	
Continuous_Path_Spaces	Equicontinuity	holder_equicontinuous	67	44	STAY	Continuous_Path_Spaces/Equicontinuity	
Continuous_Path_Spaces	Equicontinuity	holder_family_subsequence	111	72	STAY	Continuous_Path_Spaces/Equicontinuity	
Continuous_Path_Spaces	Equicontinuity	holder_family_subsequence_dist	183	38	STAY/UNUSED?	Continuous_Path_Spaces/Equicontinuity	
Continuous_Path_Spaces	Equicontinuity	holder_onI_bound	221	16	STAY/UNUSED?	Continuous_Path_Spaces/Equicontinuity	
Continuous_Path_Spaces	Holder_Interpolation	exists_dyadic_level	20	48	STAY	Continuous_Path_Spaces/Holder_Interpolation	
Continuous_Path_Spaces	Holder_Interpolation	holder_of_dyadic_moduli	100	224	STAY	Continuous_Path_Spaces/Holder_Interpolation	
Continuous_Path_Spaces	Holder_Interpolation	lipschitz_imp_holder_bound	324	22	STAY	Continuous_Path_Spaces/Holder_Interpolation	
Continuous_Path_Spaces	Holder_Interpolation	telescope_grid	68	32	STAY	Continuous_Path_Spaces/Holder_Interpolation	
Continuous_Path_Spaces	Increment_Moments	abs_cube_prod_le_pow4	174	13	STAY	Continuous_Path_Spaces/Increment_Moments	
Continuous_Path_Spaces	Increment_Moments	abs_diff_le_two	2273	12	STAY	Continuous_Path_Spaces/Increment_Moments	
Continuous_Path_Spaces	Increment_Moments	abs_prod_cube_le_pow4	187	7	STAY	Continuous_Path_Spaces/Increment_Moments	
Continuous_Path_Spaces	Increment_Moments	abs_prod_le_half_squares	135	7	STAY	Continuous_Path_Spaces/Increment_Moments	
Continuous_Path_Spaces	Increment_Moments	clamp_diff_le_tail_pointwise	2208	32	STAY	Continuous_Path_Spaces/Increment_Moments	
Continuous_Path_Spaces	Increment_Moments	clamp_integral_error	2240	33	STAY	Continuous_Path_Spaces/Increment_Moments	
Continuous_Path_Spaces	Increment_Moments	diffquot_all_of_rational	2347	91	STAY	Continuous_Path_Spaces/Increment_Moments	
Continuous_Path_Spaces	Increment_Moments	diffquot_all_of_rational_ge	2487	94	STAY	Continuous_Path_Spaces/Increment_Moments	
Continuous_Path_Spaces	Increment_Moments	diffquot_lipschitz	2438	49	STAY	Continuous_Path_Spaces/Increment_Moments	
Continuous_Path_Spaces	Increment_Moments	expectation_cond_exp	342	27	STAY	Continuous_Path_Spaces/Increment_Moments	
Continuous_Path_Spaces	Increment_Moments	expectation_increment_sq	52	26	STAY	Continuous_Path_Spaces/Increment_Moments	
Continuous_Path_Spaces	Increment_Moments	expectation_max_sq_tendsto_zero	1478	163	STAY	Continuous_Path_Spaces/Increment_Moments	
Continuous_Path_Spaces	Increment_Moments	four_prod_cube_le	194	18	STAY	Continuous_Path_Spaces/Increment_Moments	
Continuous_Path_Spaces	Increment_Moments	fourth_moment_bound_bounded	2020	98	STAY	Continuous_Path_Spaces/Increment_Moments	
Continuous_Path_Spaces	Increment_Moments	fourth_moment_partition_bound	521	371	STAY	Continuous_Path_Spaces/Increment_Moments	
Continuous_Path_Spaces	Increment_Moments	fourth_power_sum_bound	2300	30	STAY	Continuous_Path_Spaces/Increment_Moments	
Continuous_Path_Spaces	Increment_Moments	increment_second_moment_bound	78	54	STAY/UNUSED?	Continuous_Path_Spaces/Increment_Moments	
Continuous_Path_Spaces	Increment_Moments	integrable_cube_prod	298	21	STAY	Continuous_Path_Spaces/Increment_Moments	
Continuous_Path_Spaces	Increment_Moments	integrable_pow4_diff	236	21	STAY	Continuous_Path_Spaces/Increment_Moments	
Continuous_Path_Spaces	Increment_Moments	integrable_pow4_of_bounded	1641	37	STAY	Continuous_Path_Spaces/Increment_Moments	
Continuous_Path_Spaces	Increment_Moments	integrable_prod_cube	319	23	STAY	Continuous_Path_Spaces/Increment_Moments	
Continuous_Path_Spaces	Increment_Moments	integrable_prod_sq_sq	276	22	STAY	Continuous_Path_Spaces/Increment_Moments	
Continuous_Path_Spaces	Increment_Moments	integrable_sq_diff'	218	18	STAY	Continuous_Path_Spaces/Increment_Moments	
Continuous_Path_Spaces	Increment_Moments	integrable_sq_of_pow4	257	19	STAY	Continuous_Path_Spaces/Increment_Moments	
Continuous_Path_Spaces	Increment_Moments	interval_pow4_le	1073	89	STAY	Continuous_Path_Spaces/Increment_Moments	
Continuous_Path_Spaces	Increment_Moments	interval_sq_eq_dA	895	33	STAY	Continuous_Path_Spaces/Increment_Moments	
Continuous_Path_Spaces	Increment_Moments	interval_sq_le	928	33	STAY	Continuous_Path_Spaces/Increment_Moments	
Continuous_Path_Spaces	Increment_Moments	martingale_expectation_eq	26	26	STAY	Continuous_Path_Spaces/Increment_Moments	
Continuous_Path_Spaces	Increment_Moments	pow4_binomial	212	6	STAY/UNUSED?	Continuous_Path_Spaces/Increment_Moments	
Continuous_Path_Spaces	Increment_Moments	pow4_diff_le	162	12	STAY	Continuous_Path_Spaces/Increment_Moments	
Continuous_Path_Spaces	Increment_Moments	pow4_nonneg	156	6	STAY	Continuous_Path_Spaces/Increment_Moments	
Continuous_Path_Spaces	Increment_Moments	prod_le_K_split	1440	38	STAY	Continuous_Path_Spaces/Increment_Moments	
Continuous_Path_Spaces	Increment_Moments	prod_minus_sq_bound	2285	15	STAY	Continuous_Path_Spaces/Increment_Moments	
Continuous_Path_Spaces	Increment_Moments	prod_sq_le_half_pow4	149	7	STAY	Continuous_Path_Spaces/Increment_Moments	
Continuous_Path_Spaces	Increment_Moments	remainder_tendsto_zero	1678	342	STAY	Continuous_Path_Spaces/Increment_Moments	
Continuous_Path_Spaces	Increment_Moments	second_moment_partition_bound	369	152	STAY	Continuous_Path_Spaces/Increment_Moments	
Continuous_Path_Spaces	Increment_Moments	sq_le_half_add_half_pow4	142	7	STAY	Continuous_Path_Spaces/Increment_Moments	
Continuous_Path_Spaces	Increment_Moments	sq_tail_bound_of_fourth_moment	2137	46	STAY/UNUSED?	Continuous_Path_Spaces/Increment_Moments	
Continuous_Path_Spaces	Increment_Moments	sq_tail_le_fourth_moment_pointwise	2118	19	STAY	Continuous_Path_Spaces/Increment_Moments	
Continuous_Path_Spaces	Increment_Moments	sq_times_sq	892	3	STAY	Continuous_Path_Spaces/Increment_Moments	
Continuous_Path_Spaces	Increment_Moments	sum_pow4_le_max_times_sum	1415	25	STAY	Continuous_Path_Spaces/Increment_Moments	
Continuous_Path_Spaces	Increment_Moments	sum_sq_squared_bound	1162	187	STAY	Continuous_Path_Spaces/Increment_Moments	
Continuous_Path_Spaces	Increment_Moments	tendsto_real_of_approximants	2183	25	STAY	Continuous_Path_Spaces/Increment_Moments	
Continuous_Path_Spaces	Increment_Moments	two_abs_prod_le_squares	132	3	STAY	Continuous_Path_Spaces/Increment_Moments	
Continuous_Path_Spaces	Increment_Moments	upart_diff_le	1391	24	STAY	Continuous_Path_Spaces/Increment_Moments	
Continuous_Path_Spaces	Increment_Moments	upart_ge_s	1369	7	STAY	Continuous_Path_Spaces/Increment_Moments	
Continuous_Path_Spaces	Increment_Moments	upart_le_T	1379	9	STAY	Continuous_Path_Spaces/Increment_Moments	
Continuous_Path_Spaces	Increment_Moments	upart_mem	1388	3	STAY	Continuous_Path_Spaces/Increment_Moments	
Continuous_Path_Spaces	Increment_Moments	upart_mono	1358	11	STAY	Continuous_Path_Spaces/Increment_Moments	
Continuous_Path_Spaces	Increment_Moments	upart_nonneg	1376	3	STAY	Continuous_Path_Spaces/Increment_Moments	
Continuous_Path_Spaces	Increment_Moments	upart_top	1355	3	STAY	Continuous_Path_Spaces/Increment_Moments	
Continuous_Path_Spaces	Increment_Moments	upart_zero	1352	3	STAY/UNUSED?	Continuous_Path_Spaces/Increment_Moments	
Continuous_Path_Spaces	Increment_Moments	vanishes_of_rational	2581	53	STAY	Continuous_Path_Spaces/Increment_Moments	
Continuous_Path_Spaces	Increment_Moments	weighted_interval_bound	961	112	STAY	Continuous_Path_Spaces/Increment_Moments	
Continuous_Path_Spaces	Increment_Moments	zero_le_fourth	2330	17	STAY	Continuous_Path_Spaces/Increment_Moments	
Continuous_Path_Spaces	Increment_Tails	abs_pow4	20	8	STAY	Continuous_Path_Spaces/Increment_Tails	
Continuous_Path_Spaces	Increment_Tails	fourth_moment_bound_subinterval	62	37	STAY	Continuous_Path_Spaces/Increment_Tails	
Continuous_Path_Spaces	Increment_Tails	fourth_moment_tail	28	34	STAY	Continuous_Path_Spaces/Increment_Tails	
Continuous_Path_Spaces	Increment_Tails	partition_max_tail_bound	99	111	STAY/UNUSED?	Continuous_Path_Spaces/Increment_Tails	
Continuous_Path_Spaces	Modulus_Tails	dyadic_bad_event_tail	304	40	STAY/UNUSED?	Continuous_Path_Spaces/Modulus_Tails	
Continuous_Path_Spaces	Modulus_Tails	dyadic_bad_event_tail_mom	207	97	STAY	Continuous_Path_Spaces/Modulus_Tails	
Continuous_Path_Spaces	Modulus_Tails	dyadic_level_tail	127	39	STAY/UNUSED?	Continuous_Path_Spaces/Modulus_Tails	
Continuous_Path_Spaces	Modulus_Tails	dyadic_level_tail_mom	28	99	STAY	Continuous_Path_Spaces/Modulus_Tails	
Continuous_Path_Spaces	Modulus_Tails	geometric_tail_sum_le	344	41	STAY	Continuous_Path_Spaces/Modulus_Tails	
Continuous_Path_Spaces	Modulus_Tails	modulus_of_good_path	385	78	STAY	Continuous_Path_Spaces/Modulus_Tails	
Continuous_Path_Spaces	Modulus_Tails	powr_level_calc	166	21	STAY	Continuous_Path_Spaces/Modulus_Tails	
Continuous_Path_Spaces	Modulus_Tails	powr_ratio_lt_1	187	20	STAY	Continuous_Path_Spaces/Modulus_Tails	
Continuous_Path_Spaces	Path_Space	Icc_rats_dense	217	40	STAY	Continuous_Path_Spaces/Path_Space	
Continuous_Path_Spaces	Path_Space	Lipschitz_path_eval	688	27	STAY	Continuous_Path_Spaces/Path_Space	
Continuous_Path_Spaces	Path_Space	Lipschitz_restrict_path_metric	508	43	STAY	Continuous_Path_Spaces/Path_Space	
Continuous_Path_Spaces	Path_Space	compact_space_Icc	39	3	STAY	Continuous_Path_Spaces/Path_Space	
Continuous_Path_Spaces	Path_Space	compactin_path_holder_ball	108	109	STAY	Continuous_Path_Spaces/Path_Space	
Continuous_Path_Spaces	Path_Space	continuous_map_path_eval	715	18	STAY	Continuous_Path_Spaces/Path_Space	
Continuous_Path_Spaces	Path_Space	le_on_Icc_of_rats	257	15	STAY	Continuous_Path_Spaces/Path_Space	
Continuous_Path_Spaces	Path_Space	mcomplete_path_metric	26	10	STAY	Continuous_Path_Spaces/Path_Space	
Continuous_Path_Spaces	Path_Space	metrizable_Icc	36	3	STAY	Continuous_Path_Spaces/Path_Space	
Continuous_Path_Spaces	Path_Space	metrizable_weak_conv_path_topology	1079	14	STAY	Continuous_Path_Spaces/Path_Space	
Continuous_Path_Spaces	Path_Space	mspace_path_metricD	96	12	STAY	Continuous_Path_Spaces/Path_Space	
Continuous_Path_Spaces	Path_Space	mspace_path_metricI	75	21	STAY	Continuous_Path_Spaces/Path_Space	
Continuous_Path_Spaces	Path_Space	mspace_path_metric_continuous	272	6	STAY	Continuous_Path_Spaces/Path_Space	
Continuous_Path_Spaces	Path_Space	open_eval_preimage	767	16	STAY	Continuous_Path_Spaces/Path_Space	
Continuous_Path_Spaces	Path_Space	open_hit_strictly_before	733	34	STAY/UNUSED?	Continuous_Path_Spaces/Path_Space	
Continuous_Path_Spaces	Path_Space	path_law_restrict	560	47	STAY	Continuous_Path_Spaces/Path_Space	
Continuous_Path_Spaces	Path_Space	path_mdist_le_iff	278	33	STAY	Continuous_Path_Spaces/Path_Space	
Continuous_Path_Spaces	Path_Space	path_mdist_le_iff_all	478	18	STAY	Continuous_Path_Spaces/Path_Space	
Continuous_Path_Spaces	Path_Space	path_metric_polish	56	19	STAY	Continuous_Path_Spaces/Path_Space	
Continuous_Path_Spaces	Path_Space	pathify_measurable	311	136	STAY	Continuous_Path_Spaces/Path_Space	
Continuous_Path_Spaces	Path_Space	prob_space_path_law	459	19	STAY	Continuous_Path_Spaces/Path_Space	
Continuous_Path_Spaces	Path_Space	restrict_measurable_path_borel	551	9	STAY	Continuous_Path_Spaces/Path_Space	
Continuous_Path_Spaces	Path_Space	restrict_mspace_path_metric	496	12	STAY	Continuous_Path_Spaces/Path_Space	
Continuous_Path_Spaces	Path_Space	separable_path_metric	42	14	STAY	Continuous_Path_Spaces/Path_Space	
Continuous_Path_Spaces	Path_Space	sets_path_law	454	5	STAY	Continuous_Path_Spaces/Path_Space	
Continuous_Path_Spaces	Path_Space	weak_conv_closed_full_measure	941	68	STAY	Continuous_Path_Spaces/Path_Space	
Continuous_Path_Spaces	Path_Space	weak_conv_on_nn_integral_le	783	118	STAY	Continuous_Path_Spaces/Path_Space	
Continuous_Path_Spaces	Path_Space	weak_conv_on_prob_space	901	40	STAY	Continuous_Path_Spaces/Path_Space	
Continuous_Path_Spaces	Path_Space	weak_conv_on_pushforward	607	81	STAY	Continuous_Path_Spaces/Path_Space	
Continuous_Path_Spaces	Path_Space	weak_conv_open_positive_eventually	1009	70	STAY	Continuous_Path_Spaces/Path_Space	
Continuous_Path_Spaces	Path_Space_Infinite	ipathI	37	5	STAY	Continuous_Path_Spaces/Path_Space_Infinite	
Continuous_Path_Spaces	Path_Space_Infinite	ipath_continuous_on	42	8	STAY	Continuous_Path_Spaces/Path_Space_Infinite	
Continuous_Path_Spaces	Path_Space_Infinite	ipath_eval_measurable	50	17	STAY	Continuous_Path_Spaces/Path_Space_Infinite	
Continuous_Path_Spaces	Path_Space_Infinite	ipath_gen_subset	26	3	STAY	Continuous_Path_Spaces/Path_Space_Infinite	
Continuous_Path_Spaces	Path_Space_Infinite	ipathify_measurable	104	46	STAY	Continuous_Path_Spaces/Path_Space_Infinite	
Continuous_Path_Spaces	Path_Space_Infinite	restrict_ipath_measurable	75	21	STAY	Continuous_Path_Spaces/Path_Space_Infinite	
Continuous_Path_Spaces	Path_Space_Infinite	restrict_ipath_mspace	67	8	STAY	Continuous_Path_Spaces/Path_Space_Infinite	
Continuous_Path_Spaces	Path_Space_Infinite	sets_ipath_law	100	4	STAY/UNUSED?	Continuous_Path_Spaces/Path_Space_Infinite	
Continuous_Path_Spaces	Path_Space_Infinite	sets_ipath_space	33	4	STAY	Continuous_Path_Spaces/Path_Space_Infinite	
Continuous_Path_Spaces	Path_Space_Infinite	space_ipath_space	29	4	STAY	Continuous_Path_Spaces/Path_Space_Infinite	
Continuous_Path_Spaces	Path_Tightness	continuous_map_path_eval_nth	962	20	STAY	Continuous_Path_Spaces/Path_Tightness	
Continuous_Path_Spaces	Path_Tightness	continuous_map_path_moment	982	9	STAY	Continuous_Path_Spaces/Path_Tightness	
Continuous_Path_Spaces	Path_Tightness	continuous_map_real_diff	955	7	STAY	Continuous_Path_Spaces/Path_Tightness	
Continuous_Path_Spaces	Path_Tightness	dyadic_bad_event_sets	23	38	STAY	Continuous_Path_Spaces/Path_Tightness	
Continuous_Path_Spaces	Path_Tightness	dyadic_bad_event_sets_strict	1840	36	STAY	Continuous_Path_Spaces/Path_Tightness	
Continuous_Path_Spaces	Path_Tightness	dyadic_ext_continuous_on	1596	38	STAY/UNUSED?	Continuous_Path_Spaces/Path_Tightness	
Continuous_Path_Spaces	Path_Tightness	dyadic_ext_continuous_on_all	1797	43	STAY	Continuous_Path_Spaces/Path_Tightness	
Continuous_Path_Spaces	Path_Tightness	dyadic_ext_dist_le	1542	54	STAY	Continuous_Path_Spaces/Path_Tightness	
Continuous_Path_Spaces	Path_Tightness	dyadic_ext_dyadic	1520	22	STAY/UNUSED?	Continuous_Path_Spaces/Path_Tightness	
Continuous_Path_Spaces	Path_Tightness	dyadic_ext_measurable	1989	24	STAY	Continuous_Path_Spaces/Path_Tightness	
Continuous_Path_Spaces	Path_Tightness	dyadic_ext_modification	2090	223	STAY	Continuous_Path_Spaces/Path_Tightness	
Continuous_Path_Spaces	Path_Tightness	dyadic_ext_tendsto	1469	51	STAY	Continuous_Path_Spaces/Path_Tightness	
Continuous_Path_Spaces	Path_Tightness	dyadic_pair_modulus	1369	75	STAY	Continuous_Path_Spaces/Path_Tightness	
Continuous_Path_Spaces	Path_Tightness	flip_measurable	2430	39	STAY/UNUSED?	Continuous_Path_Spaces/Path_Tightness	
Continuous_Path_Spaces	Path_Tightness	holder_const_nonneg	82	10	STAY	Continuous_Path_Spaces/Path_Tightness	
Continuous_Path_Spaces	Path_Tightness	holder_of_good_dyadics	92	35	STAY	Continuous_Path_Spaces/Path_Tightness	
Continuous_Path_Spaces	Path_Tightness	lim_continuous_modification	2313	117	STAY/UNUSED?	Continuous_Path_Spaces/Path_Tightness	
Continuous_Path_Spaces	Path_Tightness	lim_coordinate_measurable	1634	18	STAY	Continuous_Path_Spaces/Path_Tightness	
Continuous_Path_Spaces	Path_Tightness	lim_coordinate_moment_bound	1274	95	STAY/UNUSED?	Continuous_Path_Spaces/Path_Tightness	
Continuous_Path_Spaces	Path_Tightness	lim_coordinate_moment_package	1652	32	STAY	Continuous_Path_Spaces/Path_Tightness	
Continuous_Path_Spaces	Path_Tightness	lim_dyadic_good_AE	1684	113	STAY	Continuous_Path_Spaces/Path_Tightness	
Continuous_Path_Spaces	Path_Tightness	lim_good_set	1876	98	STAY	Continuous_Path_Spaces/Path_Tightness	
Continuous_Path_Spaces	Path_Tightness	lim_vector_coordinate_measurable	1974	15	STAY	Continuous_Path_Spaces/Path_Tightness	
Continuous_Path_Spaces	Path_Tightness	lim_vector_increment_tail	2013	77	STAY	Continuous_Path_Spaces/Path_Tightness	
Continuous_Path_Spaces	Path_Tightness	marginal_map_measurable	1058	16	STAY	Continuous_Path_Spaces/Path_Tightness	
Continuous_Path_Spaces	Path_Tightness	metric_measure_eqI_bounded_cts	2569	113	STAY	Continuous_Path_Spaces/Path_Tightness	
Continuous_Path_Spaces	Path_Tightness	metric_measure_mono_bounded_cts	2682	188	STAY	Continuous_Path_Spaces/Path_Tightness	
Continuous_Path_Spaces	Path_Tightness	modulus_level_choice	1447	22	STAY	Continuous_Path_Spaces/Path_Tightness	
Continuous_Path_Spaces	Path_Tightness	path_law_holder_ball_bound	127	121	STAY	Continuous_Path_Spaces/Path_Tightness	
Continuous_Path_Spaces	Path_Tightness	path_law_holder_ball_bound_vec	384	146	STAY	Continuous_Path_Spaces/Path_Tightness	
Continuous_Path_Spaces	Path_Tightness	path_law_limit_moment_bound	991	67	STAY/UNUSED?	Continuous_Path_Spaces/Path_Tightness	
Continuous_Path_Spaces	Path_Tightness	path_laws_convergent_subsequence	336	48	STAY/UNUSED?	Continuous_Path_Spaces/Path_Tightness	
Continuous_Path_Spaces	Path_Tightness	path_laws_convergent_subsequence_vec	611	47	STAY	Continuous_Path_Spaces/Path_Tightness	
Continuous_Path_Spaces	Path_Tightness	path_laws_diagonal_consistent	795	160	STAY/UNUSED?	Continuous_Path_Spaces/Path_Tightness	
Continuous_Path_Spaces	Path_Tightness	path_laws_diagonal_subsequence	658	137	STAY	Continuous_Path_Spaces/Path_Tightness	
Continuous_Path_Spaces	Path_Tightness	powr_neg_lt_1	61	15	STAY	Continuous_Path_Spaces/Path_Tightness	
Continuous_Path_Spaces	Path_Tightness	projective_limit_of_consistent_path_laws	1074	200	STAY/UNUSED?	Continuous_Path_Spaces/Path_Tightness	
Continuous_Path_Spaces	Path_Tightness	tight_on_set_path_laws	248	88	STAY	Continuous_Path_Spaces/Path_Tightness	
Continuous_Path_Spaces	Path_Tightness	tight_on_set_path_laws_vec	530	81	STAY	Continuous_Path_Spaces/Path_Tightness	
Continuous_Path_Spaces	Path_Tightness	unif_integrable_of_L2_bound	2870	65	STAY	Continuous_Path_Spaces/Path_Tightness	
Continuous_Path_Spaces	Path_Tightness	weak_conv_integral_of_L2_bound	2935	22	STAY	Continuous_Path_Spaces/Path_Tightness	
Continuous_Path_Spaces	Path_Tightness	weak_conv_on_integral_unif_integrable	2469	67	STAY	Continuous_Path_Spaces/Path_Tightness	
Continuous_Path_Spaces	Path_Tightness	weak_conv_on_prob_limit	2536	33	STAY	Continuous_Path_Spaces/Path_Tightness	
Continuous_Path_Spaces	Pathwise_Quadratic_Variation	AE_tendsto_zero_of_summable_sq	265	36	STAY	Continuous_Path_Spaces/Pathwise_Quadratic_Variation	
Continuous_Path_Spaces	Pathwise_Quadratic_Variation	Abnd	455	5	STAY	Continuous_Path_Spaces/Pathwise_Quadratic_Variation	
Continuous_Path_Spaces	Pathwise_Quadratic_Variation	Ainc	450	5	STAY	Continuous_Path_Spaces/Pathwise_Quadratic_Variation	
Continuous_Path_Spaces	Pathwise_Quadratic_Variation	Aint	460	7	STAY	Continuous_Path_Spaces/Pathwise_Quadratic_Variation	
Continuous_Path_Spaces	Pathwise_Quadratic_Variation	Ameas	430	12	STAY	Continuous_Path_Spaces/Pathwise_Quadratic_Variation	
Continuous_Path_Spaces	Pathwise_Quadratic_Variation	Apol_diff	909	15	STAY	Continuous_Path_Spaces/Pathwise_Quadratic_Variation	
Continuous_Path_Spaces	Pathwise_Quadratic_Variation	Apol_eq_form	905	4	STAY/UNUSED?	Continuous_Path_Spaces/Pathwise_Quadratic_Variation	
Continuous_Path_Spaces	Pathwise_Quadratic_Variation	Xinc	467	5	STAY	Continuous_Path_Spaces/Pathwise_Quadratic_Variation	
Continuous_Path_Spaces	Pathwise_Quadratic_Variation	Xmeas	427	3	STAY	Continuous_Path_Spaces/Pathwise_Quadratic_Variation	
Continuous_Path_Spaces	Pathwise_Quadratic_Variation	compensated_increment_second_moment	204	61	STAY	Continuous_Path_Spaces/Pathwise_Quadratic_Variation	
Continuous_Path_Spaces	Pathwise_Quadratic_Variation	compensator_cond_increment	33	49	STAY	Continuous_Path_Spaces/Pathwise_Quadratic_Variation	
Continuous_Path_Spaces	Pathwise_Quadratic_Variation	compsq_int	507	28	STAY	Continuous_Path_Spaces/Pathwise_Quadratic_Variation	
Continuous_Path_Spaces	Pathwise_Quadratic_Variation	cont_on	535	14	STAY	Continuous_Path_Spaces/Pathwise_Quadratic_Variation	
Continuous_Path_Spaces	Pathwise_Quadratic_Variation	dAsq_int	491	16	STAY	Continuous_Path_Spaces/Pathwise_Quadratic_Variation	
Continuous_Path_Spaces	Pathwise_Quadratic_Variation	dyadic_qsum_eq_grid	662	4	STAY	Continuous_Path_Spaces/Pathwise_Quadratic_Variation	
Continuous_Path_Spaces	Pathwise_Quadratic_Variation	dyadic_qsum_eq_qvar	308	6	STAY/UNUSED?	Continuous_Path_Spaces/Pathwise_Quadratic_Variation	
Continuous_Path_Spaces	Pathwise_Quadratic_Variation	dyadic_qsum_measurable	324	15	STAY	Continuous_Path_Spaces/Pathwise_Quadratic_Variation	
Continuous_Path_Spaces	Pathwise_Quadratic_Variation	fourth_abs_mono	189	6	STAY	Continuous_Path_Spaces/Pathwise_Quadratic_Variation	
Continuous_Path_Spaces	Pathwise_Quadratic_Variation	fourth_int	481	10	STAY	Continuous_Path_Spaces/Pathwise_Quadratic_Variation	
Continuous_Path_Spaces	Pathwise_Quadratic_Variation	fourth_mono_abs	173	10	STAY	Continuous_Path_Spaces/Pathwise_Quadratic_Variation	
Continuous_Path_Spaces	Pathwise_Quadratic_Variation	grid_bounds	314	10	STAY	Continuous_Path_Spaces/Pathwise_Quadratic_Variation	
Continuous_Path_Spaces	Pathwise_Quadratic_Variation	increment_second_moment	549	14	STAY	Continuous_Path_Spaces/Pathwise_Quadratic_Variation	
Continuous_Path_Spaces	Pathwise_Quadratic_Variation	inner_mv_axis	827	20	STAY	Continuous_Path_Spaces/Pathwise_Quadratic_Variation	
Continuous_Path_Spaces	Pathwise_Quadratic_Variation	integrable_bounded	442	8	STAY	Continuous_Path_Spaces/Pathwise_Quadratic_Variation	
Continuous_Path_Spaces	Pathwise_Quadratic_Variation	polarised	924	113	STAY	Continuous_Path_Spaces/Pathwise_Quadratic_Variation	
Continuous_Path_Spaces	Pathwise_Quadratic_Variation	qv_dyadic_L2	634	28	STAY	Continuous_Path_Spaces/Pathwise_Quadratic_Variation	
Continuous_Path_Spaces	Pathwise_Quadratic_Variation	qv_grid_L2	608	26	STAY	Continuous_Path_Spaces/Pathwise_Quadratic_Variation	
Continuous_Path_Spaces	Pathwise_Quadratic_Variation	qv_minus_compensator_martingale	82	29	STAY	Continuous_Path_Spaces/Pathwise_Quadratic_Variation	
Continuous_Path_Spaces	Pathwise_Quadratic_Variation	qv_orthogonality	111	56	STAY	Continuous_Path_Spaces/Pathwise_Quadratic_Variation	
Continuous_Path_Spaces	Pathwise_Quadratic_Variation	qvar_grid_sq_int	563	45	STAY	Continuous_Path_Spaces/Pathwise_Quadratic_Variation	
Continuous_Path_Spaces	Pathwise_Quadratic_Variation	qvmat_eq_A	1048	38	STAY	Continuous_Path_Spaces/Pathwise_Quadratic_Variation	
Continuous_Path_Spaces	Pathwise_Quadratic_Variation	qvmat_eq_A_sym	1086	5	STAY/UNUSED?	Continuous_Path_Spaces/Pathwise_Quadratic_Variation	
Continuous_Path_Spaces	Pathwise_Quadratic_Variation	qvmat_measurable	854	24	STAY/UNUSED?	Continuous_Path_Spaces/Pathwise_Quadratic_Variation	
Continuous_Path_Spaces	Pathwise_Quadratic_Variation	qvp_eq_A	707	21	STAY	Continuous_Path_Spaces/Pathwise_Quadratic_Variation	
Continuous_Path_Spaces	Pathwise_Quadratic_Variation	qvp_eq_limI	349	21	STAY	Continuous_Path_Spaces/Pathwise_Quadratic_Variation	
Continuous_Path_Spaces	Pathwise_Quadratic_Variation	qvp_measurable	339	10	STAY	Continuous_Path_Spaces/Pathwise_Quadratic_Variation	
Continuous_Path_Spaces	Pathwise_Quadratic_Variation	qvp_tendsto	666	41	STAY	Continuous_Path_Spaces/Pathwise_Quadratic_Variation	
Continuous_Path_Spaces	Pathwise_Quadratic_Variation	qvps_eq_A	728	85	STAY	Continuous_Path_Spaces/Pathwise_Quadratic_Variation	
Continuous_Path_Spaces	Pathwise_Quadratic_Variation	qvps_measurable	387	22	STAY	Continuous_Path_Spaces/Pathwise_Quadratic_Variation	
Continuous_Path_Spaces	Pathwise_Quadratic_Variation	qvps_nonpos	374	13	STAY/UNUSED?	Continuous_Path_Spaces/Pathwise_Quadratic_Variation	
Continuous_Path_Spaces	Pathwise_Quadratic_Variation	qvps_pol	1037	11	STAY	Continuous_Path_Spaces/Pathwise_Quadratic_Variation	
Continuous_Path_Spaces	Pathwise_Quadratic_Variation	sq_abs_mono	183	6	STAY	Continuous_Path_Spaces/Pathwise_Quadratic_Variation	
Continuous_Path_Spaces	Pathwise_Quadratic_Variation	sq_diff_le_fourth	195	9	STAY	Continuous_Path_Spaces/Pathwise_Quadratic_Variation	
Continuous_Path_Spaces	Pathwise_Quadratic_Variation	sq_mono_abs	167	6	STAY	Continuous_Path_Spaces/Pathwise_Quadratic_Variation	
Continuous_Path_Spaces	Pathwise_Quadratic_Variation	sqint_X	472	9	STAY	Continuous_Path_Spaces/Pathwise_Quadratic_Variation	
Continuous_Path_Spaces	Stopped_Localization	etime_eq_T_of_no_hit	334	23	STAY	Continuous_Path_Spaces/Stopped_Localization	
Continuous_Path_Spaces	Stopped_Localization	fourth_moment_L2	357	212	STAY	Continuous_Path_Spaces/Stopped_Localization	
Continuous_Path_Spaces	Stopped_Localization	fourth_moment_L2_bochner	598	45	STAY	Continuous_Path_Spaces/Stopped_Localization	
Continuous_Path_Spaces	Stopped_Localization	fourth_moment_L2_integrable	569	29	STAY	Continuous_Path_Spaces/Stopped_Localization	
Continuous_Path_Spaces	Stopped_Localization	rate_continuous_on	193	33	STAY	Continuous_Path_Spaces/Stopped_Localization	
Continuous_Path_Spaces	Stopped_Localization	stopped_compensated_square	83	110	STAY	Continuous_Path_Spaces/Stopped_Localization	
Continuous_Path_Spaces	Stopped_Localization	stopped_covariation	226	108	STAY	Continuous_Path_Spaces/Stopped_Localization	
Continuous_Path_Spaces	Stopped_Localization	stopped_martingale_L2	22	61	STAY	Continuous_Path_Spaces/Stopped_Localization	
Continuous_Time_Martingales	Doob_Inequality	Dsup_dominates	876	48	STAY	Continuous_Time_Martingales/Doob_Inequality	
Continuous_Time_Martingales	Doob_Inequality	Dsup_eq_AE	758	8	STAY	Continuous_Time_Martingales/Doob_Inequality	
Continuous_Time_Martingales	Doob_Inequality	Dsup_integrable	769	13	STAY	Continuous_Time_Martingales/Doob_Inequality	
Continuous_Time_Martingales	Doob_Inequality	Dsup_measurable	721	3	STAY/UNUSED?	Continuous_Time_Martingales/Doob_Inequality	
Continuous_Time_Martingales	Doob_Inequality	Dsup_nonneg	766	3	STAY	Continuous_Time_Martingales/Doob_Inequality	
Continuous_Time_Martingales	Doob_Inequality	Dsup_sq_integrable	992	18	STAY	Continuous_Time_Martingales/Doob_Inequality	
Continuous_Time_Martingales	Doob_Inequality	abs_set_integral_mono	86	33	STAY	Continuous_Time_Martingales/Doob_Inequality	
Continuous_Time_Martingales	Doob_Inequality	doob_L2_inequality	364	182	STAY	Continuous_Time_Martingales/Doob_Inequality	
Continuous_Time_Martingales	Doob_Inequality	doob_maximal_inequality	217	45	STAY	Continuous_Time_Martingales/Doob_Inequality	
Continuous_Time_Martingales	Doob_Inequality	doob_maximal_inequality'	262	44	STAY/UNUSED?	Continuous_Time_Martingales/Doob_Inequality	
Continuous_Time_Martingales	Doob_Inequality	dy_floor	800	57	STAY/UNUSED?	Continuous_Time_Martingales/Doob_Inequality	
Continuous_Time_Martingales	Doob_Inequality	dy_floor_tendsto	857	19	STAY	Continuous_Time_Martingales/Doob_Inequality	
Continuous_Time_Martingales	Doob_Inequality	dy_le_u	603	3	STAY	Continuous_Time_Martingales/Doob_Inequality	
Continuous_Time_Martingales	Doob_Inequality	dy_mono	597	3	STAY	Continuous_Time_Martingales/Doob_Inequality	
Continuous_Time_Martingales	Doob_Inequality	dy_nonneg	594	3	STAY	Continuous_Time_Martingales/Doob_Inequality	
Continuous_Time_Martingales	Doob_Inequality	dy_step	606	3	STAY	Continuous_Time_Martingales/Doob_Inequality	
Continuous_Time_Martingales	Doob_Inequality	dy_top	600	3	STAY/UNUSED?	Continuous_Time_Martingales/Doob_Inequality	
Continuous_Time_Martingales	Doob_Inequality	esup_finite_AE	748	10	STAY	Continuous_Time_Martingales/Doob_Inequality	
Continuous_Time_Martingales	Doob_Inequality	esup_measurable	718	3	STAY/UNUSED?	Continuous_Time_Martingales/Doob_Inequality	
Continuous_Time_Martingales	Doob_Inequality	esup_nn_integral_le	724	24	STAY	Continuous_Time_Martingales/Doob_Inequality	
Continuous_Time_Martingales	Doob_Inequality	esup_sq_nn_integral_le	924	68	STAY	Continuous_Time_Martingales/Doob_Inequality	
Continuous_Time_Martingales	Doob_Inequality	grid_doob_L2	554	23	STAY	Continuous_Time_Martingales/Doob_Inequality	
Continuous_Time_Martingales	Doob_Inequality	grid_martingale	609	13	STAY	Continuous_Time_Martingales/Doob_Inequality	
Continuous_Time_Martingales	Doob_Inequality	gsup_L2	673	9	STAY	Continuous_Time_Martingales/Doob_Inequality	
Continuous_Time_Martingales	Doob_Inequality	gsup_ge	628	3	STAY	Continuous_Time_Martingales/Doob_Inequality	
Continuous_Time_Martingales	Doob_Inequality	gsup_integrable	661	12	STAY	Continuous_Time_Martingales/Doob_Inequality	
Continuous_Time_Martingales	Doob_Inequality	gsup_le_Dsup_AE	782	18	STAY	Continuous_Time_Martingales/Doob_Inequality	
Continuous_Time_Martingales	Doob_Inequality	gsup_le_one_plus_sq	652	9	STAY	Continuous_Time_Martingales/Doob_Inequality	
Continuous_Time_Martingales	Doob_Inequality	gsup_mean_le	682	14	STAY	Continuous_Time_Martingales/Doob_Inequality	
Continuous_Time_Martingales	Doob_Inequality	gsup_measurable	631	4	STAY/UNUSED?	Continuous_Time_Martingales/Doob_Inequality	
Continuous_Time_Martingales	Doob_Inequality	gsup_mono	696	16	STAY	Continuous_Time_Martingales/Doob_Inequality	
Continuous_Time_Martingales	Doob_Inequality	gsup_nonneg	625	3	STAY	Continuous_Time_Martingales/Doob_Inequality	
Continuous_Time_Martingales	Doob_Inequality	gsup_sq_integrable	635	17	STAY	Continuous_Time_Martingales/Doob_Inequality	
Continuous_Time_Martingales	Doob_Inequality	hits_Union	182	35	STAY	Continuous_Time_Martingales/Doob_Inequality	
Continuous_Time_Martingales	Doob_Inequality	hits_disjoint	164	18	STAY	Continuous_Time_Martingales/Doob_Inequality	
Continuous_Time_Martingales	Doob_Inequality	hits_sets_F	122	39	STAY	Continuous_Time_Martingales/Doob_Inequality	
Continuous_Time_Martingales	Doob_Inequality	hits_sets_M	161	3	STAY	Continuous_Time_Martingales/Doob_Inequality	
Continuous_Time_Martingales	Doob_Inequality	level_set_sets	361	3	STAY	Continuous_Time_Martingales/Doob_Inequality	
Continuous_Time_Martingales	Doob_Inequality	maxabs_attained	48	7	STAY	Continuous_Time_Martingales/Doob_Inequality	
Continuous_Time_Martingales	Doob_Inequality	maxabs_ge	31	5	STAY	Continuous_Time_Martingales/Doob_Inequality	
Continuous_Time_Martingales	Doob_Inequality	maxabs_ge_iff	36	9	STAY	Continuous_Time_Martingales/Doob_Inequality	
Continuous_Time_Martingales	Doob_Inequality	maxabs_meas_X	306	3	STAY/UNUSED?	Continuous_Time_Martingales/Doob_Inequality	
Continuous_Time_Martingales	Doob_Inequality	maxabs_measurable	55	7	STAY	Continuous_Time_Martingales/Doob_Inequality	
Continuous_Time_Martingales	Doob_Inequality	maxabs_nonneg	45	3	STAY	Continuous_Time_Martingales/Doob_Inequality	
Continuous_Time_Martingales	Doob_Inequality	maxabs_prod_integrable	332	29	STAY	Continuous_Time_Martingales/Doob_Inequality	
Continuous_Time_Martingales	Doob_Inequality	maxabs_sq_integrable	320	12	STAY	Continuous_Time_Martingales/Doob_Inequality	
Continuous_Time_Martingales	Doob_Inequality	maxabs_sq_le_sum	309	11	STAY	Continuous_Time_Martingales/Doob_Inequality	
Continuous_Time_Martingales	Doob_Inequality	set_integrable_abs_X	78	8	STAY	Continuous_Time_Martingales/Doob_Inequality	
Continuous_Time_Martingales	Doob_Inequality	sets_F_M	70	8	STAY	Continuous_Time_Martingales/Doob_Inequality	
Continuous_Time_Martingales	Integrability_Criteria	bm_prj_measurable	743	6	STAY	Continuous_Time_Martingales/Integrability_Criteria	
Continuous_Time_Martingales	Integrability_Criteria	bounded_measurable_integrable	435	7	STAY	Continuous_Time_Martingales/Integrability_Criteria	
Continuous_Time_Martingales	Integrability_Criteria	cInf_mult_pos	24	37	STAY	Continuous_Time_Martingales/Integrability_Criteria	
Continuous_Time_Martingales	Integrability_Criteria	cInf_shift_real	524	33	STAY	Continuous_Time_Martingales/Integrability_Criteria	
Continuous_Time_Martingales	Integrability_Criteria	clamp_integrable	442	10	STAY	Continuous_Time_Martingales/Integrability_Criteria	
Continuous_Time_Martingales	Integrability_Criteria	ennreal_Sup_image	476	32	STAY	Continuous_Time_Martingales/Integrability_Criteria	
Continuous_Time_Martingales	Integrability_Criteria	ennreal_min_eq	508	16	STAY	Continuous_Time_Martingales/Integrability_Criteria	
Continuous_Time_Martingales	Integrability_Criteria	exp_neg_time_integrable	352	18	STAY	Continuous_Time_Martingales/Integrability_Criteria	
Continuous_Time_Martingales	Integrability_Criteria	exp_neg_time_integral_lower	370	38	STAY	Continuous_Time_Martingales/Integrability_Criteria	
Continuous_Time_Martingales	Integrability_Criteria	fst_coord_borel	731	12	STAY	Continuous_Time_Martingales/Integrability_Criteria	
Continuous_Time_Martingales	Integrability_Criteria	indep_var_PiM_components	96	212	STAY	Continuous_Time_Martingales/Integrability_Criteria	
Continuous_Time_Martingales	Integrability_Criteria	indep_var_distr_iff	61	35	STAY	Continuous_Time_Martingales/Integrability_Criteria	
Continuous_Time_Martingales	Integrability_Criteria	indep_vars_cong_sets	701	30	STAY	Continuous_Time_Martingales/Integrability_Criteria	
Continuous_Time_Martingales	Integrability_Criteria	integrable_cmult	582	11	STAY	Continuous_Time_Martingales/Integrability_Criteria	
Continuous_Time_Martingales	Integrability_Criteria	integrable_mult_of_sq	557	25	STAY	Continuous_Time_Martingales/Integrability_Criteria	
Continuous_Time_Martingales	Integrability_Criteria	integrable_of_sq_integrable	408	27	STAY	Continuous_Time_Martingales/Integrability_Criteria	
Continuous_Time_Martingales	Integrability_Criteria	integral_cmult	593	11	STAY	Continuous_Time_Martingales/Integrability_Criteria	
Continuous_Time_Martingales	Integrability_Criteria	integral_pos_of_AE_pos	604	97	STAY	Continuous_Time_Martingales/Integrability_Criteria	
Continuous_Time_Martingales	Integrability_Criteria	pair_fst_borel	749	4	STAY	Continuous_Time_Martingales/Integrability_Criteria	
Continuous_Time_Martingales	Integrability_Criteria	pair_snd_borel	753	6	STAY	Continuous_Time_Martingales/Integrability_Criteria	
Continuous_Time_Martingales	Integrability_Criteria	set_integral_at_origin	324	28	STAY	Continuous_Time_Martingales/Integrability_Criteria	
Continuous_Time_Martingales	Integrability_Criteria	set_integral_lborel_singleton	308	16	STAY/UNUSED?	Continuous_Time_Martingales/Integrability_Criteria	
Continuous_Time_Martingales	Integrability_Criteria	tail_indicator_measurable	452	12	STAY	Continuous_Time_Martingales/Integrability_Criteria	
Continuous_Time_Martingales	Integrability_Criteria	tail_integrable	464	12	STAY	Continuous_Time_Martingales/Integrability_Criteria	
Continuous_Time_Martingales	Martingale_Algebra	integrable_mat_entries	591	28	STAY	Continuous_Time_Martingales/Martingale_Algebra	
Continuous_Time_Martingales	Martingale_Algebra	integrable_vec_components	477	23	STAY	Continuous_Time_Martingales/Martingale_Algebra	
Continuous_Time_Martingales	Martingale_Algebra	integral_of_bounded_linear	305	14	STAY	Continuous_Time_Martingales/Martingale_Algebra	
Continuous_Time_Martingales	Martingale_Algebra	martingale_add	20	39	STAY	Continuous_Time_Martingales/Martingale_Algebra	
Continuous_Time_Martingales	Martingale_Algebra	martingale_add_const	59	13	STAY	Continuous_Time_Martingales/Martingale_Algebra	
Continuous_Time_Martingales	Martingale_Algebra	martingale_bounded_linear_image	338	41	STAY	Continuous_Time_Martingales/Martingale_Algebra	
Continuous_Time_Martingales	Martingale_Algebra	martingale_bounded_test	930	58	STAY	Continuous_Time_Martingales/Martingale_Algebra	
Continuous_Time_Martingales	Martingale_Algebra	martingale_coarser_filtration	268	37	STAY/UNUSED?	Continuous_Time_Martingales/Martingale_Algebra	
Continuous_Time_Martingales	Martingale_Algebra	martingale_cong_AE	152	37	STAY	Continuous_Time_Martingales/Martingale_Algebra	
Continuous_Time_Martingales	Martingale_Algebra	martingale_cong_ge	125	27	STAY	Continuous_Time_Martingales/Martingale_Algebra	
Continuous_Time_Martingales	Martingale_Algebra	martingale_cross_measurable	811	39	STAY	Continuous_Time_Martingales/Martingale_Algebra	
Continuous_Time_Martingales	Martingale_Algebra	martingale_diff	72	30	STAY	Continuous_Time_Martingales/Martingale_Algebra	
Continuous_Time_Martingales	Martingale_Algebra	martingale_matI	640	62	STAY	Continuous_Time_Martingales/Martingale_Algebra	
Continuous_Time_Martingales	Martingale_Algebra	martingale_mat_component	702	52	STAY	Continuous_Time_Martingales/Martingale_Algebra	
Continuous_Time_Martingales	Martingale_Algebra	martingale_mat_nth	385	15	STAY	Continuous_Time_Martingales/Martingale_Algebra	
Continuous_Time_Martingales	Martingale_Algebra	martingale_mean_zero_of_start	903	27	STAY	Continuous_Time_Martingales/Martingale_Algebra	
Continuous_Time_Martingales	Martingale_Algebra	martingale_mult_measurable	754	57	STAY	Continuous_Time_Martingales/Martingale_Algebra	
Continuous_Time_Martingales	Martingale_Algebra	martingale_stopped_const	850	53	STAY	Continuous_Time_Martingales/Martingale_Algebra	
Continuous_Time_Martingales	Martingale_Algebra	martingale_sub_initial	102	23	STAY	Continuous_Time_Martingales/Martingale_Algebra	
Continuous_Time_Martingales	Martingale_Algebra	martingale_time_change	189	36	STAY	Continuous_Time_Martingales/Martingale_Algebra	
Continuous_Time_Martingales	Martingale_Algebra	martingale_time_change_cong	225	43	STAY	Continuous_Time_Martingales/Martingale_Algebra	
Continuous_Time_Martingales	Martingale_Algebra	martingale_vecI	500	69	STAY	Continuous_Time_Martingales/Martingale_Algebra	
Continuous_Time_Martingales	Martingale_Algebra	martingale_vec_component	417	48	STAY	Continuous_Time_Martingales/Martingale_Algebra	
Continuous_Time_Martingales	Martingale_Algebra	martingale_vec_nth	379	6	STAY	Continuous_Time_Martingales/Martingale_Algebra	
Continuous_Time_Martingales	Martingale_Algebra	mat_Basis_cases	574	6	STAY	Continuous_Time_Martingales/Martingale_Algebra	
Continuous_Time_Martingales	Martingale_Algebra	mat_inner_axis	569	5	STAY	Continuous_Time_Martingales/Martingale_Algebra	
Continuous_Time_Martingales	Martingale_Algebra	measurable_mat_entries	580	11	STAY	Continuous_Time_Martingales/Martingale_Algebra	
Continuous_Time_Martingales	Martingale_Algebra	measurable_vec_components	465	12	STAY	Continuous_Time_Martingales/Martingale_Algebra	
Continuous_Time_Martingales	Martingale_Algebra	set_integral_mat_component	619	21	STAY	Continuous_Time_Martingales/Martingale_Algebra	
Continuous_Time_Martingales	Martingale_Algebra	set_integral_of_bounded_linear	319	19	STAY	Continuous_Time_Martingales/Martingale_Algebra	
Continuous_Time_Martingales	Martingale_Algebra	set_integral_vec_component	400	17	STAY	Continuous_Time_Martingales/Martingale_Algebra	
Continuous_Time_Martingales	Martingale_Transfer	adapted_process_restrict_full	980	16	STAY	Continuous_Time_Martingales/Martingale_Transfer	
Continuous_Time_Martingales	Martingale_Transfer	distr_pair_snd	154	22	STAY	Continuous_Time_Martingales/Martingale_Transfer	
Continuous_Time_Martingales	Martingale_Transfer	distr_restrict_full	879	26	STAY	Continuous_Time_Martingales/Martingale_Transfer	
Continuous_Time_Martingales	Martingale_Transfer	emeasure_restrict_full	827	11	STAY	Continuous_Time_Martingales/Martingale_Transfer	
Continuous_Time_Martingales	Martingale_Transfer	filtered_measure_PiM	455	39	STAY	Continuous_Time_Martingales/Martingale_Transfer	
Continuous_Time_Martingales	Martingale_Transfer	filtered_measure_pair	53	30	STAY	Continuous_Time_Martingales/Martingale_Transfer	
Continuous_Time_Martingales	Martingale_Transfer	filtered_measure_restrict_full	929	30	STAY	Continuous_Time_Martingales/Martingale_Transfer	
Continuous_Time_Martingales	Martingale_Transfer	integrable_restrict_full	851	11	STAY	Continuous_Time_Martingales/Martingale_Transfer	
Continuous_Time_Martingales	Martingale_Transfer	integrable_uniform_measureI	709	23	STAY	Continuous_Time_Martingales/Martingale_Transfer	
Continuous_Time_Martingales	Martingale_Transfer	integral_restrict_full	862	17	STAY	Continuous_Time_Martingales/Martingale_Transfer	
Continuous_Time_Martingales	Martingale_Transfer	integral_uniform_measure_eq	695	14	STAY	Continuous_Time_Martingales/Martingale_Transfer	
Continuous_Time_Martingales	Martingale_Transfer	martingale_PiM_component	556	115	STAY	Continuous_Time_Martingales/Martingale_Transfer	
Continuous_Time_Martingales	Martingale_Transfer	martingale_distr	494	62	STAY	Continuous_Time_Martingales/Martingale_Transfer	
Continuous_Time_Martingales	Martingale_Transfer	martingale_pair_fst	83	71	STAY	Continuous_Time_Martingales/Martingale_Transfer	
Continuous_Time_Martingales	Martingale_Transfer	martingale_pair_mult	283	147	STAY	Continuous_Time_Martingales/Martingale_Transfer	
Continuous_Time_Martingales	Martingale_Transfer	martingale_pair_snd	246	37	STAY	Continuous_Time_Martingales/Martingale_Transfer	
Continuous_Time_Martingales	Martingale_Transfer	martingale_pair_snd_param	176	70	STAY	Continuous_Time_Martingales/Martingale_Transfer	
Continuous_Time_Martingales	Martingale_Transfer	martingale_restrict_full	996	42	STAY	Continuous_Time_Martingales/Martingale_Transfer	
Continuous_Time_Martingales	Martingale_Transfer	martingale_uniform_measure	752	62	STAY	Continuous_Time_Martingales/Martingale_Transfer	
Continuous_Time_Martingales	Martingale_Transfer	prob_space_pair_measure	29	10	STAY	Continuous_Time_Martingales/Martingale_Transfer	
Continuous_Time_Martingales	Martingale_Transfer	prob_space_restrict_full	838	13	STAY	Continuous_Time_Martingales/Martingale_Transfer	
Continuous_Time_Martingales	Martingale_Transfer	set_integral_restrict_full	905	24	STAY	Continuous_Time_Martingales/Martingale_Transfer	
Continuous_Time_Martingales	Martingale_Transfer	set_integral_uniform_measure_eq	732	20	STAY	Continuous_Time_Martingales/Martingale_Transfer	
Continuous_Time_Martingales	Martingale_Transfer	sets_PiM_mono	430	25	STAY	Continuous_Time_Martingales/Martingale_Transfer	
Continuous_Time_Martingales	Martingale_Transfer	sets_pair_measure_mono	39	14	STAY	Continuous_Time_Martingales/Martingale_Transfer	
Continuous_Time_Martingales	Martingale_Transfer	sets_restrict_full	824	3	STAY	Continuous_Time_Martingales/Martingale_Transfer	
Continuous_Time_Martingales	Martingale_Transfer	sigma_finite_filtered_measure_restrict_full	959	21	STAY	Continuous_Time_Martingales/Martingale_Transfer	
Continuous_Time_Martingales	Martingale_Transfer	space_restrict_full	821	3	STAY	Continuous_Time_Martingales/Martingale_Transfer	
Continuous_Time_Martingales	Martingale_Transfer	uniform_measure_density_real	671	24	STAY	Continuous_Time_Martingales/Martingale_Transfer	
Continuous_Time_Martingales	Modification_Transfer	Int_stable_cylset	48	21	STAY	Continuous_Time_Martingales/Modification_Transfer	
Continuous_Time_Martingales	Modification_Transfer	adapted_of_natural_filtration	647	24	STAY	Continuous_Time_Martingales/Modification_Transfer	
Continuous_Time_Martingales	Modification_Transfer	cylset_in_natural_filtration	69	36	STAY	Continuous_Time_Martingales/Modification_Transfer	
Continuous_Time_Martingales	Modification_Transfer	cylset_indicator_AE_eq	131	28	STAY	Continuous_Time_Martingales/Modification_Transfer	
Continuous_Time_Martingales	Modification_Transfer	cylset_single	36	9	STAY	Continuous_Time_Martingales/Modification_Transfer	
Continuous_Time_Martingales	Modification_Transfer	cylset_subset_Pow	45	3	STAY	Continuous_Time_Martingales/Modification_Transfer	
Continuous_Time_Martingales	Modification_Transfer	martingale_of_modification_gen	527	120	STAY	Continuous_Time_Martingales/Modification_Transfer	
Continuous_Time_Martingales	Modification_Transfer	martingale_of_modification_vec	380	147	STAY	Continuous_Time_Martingales/Modification_Transfer	
Continuous_Time_Martingales	Modification_Transfer	set_integral_zero_transfer	159	221	STAY	Continuous_Time_Martingales/Modification_Transfer	
Continuous_Time_Martingales	Modification_Transfer	sets_natural_filtration_subset	671	12	STAY	Continuous_Time_Martingales/Modification_Transfer	
Continuous_Time_Martingales	Modification_Transfer	sigma_sets_cylset	105	26	STAY	Continuous_Time_Martingales/Modification_Transfer	
Continuous_Time_Martingales	Moment_Bounds	fourth_moment_of_compensated	65	35	STAY/UNUSED?	Continuous_Time_Martingales/Moment_Bounds	
Continuous_Time_Martingales	Moment_Bounds	integral_square_le_of_bound	36	29	STAY	Continuous_Time_Martingales/Moment_Bounds	
Continuous_Time_Martingales	Moment_Bounds	square_add_le_two	29	7	STAY	Continuous_Time_Martingales/Moment_Bounds	
Continuous_Time_Martingales	Natural_Filtration	AE_mem_of_emeasure_1	192	10	STAY	Continuous_Time_Martingales/Natural_Filtration	
Continuous_Time_Martingales	Natural_Filtration	AE_nonpos_of_set_integral_zero	77	24	STAY	Continuous_Time_Martingales/Natural_Filtration	
Continuous_Time_Martingales	Natural_Filtration	AE_zero_of_set_integral_zero	101	32	STAY	Continuous_Time_Martingales/Natural_Filtration	
Continuous_Time_Martingales	Natural_Filtration	natural_filtration_cong_space	64	7	STAY	Continuous_Time_Martingales/Natural_Filtration	
Continuous_Time_Martingales	Natural_Filtration	natural_filtration_eval	49	9	STAY	Continuous_Time_Martingales/Natural_Filtration	
Continuous_Time_Martingales	Natural_Filtration	natural_filtration_pull	25	24	STAY	Continuous_Time_Martingales/Natural_Filtration	
Continuous_Time_Martingales	Natural_Filtration	set_integral_zero_of_generator	133	59	STAY	Continuous_Time_Martingales/Natural_Filtration	
Continuous_Time_Martingales	Natural_Filtration	sets_natural_filtration_mono	58	6	STAY	Continuous_Time_Martingales/Natural_Filtration	
Continuous_Time_Martingales	Natural_Filtration	subalgebra_self	71	6	STAY	Continuous_Time_Martingales/Natural_Filtration	
Continuous_Time_Martingales	Optional_Sampling	Least_dgrid_le_iff	531	13	STAY	Continuous_Time_Martingales/Optional_Sampling	
Continuous_Time_Martingales	Optional_Sampling	Least_dgrid_le_iff2	652	14	STAY	Continuous_Time_Martingales/Optional_Sampling	
Continuous_Time_Martingales	Optional_Sampling	Tgt_sets_F	50	8	STAY	Continuous_Time_Martingales/Optional_Sampling	
Continuous_Time_Martingales	Optional_Sampling	Tgt_sets_M	58	10	STAY	Continuous_Time_Martingales/Optional_Sampling	
Continuous_Time_Martingales	Optional_Sampling	Tidx_ge	353	3	STAY	Continuous_Time_Martingales/Optional_Sampling	
Continuous_Time_Martingales	Optional_Sampling	Tidx_le_iff	356	14	STAY	Continuous_Time_Martingales/Optional_Sampling	
Continuous_Time_Martingales	Optional_Sampling	Tidx_stopping	382	8	STAY	Continuous_Time_Martingales/Optional_Sampling	
Continuous_Time_Martingales	Optional_Sampling	Y_integrable	44	3	STAY	Continuous_Time_Martingales/Optional_Sampling	
Continuous_Time_Martingales	Optional_Sampling	dceil_ge	677	15	STAY	Continuous_Time_Martingales/Optional_Sampling	
Continuous_Time_Martingales	Optional_Sampling	dceil_grid	646	3	STAY/UNUSED?	Continuous_Time_Martingales/Optional_Sampling	
Continuous_Time_Martingales	Optional_Sampling	dceil_le	692	38	STAY	Continuous_Time_Martingales/Optional_Sampling	
Continuous_Time_Martingales	Optional_Sampling	dceil_le_u	669	8	STAY	Continuous_Time_Martingales/Optional_Sampling	
Continuous_Time_Martingales	Optional_Sampling	dceil_nonneg	666	3	STAY	Continuous_Time_Martingales/Optional_Sampling	
Continuous_Time_Martingales	Optional_Sampling	dceil_tendsto	730	20	STAY	Continuous_Time_Martingales/Optional_Sampling	
Continuous_Time_Martingales	Optional_Sampling	dcidx_le	643	3	STAY	Continuous_Time_Martingales/Optional_Sampling	
Continuous_Time_Martingales	Optional_Sampling	dgrid_0	495	3	STAY/UNUSED?	Continuous_Time_Martingales/Optional_Sampling	
Continuous_Time_Martingales	Optional_Sampling	dgrid_Suc	516	3	STAY	Continuous_Time_Martingales/Optional_Sampling	
Continuous_Time_Martingales	Optional_Sampling	dgrid_le_iff	504	9	STAY	Continuous_Time_Martingales/Optional_Sampling	
Continuous_Time_Martingales	Optional_Sampling	dgrid_mono	513	3	STAY	Continuous_Time_Martingales/Optional_Sampling	
Continuous_Time_Martingales	Optional_Sampling	dgrid_nonneg	501	3	STAY	Continuous_Time_Martingales/Optional_Sampling	
Continuous_Time_Martingales	Optional_Sampling	dgrid_top	498	3	STAY/UNUSED?	Continuous_Time_Martingales/Optional_Sampling	
Continuous_Time_Martingales	Optional_Sampling	dgrid_unbounded	519	12	STAY	Continuous_Time_Martingales/Optional_Sampling	
Continuous_Time_Martingales	Optional_Sampling	dtime_eq_dceil	649	3	STAY/UNUSED?	Continuous_Time_Martingales/Optional_Sampling	
Continuous_Time_Martingales	Optional_Sampling	dtime_ge	556	17	STAY	Continuous_Time_Martingales/Optional_Sampling	
Continuous_Time_Martingales	Optional_Sampling	dtime_le	573	40	STAY	Continuous_Time_Martingales/Optional_Sampling	
Continuous_Time_Martingales	Optional_Sampling	dtime_le_iff	552	4	STAY	Continuous_Time_Martingales/Optional_Sampling	
Continuous_Time_Martingales	Optional_Sampling	dtime_le_u	547	5	STAY	Continuous_Time_Martingales/Optional_Sampling	
Continuous_Time_Martingales	Optional_Sampling	dtime_nonneg	544	3	STAY	Continuous_Time_Martingales/Optional_Sampling	
Continuous_Time_Martingales	Optional_Sampling	dtime_tendsto	613	24	STAY	Continuous_Time_Martingales/Optional_Sampling	
Continuous_Time_Martingales	Optional_Sampling	dyadic_expectation	790	9	STAY	Continuous_Time_Martingales/Optional_Sampling	
Continuous_Time_Martingales	Optional_Sampling	dyadic_integrable	799	10	STAY	Continuous_Time_Martingales/Optional_Sampling	
Continuous_Time_Martingales	Optional_Sampling	inc_integrable	71	9	STAY	Continuous_Time_Martingales/Optional_Sampling	
Continuous_Time_Martingales	Optional_Sampling	inc_set_zero	207	19	STAY	Continuous_Time_Martingales/Optional_Sampling	
Continuous_Time_Martingales	Optional_Sampling	inc_zero	131	6	STAY	Continuous_Time_Martingales/Optional_Sampling	
Continuous_Time_Martingales	Optional_Sampling	ind_inc_integrable	226	9	STAY	Continuous_Time_Martingales/Optional_Sampling	
Continuous_Time_Martingales	Optional_Sampling	indicator_times_integrable	80	8	STAY/UNUSED?	Continuous_Time_Martingales/Optional_Sampling	
Continuous_Time_Martingales	Optional_Sampling	optional_sampling	809	48	STAY	Continuous_Time_Martingales/Optional_Sampling	
Continuous_Time_Martingales	Optional_Sampling	optional_stopping	1080	80	STAY	Continuous_Time_Martingales/Optional_Sampling	
Continuous_Time_Martingales	Optional_Sampling	set_incr_integrable	88	13	STAY	Continuous_Time_Martingales/Optional_Sampling	
Continuous_Time_Martingales	Optional_Sampling	set_incr_zero	101	30	STAY	Continuous_Time_Martingales/Optional_Sampling	
Continuous_Time_Martingales	Optional_Sampling	set_optional_sampling	857	192	STAY	Continuous_Time_Martingales/Optional_Sampling	
Continuous_Time_Martingales	Optional_Sampling	set_simple_optional_sampling	438	20	STAY	Continuous_Time_Martingales/Optional_Sampling	
Continuous_Time_Martingales	Optional_Sampling	set_stopped_expectation	235	57	STAY	Continuous_Time_Martingales/Optional_Sampling	
Continuous_Time_Martingales	Optional_Sampling	set_stopped_expectation'	292	7	STAY	Continuous_Time_Martingales/Optional_Sampling	
Continuous_Time_Martingales	Optional_Sampling	simple_dyadic	750	40	STAY	Continuous_Time_Martingales/Optional_Sampling	
Continuous_Time_Martingales	Optional_Sampling	simple_optional_sampling	412	12	STAY	Continuous_Time_Martingales/Optional_Sampling	
Continuous_Time_Martingales	Optional_Sampling	simple_stopped_integrable	424	14	STAY	Continuous_Time_Martingales/Optional_Sampling	
Continuous_Time_Martingales	Optional_Sampling	stopped_eq_sum	137	35	STAY	Continuous_Time_Martingales/Optional_Sampling	
Continuous_Time_Martingales	Optional_Sampling	stopped_expectation	183	24	STAY	Continuous_Time_Martingales/Optional_Sampling	
Continuous_Time_Martingales	Optional_Sampling	stopped_integrable	172	11	STAY	Continuous_Time_Martingales/Optional_Sampling	
Continuous_Time_Martingales	Optional_Sampling	stopped_integrable	1049	18	STAY	Continuous_Time_Martingales/Optional_Sampling	
Continuous_Time_Martingales	Optional_Sampling	t_Tidx	370	12	STAY	Continuous_Time_Martingales/Optional_Sampling	
Continuous_Time_Martingales	Optional_Sampling	t_min_Tidx	394	18	STAY	Continuous_Time_Martingales/Optional_Sampling	
Continuous_Time_Martingales	Optional_Sampling	tau_ex	350	3	STAY	Continuous_Time_Martingales/Optional_Sampling	
Continuous_Time_Martingales	Quadratic_Variation	Tgt_iff	401	3	STAY/UNUSED?	Continuous_Time_Martingales/Quadratic_Variation	
Continuous_Time_Martingales	Quadratic_Variation	Tgt_sets_F	404	8	STAY	Continuous_Time_Martingales/Quadratic_Variation	
Continuous_Time_Martingales	Quadratic_Variation	Tgt_sets_M	412	7	STAY	Continuous_Time_Martingales/Quadratic_Variation	
Continuous_Time_Martingales	Quadratic_Variation	X_integrable	123	3	STAY	Continuous_Time_Martingales/Quadratic_Variation	
Continuous_Time_Martingales	Quadratic_Variation	X_measurable	131	5	STAY	Continuous_Time_Martingales/Quadratic_Variation	
Continuous_Time_Martingales	Quadratic_Variation	X_measurable_F	126	5	STAY	Continuous_Time_Martingales/Quadratic_Variation	
Continuous_Time_Martingales	Quadratic_Variation	abs_prod_le_sq	46	18	STAY	Continuous_Time_Martingales/Quadratic_Variation	
Continuous_Time_Martingales	Quadratic_Variation	cross_cond_exp_zero	202	30	STAY	Continuous_Time_Martingales/Quadratic_Variation	
Continuous_Time_Martingales	Quadratic_Variation	cross_integrable	189	13	STAY	Continuous_Time_Martingales/Quadratic_Variation	
Continuous_Time_Martingales	Quadratic_Variation	expectation_sq_mono	323	11	STAY	Continuous_Time_Martingales/Quadratic_Variation	
Continuous_Time_Martingales	Quadratic_Variation	expectation_sq_qvar	283	40	STAY	Continuous_Time_Martingales/Quadratic_Variation	
Continuous_Time_Martingales	Quadratic_Variation	incr_integrable	186	3	STAY	Continuous_Time_Martingales/Quadratic_Variation	
Continuous_Time_Martingales	Quadratic_Variation	incr_sq_integrable	136	25	STAY	Continuous_Time_Martingales/Quadratic_Variation	
Continuous_Time_Martingales	Quadratic_Variation	ind_Tgt_measurable_F	419	9	STAY	Continuous_Time_Martingales/Quadratic_Variation	
Continuous_Time_Martingales	Quadratic_Variation	integrable_prod_of_squares	64	29	STAY	Continuous_Time_Martingales/Quadratic_Variation	
Continuous_Time_Martingales	Quadratic_Variation	martingale_stopped	551	43	STAY	Continuous_Time_Martingales/Quadratic_Variation	
Continuous_Time_Martingales	Quadratic_Variation	qvar_Suc	99	3	STAY	Continuous_Time_Martingales/Quadratic_Variation	
Continuous_Time_Martingales	Quadratic_Variation	qvar_compensates	232	51	STAY	Continuous_Time_Martingales/Quadratic_Variation	
Continuous_Time_Martingales	Quadratic_Variation	qvar_integrable	161	4	STAY	Continuous_Time_Martingales/Quadratic_Variation	
Continuous_Time_Martingales	Quadratic_Variation	qvar_measurable_F	165	12	STAY	Continuous_Time_Martingales/Quadratic_Variation	
Continuous_Time_Martingales	Quadratic_Variation	qvar_mono	105	7	STAY	Continuous_Time_Martingales/Quadratic_Variation	
Continuous_Time_Martingales	Quadratic_Variation	qvar_nonneg	102	3	STAY/UNUSED?	Continuous_Time_Martingales/Quadratic_Variation	
Continuous_Time_Martingales	Quadratic_Variation	qvar_stopped	368	24	STAY	Continuous_Time_Martingales/Quadratic_Variation	
Continuous_Time_Martingales	Quadratic_Variation	qvar_zero	96	3	STAY/UNUSED?	Continuous_Time_Martingales/Quadratic_Variation	
Continuous_Time_Martingales	Quadratic_Variation	sq_diff_le	32	14	STAY	Continuous_Time_Martingales/Quadratic_Variation	
Continuous_Time_Martingales	Quadratic_Variation	sq_int_martingale_stopped	594	14	STAY	Continuous_Time_Martingales/Quadratic_Variation	
Continuous_Time_Martingales	Quadratic_Variation	sq_measurable_F	177	9	STAY	Continuous_Time_Martingales/Quadratic_Variation	
Continuous_Time_Martingales	Quadratic_Variation	stopped_0	347	3	STAY/UNUSED?	Continuous_Time_Martingales/Quadratic_Variation	
Continuous_Time_Martingales	Quadratic_Variation	stopped_expectation_sq_qvar	608	18	STAY	Continuous_Time_Martingales/Quadratic_Variation	
Continuous_Time_Martingales	Quadratic_Variation	stopped_incr	350	18	STAY	Continuous_Time_Martingales/Quadratic_Variation	
Continuous_Time_Martingales	Quadratic_Variation	stopped_incr_ind	428	25	STAY	Continuous_Time_Martingales/Quadratic_Variation	
Continuous_Time_Martingales	Quadratic_Variation	stopped_incr_integrable	538	13	STAY	Continuous_Time_Martingales/Quadratic_Variation	
Continuous_Time_Martingales	Quadratic_Variation	stopped_integrable	495	21	STAY	Continuous_Time_Martingales/Quadratic_Variation	
Continuous_Time_Martingales	Quadratic_Variation	stopped_measurable	488	7	STAY	Continuous_Time_Martingales/Quadratic_Variation	
Continuous_Time_Martingales	Quadratic_Variation	stopped_measurable_F	453	35	STAY	Continuous_Time_Martingales/Quadratic_Variation	
Continuous_Time_Martingales	Quadratic_Variation	stopped_qvar_expectation_le	626	6	STAY/UNUSED?	Continuous_Time_Martingales/Quadratic_Variation	
Continuous_Time_Martingales	Quadratic_Variation	stopped_sq_integrable	516	22	STAY	Continuous_Time_Martingales/Quadratic_Variation	
Continuous_Time_Martingales	Sampled_Martingale	martingale_of_cond_increment	113	39	STAY/UNUSED?	Continuous_Time_Martingales/Sampled_Martingale	
Continuous_Time_Martingales	Sampled_Martingale	martingale_sampled	32	39	STAY	Continuous_Time_Martingales/Sampled_Martingale	
Continuous_Time_Martingales	Sampled_Martingale	nat_filtered_of_sampled	71	42	STAY	Continuous_Time_Martingales/Sampled_Martingale	
Continuous_Time_Martingales	Sampled_Quadratic_Variation	cond_exp_increment_sq	111	55	STAY	Continuous_Time_Martingales/Sampled_Quadratic_Variation	
Continuous_Time_Martingales	Sampled_Quadratic_Variation	expectation_sq_sampled	83	28	STAY	Continuous_Time_Martingales/Sampled_Quadratic_Variation	
Continuous_Time_Martingales	Sampled_Quadratic_Variation	qvar_compensates_sampled	60	23	STAY	Continuous_Time_Martingales/Sampled_Quadratic_Variation	
Continuous_Time_Martingales	Sampled_Quadratic_Variation	qvar_sampled_eq	50	10	STAY	Continuous_Time_Martingales/Sampled_Quadratic_Variation	
Continuous_Time_Martingales	Sampled_Quadratic_Variation	sq_int_martingale_sampled	28	22	STAY	Continuous_Time_Martingales/Sampled_Quadratic_Variation	
Continuous_Time_Martingales	Semidirect_Kernels	AE_ksemi	70	17	STAY	Continuous_Time_Martingales/Semidirect_Kernels	
Continuous_Time_Martingales	Semidirect_Kernels	integrable_ksemi_of_past_bound	214	40	STAY	Continuous_Time_Martingales/Semidirect_Kernels	
Continuous_Time_Martingales	Semidirect_Kernels	integral_kernel_measurable	179	35	STAY	Continuous_Time_Martingales/Semidirect_Kernels	
Continuous_Time_Martingales	Semidirect_Kernels	integral_ksemi_bounded	112	35	STAY	Continuous_Time_Martingales/Semidirect_Kernels	
Continuous_Time_Martingales	Semidirect_Kernels	integral_ksemi_measurable	147	22	STAY	Continuous_Time_Martingales/Semidirect_Kernels	
Continuous_Time_Martingales	Semidirect_Kernels	kernel_mix_measurable	254	10	STAY	Continuous_Time_Martingales/Semidirect_Kernels	
Continuous_Time_Martingales	Semidirect_Kernels	ksemi_Pair_measurable	29	6	STAY	Continuous_Time_Martingales/Semidirect_Kernels	
Continuous_Time_Martingales	Semidirect_Kernels	ksemi_kernel_measurable	35	8	STAY	Continuous_Time_Martingales/Semidirect_Kernels	
Continuous_Time_Martingales	Semidirect_Kernels	ksemi_sets_kernel	24	5	STAY	Continuous_Time_Martingales/Semidirect_Kernels	
Continuous_Time_Martingales	Semidirect_Kernels	measurable_integral_kernel	169	10	STAY	Continuous_Time_Martingales/Semidirect_Kernels	
Continuous_Time_Martingales	Semidirect_Kernels	nn_integral_ksemi	87	25	STAY	Continuous_Time_Martingales/Semidirect_Kernels	
Continuous_Time_Martingales	Semidirect_Kernels	prob_space_ksemi	54	16	STAY	Continuous_Time_Martingales/Semidirect_Kernels	
Continuous_Time_Martingales	Semidirect_Kernels	sets_ksemi	43	6	STAY	Continuous_Time_Martingales/Semidirect_Kernels	
Continuous_Time_Martingales	Semidirect_Kernels	space_ksemi	49	5	STAY	Continuous_Time_Martingales/Semidirect_Kernels	
Continuous_Time_Martingales	Stopped_Adaptedness	stopped_adapted_of_cont	24	250	STAY	Continuous_Time_Martingales/Stopped_Adaptedness	
Continuous_Time_Martingales	Stopping_Times	countable_qtimes	330	10	STAY	Continuous_Time_Martingales/Stopping_Times	
Continuous_Time_Martingales	Stopping_Times	eroded_exhausts	158	49	STAY	Continuous_Time_Martingales/Stopping_Times	
Continuous_Time_Martingales	Stopping_Times	eroded_shift	143	15	STAY	Continuous_Time_Martingales/Stopping_Times	
Continuous_Time_Martingales	Stopping_Times	eroded_subset	123	20	STAY	Continuous_Time_Martingales/Stopping_Times	
Continuous_Time_Martingales	Stopping_Times	etime_bdd_below	28	5	STAY	Continuous_Time_Martingales/Stopping_Times	
Continuous_Time_Martingales	Stopping_Times	etime_le_T	33	6	STAY	Continuous_Time_Martingales/Stopping_Times	
Continuous_Time_Martingales	Stopping_Times	etime_le_iff	207	79	STAY	Continuous_Time_Martingales/Stopping_Times	
Continuous_Time_Martingales	Stopping_Times	etime_le_of_mem	45	11	STAY	Continuous_Time_Martingales/Stopping_Times	
Continuous_Time_Martingales	Stopping_Times	etime_less_iff	56	19	STAY	Continuous_Time_Martingales/Stopping_Times	
Continuous_Time_Martingales	Stopping_Times	etime_less_iff_qtimes_open	642	45	STAY	Continuous_Time_Martingales/Stopping_Times	
Continuous_Time_Martingales	Stopping_Times	etime_less_of_open_witness	75	16	STAY	Continuous_Time_Martingales/Stopping_Times	
Continuous_Time_Martingales	Stopping_Times	etime_nonneg	39	6	STAY	Continuous_Time_Martingales/Stopping_Times	
Continuous_Time_Martingales	Stopping_Times	etime_stays_in_cball	546	96	STAY	Continuous_Time_Martingales/Stopping_Times	
Continuous_Time_Martingales	Stopping_Times	etime_stopping_time	448	88	STAY	Continuous_Time_Martingales/Stopping_Times	
Continuous_Time_Martingales	Stopping_Times	hit_iff_qtimes	361	62	STAY	Continuous_Time_Martingales/Stopping_Times	
Continuous_Time_Martingales	Stopping_Times	infdist_measurable	431	17	STAY	Continuous_Time_Martingales/Stopping_Times	
Continuous_Time_Martingales	Stopping_Times	open_eroded	120	3	STAY	Continuous_Time_Martingales/Stopping_Times	
Continuous_Time_Martingales	Stopping_Times	open_gt_infdist	91	8	STAY	Continuous_Time_Martingales/Stopping_Times	
Continuous_Time_Martingales	Stopping_Times	positive_mass_at_some_erosion	307	20	STAY	Continuous_Time_Martingales/Stopping_Times	
Continuous_Time_Martingales	Stopping_Times	positive_of_countable_UN	286	21	STAY	Continuous_Time_Martingales/Stopping_Times	
Continuous_Time_Martingales	Stopping_Times	qtimes_dense	343	18	STAY	Continuous_Time_Martingales/Stopping_Times	
Continuous_Time_Martingales	Stopping_Times	qtimes_subset	340	3	STAY	Continuous_Time_Martingales/Stopping_Times	
Continuous_Time_Martingales	Stopping_Times	shift_stays_off	99	18	STAY	Continuous_Time_Martingales/Stopping_Times	
Continuous_Time_Martingales	Time_Discretisation	dyceil_grid_le	175	13	STAY	Continuous_Time_Martingales/Time_Discretisation	
Continuous_Time_Martingales	Time_Discretisation	finite_dyceil_range	171	4	STAY	Continuous_Time_Martingales/Time_Discretisation	
Continuous_Time_Martingales	Time_Discretisation	grid_expectation_sq_mono	137	5	STAY/UNUSED?	Continuous_Time_Martingales/Time_Discretisation	
Continuous_Time_Martingales	Time_Discretisation	grid_expected_qvar	116	16	STAY	Continuous_Time_Martingales/Time_Discretisation	
Continuous_Time_Martingales	Time_Discretisation	grid_expected_qvar_indep	151	20	STAY/UNUSED?	Continuous_Time_Martingales/Time_Discretisation	
Continuous_Time_Martingales	Time_Discretisation	grid_qvar_compensates	132	5	STAY/UNUSED?	Continuous_Time_Martingales/Time_Discretisation	
Continuous_Time_Martingales	Time_Discretisation	qvar_sampled_fun	106	10	STAY	Continuous_Time_Martingales/Time_Discretisation	
Continuous_Time_Martingales	Time_Discretisation	t_ge_0	57	3	STAY	Continuous_Time_Martingales/Time_Discretisation	
Continuous_Time_Martingales	Time_Discretisation	t_mono_le	38	19	STAY	Continuous_Time_Martingales/Time_Discretisation	
Continuous_Time_Martingales	Vitali_Convergence	clamp_abs_le	47	8	STAY	Continuous_Time_Martingales/Vitali_Convergence	
Continuous_Time_Martingales	Vitali_Convergence	clamp_diff_abs	41	6	STAY	Continuous_Time_Martingales/Vitali_Convergence	
Continuous_Time_Martingales	Vitali_Convergence	integrable_clamp	100	13	STAY/UNUSED?	Continuous_Time_Martingales/Vitali_Convergence	
Continuous_Time_Martingales	Vitali_Convergence	integrable_tail	90	10	STAY	Continuous_Time_Martingales/Vitali_Convergence	
Continuous_Time_Martingales	Vitali_Convergence	tail_bochner_le	113	14	STAY	Continuous_Time_Martingales/Vitali_Convergence	
Continuous_Time_Martingales	Vitali_Convergence	tail_bound_limit	55	35	STAY	Continuous_Time_Martingales/Vitali_Convergence	
Continuous_Time_Martingales	Vitali_Convergence	tail_le_moment	314	25	STAY	Continuous_Time_Martingales/Vitali_Convergence	
Continuous_Time_Martingales	Vitali_Convergence	unif_integrableD_int	29	4	STAY	Continuous_Time_Martingales/Vitali_Convergence	
Continuous_Time_Martingales	Vitali_Convergence	unif_integrableD_tail	33	8	STAY	Continuous_Time_Martingales/Vitali_Convergence	
Continuous_Time_Martingales	Vitali_Convergence	unif_integrable_limit_integrable	127	42	STAY	Continuous_Time_Martingales/Vitali_Convergence	
Continuous_Time_Martingales	Vitali_Convergence	unif_integrable_of_moment_bound	339	56	STAY/UNUSED?	Continuous_Time_Martingales/Vitali_Convergence	
Continuous_Time_Martingales	Vitali_Convergence	vitali_convergence	169	145	STAY	Continuous_Time_Martingales/Vitali_Convergence	
Relative_Arbitrage	Brownian_Continuous	Bcont_cont	39	3	MOVE	Wiener_Measure/Continuous_Brownian_Motion	Brownian-motion theory, no market constant
Relative_Arbitrage	Brownian_Continuous	Bcont_coord	58	15	MOVE	Wiener_Measure/Continuous_Brownian_Motion	Brownian-motion theory, no market constant
Relative_Arbitrage	Brownian_Continuous	Bcont_ex	27	9	MOVE	Wiener_Measure/Continuous_Brownian_Motion	Brownian-motion theory, no market constant
Relative_Arbitrage	Brownian_Continuous	Bcont_meas	49	9	MOVE	Wiener_Measure/Continuous_Brownian_Motion	Brownian-motion theory, no market constant
Relative_Arbitrage	Brownian_Continuous	Bcont_mod	36	3	MOVE	Wiener_Measure/Continuous_Brownian_Motion	Brownian-motion theory, no market constant
Relative_Arbitrage	Brownian_Continuous	Bcont_source	42	4	MOVE	Wiener_Measure/Continuous_Brownian_Motion	Brownian-motion theory, no market constant
Relative_Arbitrage	Brownian_Continuous	Bcont_target	46	3	MOVE	Wiener_Measure/Continuous_Brownian_Motion	Brownian-motion theory, no market constant
Relative_Arbitrage	Brownian_Continuous	Brownian_market_sufficiently_volatile	276	157	STAY	Relative_Arbitrage/Brownian_Continuous	paper statement
Relative_Arbitrage	Brownian_Continuous	cbmX_ae_eq	94	26	MOVE	Wiener_Measure/Continuous_Brownian_Motion	Brownian-motion theory, no market constant
Relative_Arbitrage	Brownian_Continuous	cbmX_cont	207	12	MOVE	Wiener_Measure/Continuous_Brownian_Motion	Brownian-motion theory, no market constant
Relative_Arbitrage	Brownian_Continuous	martingale_cbmX	120	27	MOVE	Wiener_Measure/Continuous_Brownian_Motion	Brownian-motion theory, no market constant
Relative_Arbitrage	Brownian_Continuous	martingale_cbmX_square	147	60	MOVE	Wiener_Measure/Continuous_Brownian_Motion	Brownian-motion theory, no market constant
Relative_Arbitrage	Brownian_Continuous	martingale_cbm_coord_square	219	57	MOVE	Wiener_Measure/Continuous_Brownian_Motion	Brownian-motion theory, no market constant
Relative_Arbitrage	Brownian_Continuous	measurable_cbmX	88	6	MOVE	Wiener_Measure/Continuous_Brownian_Motion	Brownian-motion theory, no market constant
Relative_Arbitrage	Brownian_Continuous	measurable_cbmX_coord	77	11	MOVE	Wiener_Measure/Continuous_Brownian_Motion	Brownian-motion theory, no market constant
Relative_Arbitrage	Brownian_Continuous	sufficiently_volatile_market_nonvacuous	433	37	STAY/UNUSED?	Relative_Arbitrage/Brownian_Continuous	paper statement
Relative_Arbitrage	Brownian_Market	bmX_has_cond_exp	1047	49	MOVE	Wiener_Measure/Product_Brownian_Motion	Brownian-motion theory, no market constant
Relative_Arbitrage	Brownian_Market	bmX_increment_eq	548	5	MOVE	Wiener_Measure/Product_Brownian_Motion	Brownian-motion theory, no market constant
Relative_Arbitrage	Brownian_Market	bmX_increment_set_integral_zero	988	59	MOVE	Wiener_Measure/Product_Brownian_Motion	Brownian-motion theory, no market constant
Relative_Arbitrage	Brownian_Market	bmX_integrable	849	13	MOVE	Wiener_Measure/Product_Brownian_Motion	Brownian-motion theory, no market constant
Relative_Arbitrage	Brownian_Market	bmX_sq	481	36	MOVE	Wiener_Measure/Product_Brownian_Motion	Brownian-motion theory, no market constant
Relative_Arbitrage	Brownian_Market	bmX_start	434	47	MOVE	Wiener_Measure/Product_Brownian_Motion	Brownian-motion theory, no market constant
Relative_Arbitrage	Brownian_Market	bm_coordinate_distr	367	21	MOVE	Wiener_Measure/Product_Brownian_Motion	Brownian-motion theory, no market constant
Relative_Arbitrage	Brownian_Market	bm_coordinate_mean	816	33	MOVE	Wiener_Measure/Product_Brownian_Motion	Brownian-motion theory, no market constant
Relative_Arbitrage	Brownian_Market	bm_coordinate_measurable_F	1296	31	MOVE	Wiener_Measure/Product_Brownian_Motion	Brownian-motion theory, no market constant
Relative_Arbitrage	Brownian_Market	bm_coordinate_sq	388	36	MOVE	Wiener_Measure/Product_Brownian_Motion	Brownian-motion theory, no market constant
Relative_Arbitrage	Brownian_Market	bm_filtration_increment_indep	553	263	MOVE	Wiener_Measure/Product_Brownian_Motion	Brownian-motion theory, no market constant
Relative_Arbitrage	Brownian_Market	bm_increment_component	862	22	MOVE	Wiener_Measure/Product_Brownian_Motion	Brownian-motion theory, no market constant
Relative_Arbitrage	Brownian_Market	bm_increment_sq	1327	60	MOVE	Wiener_Measure/Product_Brownian_Motion	Brownian-motion theory, no market constant
Relative_Arbitrage	Brownian_Market	bm_indicator_coord_sq_integrable	1387	11	MOVE	Wiener_Measure/Product_Brownian_Motion	Brownian-motion theory, no market constant
Relative_Arbitrage	Brownian_Market	bm_indicator_increment_indep_var	884	104	MOVE	Wiener_Measure/Product_Brownian_Motion	Brownian-motion theory, no market constant
Relative_Arbitrage	Brownian_Market	bm_indicator_int	1398	29	MOVE	Wiener_Measure/Product_Brownian_Motion	Brownian-motion theory, no market constant
Relative_Arbitrage	Brownian_Market	bm_indicator_sq_integrable	1557	10	MOVE	Wiener_Measure/Product_Brownian_Motion	Brownian-motion theory, no market constant
Relative_Arbitrage	Brownian_Market	bm_indicator_sq_sum	1549	8	MOVE	Wiener_Measure/Product_Brownian_Motion	Brownian-motion theory, no market constant
Relative_Arbitrage	Brownian_Market	bm_meas_increment_indep_var	1153	98	MOVE	Wiener_Measure/Product_Brownian_Motion	Brownian-motion theory, no market constant
Relative_Arbitrage	Brownian_Market	bm_meas_increment_product	1251	45	MOVE	Wiener_Measure/Product_Brownian_Motion	Brownian-motion theory, no market constant
Relative_Arbitrage	Brownian_Market	bm_paths_component	218	5	MOVE	Wiener_Measure/Product_Brownian_Motion	Brownian-motion theory, no market constant
Relative_Arbitrage	Brownian_Market	bm_paths_past_increment_indep	517	31	MOVE	Wiener_Measure/Product_Brownian_Motion	Brownian-motion theory, no market constant
Relative_Arbitrage	Brownian_Market	bm_set_integral_coord_sq_eq	1427	122	MOVE	Wiener_Measure/Product_Brownian_Motion	Brownian-motion theory, no market constant
Relative_Arbitrage	Brownian_Market	bm_set_integral_sq_eq	1567	43	MOVE	Wiener_Measure/Product_Brownian_Motion	Brownian-motion theory, no market constant
Relative_Arbitrage	Brownian_Market	gauss_measure_mean	238	39	MOVE	Wiener_Measure/Product_Brownian_Motion	Brownian-motion theory, no market constant
Relative_Arbitrage	Brownian_Market	gauss_measure_snd_moment	277	32	MOVE	Wiener_Measure/Product_Brownian_Motion	Brownian-motion theory, no market constant
Relative_Arbitrage	Brownian_Market	gauss_shifted_square	309	40	MOVE	Wiener_Measure/Product_Brownian_Motion	Brownian-motion theory, no market constant
Relative_Arbitrage	Brownian_Market	martingale_bmX	1096	57	MOVE	Wiener_Measure/Product_Brownian_Motion	Brownian-motion theory, no market constant
Relative_Arbitrage	Brownian_Market	martingale_bm_coord_square	1740	112	MOVE	Wiener_Measure/Product_Brownian_Motion	Brownian-motion theory, no market constant
Relative_Arbitrage	Brownian_Market	martingale_bm_square	1610	130	MOVE	Wiener_Measure/Product_Brownian_Motion	Brownian-motion theory, no market constant
Relative_Arbitrage	Brownian_Market	measurable_bmX	427	7	MOVE	Wiener_Measure/Product_Brownian_Motion	Brownian-motion theory, no market constant
Relative_Arbitrage	Brownian_Market	measurable_bm_coordinate	223	15	MOVE	Wiener_Measure/Product_Brownian_Motion	Brownian-motion theory, no market constant
Relative_Arbitrage	Brownian_Market	prob_space_bm_paths	206	12	MOVE	Wiener_Measure/Product_Brownian_Motion	Brownian-motion theory, no market constant
Relative_Arbitrage	Brownian_Market	wiener_pre_coord'	349	18	MOVE	Wiener_Measure/Product_Brownian_Motion	Brownian-motion theory, no market constant
Relative_Arbitrage	Brownian_Market	wiener_pre_past_increment_indep	44	159	MOVE	Wiener_Measure/Product_Brownian_Motion	Brownian-motion theory, no market constant
Relative_Arbitrage	Brownian_Optimal_Boundary	Brownian_boundary_market	33	35	STAY	Relative_Arbitrage/Brownian_Optimal_Boundary	paper statement
Relative_Arbitrage	Comparison_Principle	attain_gate_of_positive	4371	16	MOVE	Second_Order_Viscosity_Analysis/Sup_Convolution	uses only Second_Order_Viscosity_Analysis
Relative_Arbitrage	Comparison_Principle	atu_of_positive_ball	4387	9	MOVE	Second_Order_Viscosity_Analysis/Sup_Convolution	uses only Second_Order_Viscosity_Analysis
Relative_Arbitrage	Comparison_Principle	block_matrices_from_jet	2905	53	MOVE	Second_Order_Viscosity_Analysis/Doubling_Of_Variables	uses only Second_Order_Viscosity_Analysis+Symmetric_Matrix_Spectra
Relative_Arbitrage	Comparison_Principle	comparison_2dom_off_diagonal	7214	117	SPLIT	Relative_Arbitrage/Comparison_Assembly	paper statement
Relative_Arbitrage	Comparison_Principle	comparison_contradiction	903	61	SPLIT/UNUSED?	Relative_Arbitrage/Comparison_Strictness	paper statement
Relative_Arbitrage	Comparison_Principle	comparison_env_complete	2958	90	SPLIT/UNUSED?	Relative_Arbitrage/Comparison_Jets	paper statement
Relative_Arbitrage	Comparison_Principle	comparison_env_from_jets	2512	48	SPLIT	Relative_Arbitrage/Comparison_Jets	paper statement
Relative_Arbitrage	Comparison_Principle	comparison_from_localised_maximiser_gen	6921	151	SPLIT	Relative_Arbitrage/Comparison_Assembly	paper statement
Relative_Arbitrage	Comparison_Principle	comparison_from_localised_maximiser_soft	7072	63	SPLIT	Relative_Arbitrage/Comparison_Assembly	paper statement
Relative_Arbitrage	Comparison_Principle	comparison_soft_complete	7405	94	SPLIT	Relative_Arbitrage/Comparison_Assembly	paper statement
Relative_Arbitrage	Comparison_Principle	comparison_soft_diagonal	7331	74	SPLIT	Relative_Arbitrage/Comparison_Assembly	paper statement
Relative_Arbitrage	Comparison_Principle	comparison_soft_off_diagonal	7135	79	SPLIT	Relative_Arbitrage/Comparison_Assembly	paper statement
Relative_Arbitrage	Comparison_Principle	comparison_supconv_bounded_family	5520	90	SPLIT	Relative_Arbitrage/Comparison_Localisation	paper statement
Relative_Arbitrage	Comparison_Principle	comparison_supconv_complete	3210	59	SPLIT/UNUSED?	Relative_Arbitrage/Comparison_Jets	paper statement
Relative_Arbitrage	Comparison_Principle	comparison_supconv_doubling_complete	5610	204	SPLIT/UNUSED?	Relative_Arbitrage/Comparison_Localisation	paper statement
Relative_Arbitrage	Comparison_Principle	comparison_supconv_maximiser_complete	5814	441	SPLIT/UNUSED?	Relative_Arbitrage/Comparison_Localisation	paper statement
Relative_Arbitrage	Comparison_Principle	comparison_supconv_maximiser_complete_gen	6255	494	SPLIT	Relative_Arbitrage/Comparison_Localisation	paper statement
Relative_Arbitrage	Comparison_Principle	comparison_supconv_sequence_complete	3762	102	SPLIT	Second_Order_Viscosity_Analysis/Sup_Convolution	paper statement
Relative_Arbitrage	Comparison_Principle	diagonal_increment_onesided	4481	7	MOVE	Second_Order_Viscosity_Analysis/Doubling_Of_Variables	uses only Second_Order_Viscosity_Analysis
Relative_Arbitrage	Comparison_Principle	diagonal_max_increment_soft	4495	21	MOVE	Second_Order_Viscosity_Analysis/Doubling_Of_Variables	uses only Second_Order_Viscosity_Analysis
Relative_Arbitrage	Comparison_Principle	doubled_functional_semiconvex_gen	2254	49	MOVE	Second_Order_Viscosity_Analysis/Doubling_Of_Variables	uses only Second_Order_Viscosity_Analysis
Relative_Arbitrage	Comparison_Principle	doubled_supconv_jet_exists	2589	40	MOVE	Second_Order_Viscosity_Analysis/Doubling_Of_Variables	uses only Second_Order_Viscosity_Analysis
Relative_Arbitrage	Comparison_Principle	doubled_supconv_jet_exists_shifted	2629	94	MOVE	Second_Order_Viscosity_Analysis/Doubling_Of_Variables	uses only Second_Order_Viscosity_Analysis
Relative_Arbitrage	Comparison_Principle	doubled_supconv_jet_exists_shifted_gen	2303	96	MOVE	Second_Order_Viscosity_Analysis/Doubling_Of_Variables	uses only Second_Order_Viscosity_Analysis
Relative_Arbitrage	Comparison_Principle	doubled_value_gap_supconv	5331	52	MOVE	Second_Order_Viscosity_Analysis/Sup_Convolution	uses only Second_Order_Viscosity_Analysis
Relative_Arbitrage	Comparison_Principle	doubling_close_maximiser_soft	4648	35	MOVE	Second_Order_Viscosity_Analysis/Soft_Penalty	uses only Second_Order_Viscosity_Analysis
Relative_Arbitrage	Comparison_Principle	doubling_close_maximiser_supconv_soft	4683	44	MOVE	Second_Order_Viscosity_Analysis/Soft_Penalty	uses only Second_Order_Viscosity_Analysis
Relative_Arbitrage	Comparison_Principle	doubling_grad_lower_bound_supconv	3461	36	MOVE	Second_Order_Viscosity_Analysis/Doubling_Of_Variables	uses only Second_Order_Viscosity_Analysis
Relative_Arbitrage	Comparison_Principle	doubling_localised_maximiser_soft	4809	190	MOVE	Continuous_Path_Spaces/Pathwise_Quadratic_Variation	uses only Continuous_Path_Spaces+Second_Order_Viscosity_Analysis
Relative_Arbitrage	Comparison_Principle	doubling_maximiser_exists_soft	4576	14	MOVE	Second_Order_Viscosity_Analysis/Doubling_Of_Variables	uses only Second_Order_Viscosity_Analysis
Relative_Arbitrage	Comparison_Principle	doubling_maximiser_supconv	3497	32	MOVE	Second_Order_Viscosity_Analysis/Doubling_Of_Variables	uses only Second_Order_Viscosity_Analysis
Relative_Arbitrage	Comparison_Principle	doubling_maximiser_supconv_soft	4590	32	MOVE	Second_Order_Viscosity_Analysis/Soft_Penalty	uses only Second_Order_Viscosity_Analysis
Relative_Arbitrage	Comparison_Principle	doubling_near_soft	4622	26	MOVE	Second_Order_Viscosity_Analysis/Doubling_Of_Variables	uses only Second_Order_Viscosity_Analysis
Relative_Arbitrage	Comparison_Principle	ell_op_env_strict_contradiction	1060	71	SPLIT	Relative_Arbitrage/Comparison_Strictness	paper statement
Relative_Arbitrage	Comparison_Principle	ell_op_lsc_elliptic_le	979	31	SPLIT/UNUSED?	Relative_Arbitrage/Comparison_Strictness	paper statement
Relative_Arbitrage	Comparison_Principle	ell_op_lsc_le_of_nearby	3269	25	SPLIT	Relative_Arbitrage/Comparison_Jets	paper statement
Relative_Arbitrage	Comparison_Principle	ell_op_lsc_le_of_shifts	1283	60	SPLIT	Relative_Arbitrage/Comparison_Strictness	paper statement
Relative_Arbitrage	Comparison_Principle	ell_op_pair_shift_snd_le	964	15	SPLIT	Relative_Arbitrage/Comparison_Strictness	paper statement
Relative_Arbitrage	Comparison_Principle	ell_op_scaleR_matrix	710	20	SPLIT	Relative_Arbitrage/Comparison_Strictness	paper statement
Relative_Arbitrage	Comparison_Principle	ell_op_scaleR_p	730	17	SPLIT	Relative_Arbitrage/Comparison_Strictness	paper statement
Relative_Arbitrage	Comparison_Principle	ell_op_strict_contradiction	666	21	SPLIT	Relative_Arbitrage/Comparison_Strictness	paper statement
Relative_Arbitrage	Comparison_Principle	ell_op_usc_envelope_elliptic_le	1010	50	SPLIT	Relative_Arbitrage/Comparison_Strictness	paper statement
Relative_Arbitrage	Comparison_Principle	ell_op_usc_ge_of_nearby	3294	31	SPLIT	Relative_Arbitrage/Comparison_Jets	paper statement
Relative_Arbitrage	Comparison_Principle	ell_op_usc_ge_of_shifts	1343	65	SPLIT	Relative_Arbitrage/Comparison_Strictness	paper statement
Relative_Arbitrage	Comparison_Principle	env_strict_contradiction_of_limits	3638	71	SPLIT/UNUSED?	Second_Order_Viscosity_Analysis/Sup_Convolution	paper statement
Relative_Arbitrage	Comparison_Principle	env_strict_contradiction_of_nearby	3325	62	SPLIT	Relative_Arbitrage/Comparison_Jets	paper statement
Relative_Arbitrage	Comparison_Principle	env_strict_contradiction_of_shifted_limits	3709	53	SPLIT	Second_Order_Viscosity_Analysis/Sup_Convolution	paper statement
Relative_Arbitrage	Comparison_Principle	env_strict_contradiction_of_shifts	1408	31	SPLIT	Relative_Arbitrage/Comparison_Strictness	paper statement
Relative_Arbitrage	Comparison_Principle	eq36_rhs_antitone	1131	31	SPLIT/UNUSED?	Relative_Arbitrage/Comparison_Strictness	paper statement
Relative_Arbitrage	Comparison_Principle	feasible_scaleR_p	687	23	SPLIT	Relative_Arbitrage/Comparison_Strictness	paper statement
Relative_Arbitrage	Comparison_Principle	hessian_lower_bound_of_psd	3387	13	MOVE	Symmetric_Matrix_Spectra/Symmetric_Spectral	uses only Symmetric_Matrix_Spectra
Relative_Arbitrage	Comparison_Principle	jet_test_fun_C2	87	17	SPLIT	Relative_Arbitrage/Comparison_Test_Functions	paper statement
Relative_Arbitrage	Comparison_Principle	jet_test_fun_at	27	36	SPLIT	Relative_Arbitrage/Comparison_Jets	paper statement
Relative_Arbitrage	Comparison_Principle	jet_test_fun_at_abstract	647	19	SPLIT	Relative_Arbitrage/Comparison_Strictness	paper statement
Relative_Arbitrage	Comparison_Principle	max_principle_boundary_counterexample	6838	39	SPLIT/UNUSED?	Relative_Arbitrage/Comparison_Assembly	paper statement
Relative_Arbitrage	Comparison_Principle	max_principle_boundary_holds	7499	187	SPLIT	Relative_Arbitrage/Comparison_Assembly	paper statement
Relative_Arbitrage	Comparison_Principle	op_continuous	144	8	MOVE	Symmetric_Matrix_Spectra/Outer_Products	uses only Symmetric_Matrix_Spectra
Relative_Arbitrage	Comparison_Principle	op_matvec	137	4	MOVE	Symmetric_Matrix_Spectra/Outer_Products	uses only Symmetric_Matrix_Spectra
Relative_Arbitrage	Comparison_Principle	op_transpose	141	3	MOVE	Symmetric_Matrix_Spectra/Outer_Products	uses only Symmetric_Matrix_Spectra
Relative_Arbitrage	Comparison_Principle	pin_of_penalty_bound	4548	24	MOVE	Continuous_Path_Spaces/Pathwise_Quadratic_Variation	uses only Continuous_Path_Spaces+Second_Order_Viscosity_Analysis
Relative_Arbitrage	Comparison_Principle	psd_diff_limit	3590	20	MOVE	Symmetric_Matrix_Spectra/Symmetric_Spectral	uses only Symmetric_Matrix_Spectra
Relative_Arbitrage	Comparison_Principle	psd_diff_limit_shifted	3610	28	MOVE	Symmetric_Matrix_Spectra/Symmetric_Spectral	uses only Symmetric_Matrix_Spectra
Relative_Arbitrage	Comparison_Principle	psd_limit	3565	25	MOVE	Symmetric_Matrix_Spectra/Matrix_Algebra	uses only Symmetric_Matrix_Spectra
Relative_Arbitrage	Comparison_Principle	psd_of_abstract_le	863	40	MOVE	Symmetric_Matrix_Spectra/Matrix_Algebra	uses only Symmetric_Matrix_Spectra
Relative_Arbitrage	Comparison_Principle	psd_shifted_diff	5310	21	MOVE	Symmetric_Matrix_Spectra/Symmetric_Spectral	uses only Symmetric_Matrix_Spectra
Relative_Arbitrage	Comparison_Principle	quartic_grad_derivative	152	34	MOVE	Symmetric_Matrix_Spectra/Outer_Products	uses only Symmetric_Matrix_Spectra
Relative_Arbitrage	Comparison_Principle	semiconvex_hessian_abs_bound	3416	45	MOVE	Symmetric_Matrix_Spectra/Symmetric_Spectral	uses only Symmetric_Matrix_Spectra
Relative_Arbitrage	Comparison_Principle	semiconvex_hessian_two_sided	3400	16	MOVE	Symmetric_Matrix_Spectra/Symmetric_Spectral	uses only Symmetric_Matrix_Spectra
Relative_Arbitrage	Comparison_Principle	shifted_jensen_family	4999	134	MOVE	Continuous_Path_Spaces/Pathwise_Quadratic_Variation	uses only Continuous_Path_Spaces+Second_Order_Viscosity_Analysis
Relative_Arbitrage	Comparison_Principle	shifted_jensen_family_gen	5133	177	MOVE	Continuous_Path_Spaces/Pathwise_Quadratic_Variation	uses only Continuous_Path_Spaces+Second_Order_Viscosity_Analysis
Relative_Arbitrage	Comparison_Principle	soft_grad_inner	2006	5	MOVE	Second_Order_Viscosity_Analysis/Soft_Penalty	uses only Second_Order_Viscosity_Analysis
Relative_Arbitrage	Comparison_Principle	soft_grad_lipschitz	2185	30	MOVE	Second_Order_Viscosity_Analysis/Soft_Penalty	uses only Continuous_Time_Martingales+Second_Order_Viscosity_Analysis
Relative_Arbitrage	Comparison_Principle	soft_grad_norm_eq	2215	14	MOVE	Second_Order_Viscosity_Analysis/Soft_Penalty	uses only Second_Order_Viscosity_Analysis
Relative_Arbitrage	Comparison_Principle	soft_grad_split	2100	13	MOVE	Second_Order_Viscosity_Analysis/Soft_Penalty	uses only Second_Order_Viscosity_Analysis
Relative_Arbitrage	Comparison_Principle	soft_hess_bound	2090	10	MOVE	Second_Order_Viscosity_Analysis/Soft_Penalty	uses only Second_Order_Viscosity_Analysis
Relative_Arbitrage	Comparison_Principle	soft_hess_entry	1920	7	MOVE	Second_Order_Viscosity_Analysis/Soft_Penalty	uses only Second_Order_Viscosity_Analysis
Relative_Arbitrage	Comparison_Principle	soft_hess_quadform	1950	56	MOVE	Second_Order_Viscosity_Analysis/Soft_Penalty	uses only Second_Order_Viscosity_Analysis
Relative_Arbitrage	Comparison_Principle	soft_hess_quadform_bounds	2021	69	MOVE	Second_Order_Viscosity_Analysis/Soft_Penalty	uses only Second_Order_Viscosity_Analysis
Relative_Arbitrage	Comparison_Principle	soft_hess_sym	1927	23	MOVE	Second_Order_Viscosity_Analysis/Soft_Penalty	uses only Second_Order_Viscosity_Analysis
Relative_Arbitrage	Comparison_Principle	soft_pen_coercive_outside	4532	16	MOVE	Second_Order_Viscosity_Analysis/Soft_Penalty	uses only Second_Order_Viscosity_Analysis
Relative_Arbitrage	Comparison_Principle	soft_pen_continuous	4572	4	MOVE	Second_Order_Viscosity_Analysis/Soft_Penalty	uses only Second_Order_Viscosity_Analysis
Relative_Arbitrage	Comparison_Principle	soft_pen_expand	1746	41	MOVE	Second_Order_Viscosity_Analysis/Soft_Penalty	uses only Second_Order_Viscosity_Analysis
Relative_Arbitrage	Comparison_Principle	soft_pen_gap	1639	10	MOVE	Second_Order_Viscosity_Analysis/Soft_Penalty	uses only Second_Order_Viscosity_Analysis
Relative_Arbitrage	Comparison_Principle	soft_pen_ge_radial	4516	16	MOVE	Second_Order_Viscosity_Analysis/Soft_Penalty	uses only Second_Order_Viscosity_Analysis
Relative_Arbitrage	Comparison_Principle	soft_pen_jet_field	2011	10	MOVE	Second_Order_Viscosity_Analysis/Soft_Penalty	uses only Second_Order_Viscosity_Analysis
Relative_Arbitrage	Comparison_Principle	soft_pen_jet_form	1815	105	MOVE	Second_Order_Viscosity_Analysis/Soft_Penalty	uses only Second_Order_Viscosity_Analysis
Relative_Arbitrage	Comparison_Principle	soft_pen_little_o	4473	8	MOVE	Second_Order_Viscosity_Analysis/Soft_Penalty	uses only Second_Order_Viscosity_Analysis
Relative_Arbitrage	Comparison_Principle	soft_pen_mono_norm	4451	11	MOVE	Second_Order_Viscosity_Analysis/Soft_Penalty	uses only Second_Order_Viscosity_Analysis
Relative_Arbitrage	Comparison_Principle	soft_pen_neg	4488	7	MOVE	Second_Order_Viscosity_Analysis/Soft_Penalty	uses only Second_Order_Viscosity_Analysis
Relative_Arbitrage	Comparison_Principle	soft_pen_nonneg	4462	11	MOVE	Second_Order_Viscosity_Analysis/Soft_Penalty	uses only Second_Order_Viscosity_Analysis
Relative_Arbitrage	Comparison_Principle	soft_pen_quotient	1673	37	MOVE	Second_Order_Viscosity_Analysis/Soft_Penalty	uses only Second_Order_Viscosity_Analysis
Relative_Arbitrage	Comparison_Principle	soft_pen_rem	1787	28	MOVE	Second_Order_Viscosity_Analysis/Soft_Penalty	uses only Second_Order_Viscosity_Analysis
Relative_Arbitrage	Comparison_Principle	soft_pen_semiconcave	1649	24	MOVE	Second_Order_Viscosity_Analysis/Doubling_Of_Variables	uses only Second_Order_Viscosity_Analysis
Relative_Arbitrage	Comparison_Principle	soft_pen_vanishing_jet_at_zero	1710	36	MOVE	Second_Order_Viscosity_Analysis/Soft_Penalty	uses only Second_Order_Viscosity_Analysis
Relative_Arbitrage	Comparison_Principle	soft_pen_zero	4446	5	MOVE	Second_Order_Viscosity_Analysis/Soft_Penalty	uses only Second_Order_Viscosity_Analysis
Relative_Arbitrage	Comparison_Principle	soft_rsmall_of_rho	2229	25	MOVE	Second_Order_Viscosity_Analysis/Soft_Penalty	uses only Second_Order_Viscosity_Analysis
Relative_Arbitrage	Comparison_Principle	soft_shrink_lipschitz	2113	72	MOVE	Second_Order_Viscosity_Analysis/Soft_Penalty	uses only Second_Order_Viscosity_Analysis
Relative_Arbitrage	Comparison_Principle	strict_contradiction_of_shifts_any_p	1162	121	SPLIT/UNUSED?	Relative_Arbitrage/Comparison_Strictness	paper statement
Relative_Arbitrage	Comparison_Principle	subsol_shifted_bound	1487	36	SPLIT	Relative_Arbitrage/Comparison_Strictness	paper statement
Relative_Arbitrage	Comparison_Principle	subsol_shifted_bound_supconv	3048	59	SPLIT	Relative_Arbitrage/Comparison_Jets	paper statement
Relative_Arbitrage	Comparison_Principle	sums_psd_at_interior_max	2560	29	MOVE	Second_Order_Viscosity_Analysis/Doubling_Of_Variables	uses only Second_Order_Viscosity_Analysis+Symmetric_Matrix_Spectra
Relative_Arbitrage	Comparison_Principle	sums_psd_at_interior_max_gen	2399	42	MOVE	Second_Order_Viscosity_Analysis/Doubling_Of_Variables	uses only Second_Order_Viscosity_Analysis+Symmetric_Matrix_Spectra
Relative_Arbitrage	Comparison_Principle	sums_psd_from_jet	2723	37	MOVE	Second_Order_Viscosity_Analysis/Doubling_Of_Variables	uses only Second_Order_Viscosity_Analysis+Symmetric_Matrix_Spectra
Relative_Arbitrage	Comparison_Principle	supconv_attain_radius	4107	37	MOVE	Second_Order_Viscosity_Analysis/Sup_Convolution	uses only Second_Order_Viscosity_Analysis
Relative_Arbitrage	Comparison_Principle	supconv_attained	3937	17	MOVE	Second_Order_Viscosity_Analysis/Sup_Convolution	uses only Second_Order_Viscosity_Analysis
Relative_Arbitrage	Comparison_Principle	supconv_attained_ball	3864	73	MOVE	Second_Order_Viscosity_Analysis/Sup_Convolution	uses only Second_Order_Viscosity_Analysis
Relative_Arbitrage	Comparison_Principle	supconv_attained_ball_rad	3998	71	MOVE	Second_Order_Viscosity_Analysis/Sup_Convolution	uses only Second_Order_Viscosity_Analysis
Relative_Arbitrage	Comparison_Principle	supconv_attained_family_in	3974	24	MOVE	Second_Order_Viscosity_Analysis/Sup_Convolution	uses only Second_Order_Viscosity_Analysis
Relative_Arbitrage	Comparison_Principle	supconv_attained_family_in_rad	4086	21	MOVE	Second_Order_Viscosity_Analysis/Sup_Convolution	uses only Second_Order_Viscosity_Analysis
Relative_Arbitrage	Comparison_Principle	supconv_attained_in	3954	20	MOVE	Second_Order_Viscosity_Analysis/Sup_Convolution	uses only Second_Order_Viscosity_Analysis
Relative_Arbitrage	Comparison_Principle	supconv_attained_in_rad	4069	17	MOVE	Second_Order_Viscosity_Analysis/Sup_Convolution	uses only Second_Order_Viscosity_Analysis
Relative_Arbitrage	Comparison_Principle	supconv_attained_usc_ball	4244	81	MOVE	Second_Order_Viscosity_Analysis/Sup_Convolution	uses only Second_Order_Viscosity_Analysis+Semicontinuous_Analysis
Relative_Arbitrage	Comparison_Principle	supconv_attained_usc_ball_rad	4325	16	MOVE	Second_Order_Viscosity_Analysis/Sup_Convolution	uses only Second_Order_Viscosity_Analysis
Relative_Arbitrage	Comparison_Principle	supconv_attained_usc_family	4357	14	MOVE	Second_Order_Viscosity_Analysis/Sup_Convolution	uses only Second_Order_Viscosity_Analysis
Relative_Arbitrage	Comparison_Principle	supconv_attained_usc_in_rad	4341	16	MOVE	Second_Order_Viscosity_Analysis/Sup_Convolution	uses only Second_Order_Viscosity_Analysis
Relative_Arbitrage	Comparison_Principle	supconv_bound_transfer	2760	17	MOVE	Second_Order_Viscosity_Analysis/Sup_Convolution	uses only Second_Order_Viscosity_Analysis
Relative_Arbitrage	Comparison_Principle	supconv_extend_far_le	4222	22	MOVE	Second_Order_Viscosity_Analysis/Sup_Convolution	uses only Continuous_Time_Martingales+Second_Order_Viscosity_Analysis
Relative_Arbitrage	Comparison_Principle	supconv_le_of_local_bound	4396	19	MOVE	Second_Order_Viscosity_Analysis/Sup_Convolution	uses only Second_Order_Viscosity_Analysis
Relative_Arbitrage	Comparison_Principle	supconv_le_of_local_bound_usc	4144	38	MOVE	Second_Order_Viscosity_Analysis/Sup_Convolution	uses only Second_Order_Viscosity_Analysis
Relative_Arbitrage	Comparison_Principle	supconv_local_max_transfer	2777	20	MOVE	Second_Order_Viscosity_Analysis/Sup_Convolution	uses only Second_Order_Viscosity_Analysis
Relative_Arbitrage	Comparison_Principle	supconv_local_max_transfer_ball	2797	38	MOVE	Second_Order_Viscosity_Analysis/Sup_Convolution	uses only Second_Order_Viscosity_Analysis
Relative_Arbitrage	Comparison_Principle	supconv_onesided_descent	2835	70	MOVE	Second_Order_Viscosity_Analysis/Sup_Convolution	uses only Second_Order_Viscosity_Analysis
Relative_Arbitrage	Comparison_Principle	supconv_sandwich	4415	31	MOVE	Second_Order_Viscosity_Analysis/Doubling_Of_Variables	uses only Second_Order_Viscosity_Analysis
Relative_Arbitrage	Comparison_Principle	supconv_uniform_upper	4727	82	MOVE	Second_Order_Viscosity_Analysis/Doubling_Of_Variables	uses only Second_Order_Viscosity_Analysis
Relative_Arbitrage	Comparison_Principle	supersol_jet_cong_on	6805	33	SPLIT	Relative_Arbitrage/Comparison_Assembly	paper statement
Relative_Arbitrage	Comparison_Principle	supersol_jet_extend	6888	33	SPLIT	Relative_Arbitrage/Comparison_Assembly	paper statement
Relative_Arbitrage	Comparison_Principle	supersol_no_vanishing_jet	2473	39	SPLIT/UNUSED?	Relative_Arbitrage/Comparison_Jets	paper statement
Relative_Arbitrage	Comparison_Principle	supersol_no_vanishing_jet_onesided	2441	32	SPLIT	Relative_Arbitrage/Comparison_Jets	paper statement
Relative_Arbitrage	Comparison_Principle	supersol_shifted_bound	1555	31	SPLIT	Relative_Arbitrage/Comparison_Strictness	paper statement
Relative_Arbitrage	Comparison_Principle	supersol_shifted_bound_ne	1586	53	SPLIT	Relative_Arbitrage/Comparison_Strictness	paper statement
Relative_Arbitrage	Comparison_Principle	supersol_shifted_bound_onesided	1523	32	SPLIT	Relative_Arbitrage/Comparison_Strictness	paper statement
Relative_Arbitrage	Comparison_Principle	supersol_shifted_bound_supconv	3107	73	SPLIT	Relative_Arbitrage/Comparison_Jets	paper statement
Relative_Arbitrage	Comparison_Principle	supersol_shifted_bound_supconv_ne	3180	30	SPLIT	Relative_Arbitrage/Comparison_Jets	paper statement
Relative_Arbitrage	Comparison_Principle	test_fun_C2_add_const	122	15	SPLIT	Relative_Arbitrage/Comparison_Test_Functions	paper statement
Relative_Arbitrage	Comparison_Principle	test_fun_C2_const	104	18	SPLIT	Relative_Arbitrage/Comparison_Test_Functions	paper statement
Relative_Arbitrage	Comparison_Principle	test_fun_C2_imp_test_fun_at	63	24	SPLIT	Relative_Arbitrage/Comparison_Test_Functions	paper statement
Relative_Arbitrage	Comparison_Principle	test_fun_C2_quartic_shift	186	82	SPLIT	Relative_Arbitrage/Comparison_Test_Functions	paper statement
Relative_Arbitrage	Comparison_Principle	test_fun_at_scaleR	747	36	SPLIT	Relative_Arbitrage/Comparison_Strictness	paper statement
Relative_Arbitrage	Comparison_Principle	theta_gap_preserved	3529	36	SPLIT	Second_Order_Viscosity_Analysis/Sup_Convolution	paper statement
Relative_Arbitrage	Comparison_Principle	tilted_doubled_psd_ordering	5383	60	MOVE	Second_Order_Viscosity_Analysis/Doubling_Of_Variables	uses only Second_Order_Viscosity_Analysis+Symmetric_Matrix_Spectra
Relative_Arbitrage	Comparison_Principle	tilted_doubled_psd_ordering_gen	5443	77	MOVE	Second_Order_Viscosity_Analysis/Doubling_Of_Variables	uses only Second_Order_Viscosity_Analysis+Symmetric_Matrix_Spectra
Relative_Arbitrage	Comparison_Principle	visc_subsol_cong_on	6749	28	SPLIT	Relative_Arbitrage/Comparison_Assembly	paper statement
Relative_Arbitrage	Comparison_Principle	visc_subsol_env2_cong	268	17	SPLIT	Relative_Arbitrage/Comparison_Strictness	paper statement
Relative_Arbitrage	Comparison_Principle	visc_subsol_env2_local	390	64	SPLIT	Relative_Arbitrage/Comparison_Strictness	paper statement
Relative_Arbitrage	Comparison_Principle	visc_subsol_env_agrees	4191	31	SPLIT	Second_Order_Viscosity_Analysis/Sup_Convolution	paper statement
Relative_Arbitrage	Comparison_Principle	visc_subsol_env_imp_env2	308	7	SPLIT	Relative_Arbitrage/Comparison_Strictness	paper statement
Relative_Arbitrage	Comparison_Principle	visc_subsol_env_imp_visc_subsol	547	100	SPLIT	Relative_Arbitrage/Comparison_Strictness	paper statement
Relative_Arbitrage	Comparison_Principle	visc_subsol_extend	6877	11	SPLIT	Relative_Arbitrage/Comparison_Assembly	paper statement
Relative_Arbitrage	Comparison_Principle	visc_subsol_mono_dom	4182	9	SPLIT	Second_Order_Viscosity_Analysis/Sup_Convolution	paper statement
Relative_Arbitrage	Comparison_Principle	visc_subsol_scaled_strict	783	80	SPLIT	Relative_Arbitrage/Comparison_Strictness	paper statement
Relative_Arbitrage	Comparison_Principle	visc_subsol_scaled_uniform	1439	48	SPLIT	Relative_Arbitrage/Comparison_Strictness	paper statement
Relative_Arbitrage	Comparison_Principle	visc_supersol_cong_on	6777	28	SPLIT	Relative_Arbitrage/Comparison_Assembly	paper statement
Relative_Arbitrage	Comparison_Principle	visc_supersol_env2_cong	285	17	SPLIT	Relative_Arbitrage/Comparison_Strictness	paper statement
Relative_Arbitrage	Comparison_Principle	visc_supersol_env2_local	328	62	SPLIT	Relative_Arbitrage/Comparison_Strictness	paper statement
Relative_Arbitrage	Comparison_Principle	visc_supersol_env2_mono	302	6	SPLIT	Relative_Arbitrage/Comparison_Strictness	paper statement
Relative_Arbitrage	Comparison_Principle	visc_supersol_env_imp_env2	315	13	SPLIT	Relative_Arbitrage/Comparison_Strictness	paper statement
Relative_Arbitrage	Comparison_Principle	visc_supersol_env_imp_jet	454	93	SPLIT	Relative_Arbitrage/Comparison_Strictness	paper statement
Relative_Arbitrage	Comparison_Principle	viscosity_uniqueness_compact	7686	72	SPLIT	Relative_Arbitrage/Comparison_Assembly	paper statement
Relative_Arbitrage	Comparison_Two_Domain	comparison_expandable	949	216	STAY	Relative_Arbitrage/Comparison_Two_Domain	paper statement
Relative_Arbitrage	Comparison_Two_Domain	comparison_two_domain	596	353	STAY	Relative_Arbitrage/Comparison_Two_Domain	paper statement
Relative_Arbitrage	Comparison_Two_Domain	convex_expandable	62	137	STAY	Relative_Arbitrage/Comparison_Two_Domain	paper statement
Relative_Arbitrage	Comparison_Two_Domain	supersol_bc_nonneg	26	36	STAY	Relative_Arbitrage/Comparison_Two_Domain	paper statement
Relative_Arbitrage	Comparison_Two_Domain	test_fun_C2_affine	369	97	STAY	Relative_Arbitrage/Comparison_Two_Domain	paper statement
Relative_Arbitrage	Comparison_Two_Domain	test_fun_C2_scaleR	331	38	STAY	Relative_Arbitrage/Comparison_Two_Domain	paper statement
Relative_Arbitrage	Comparison_Two_Domain	test_fun_at_affine	199	132	STAY/UNUSED?	Relative_Arbitrage/Comparison_Two_Domain	paper statement
Relative_Arbitrage	Comparison_Two_Domain	uniqueness_expandable	1165	58	STAY	Relative_Arbitrage/Comparison_Two_Domain	paper statement
Relative_Arbitrage	Comparison_Two_Domain	visc_supersol_env_affine	466	130	STAY	Relative_Arbitrage/Comparison_Two_Domain	paper statement
Relative_Arbitrage	Constraint_Set_Convexity	Pi_constraint_convex	160	30	STAY	Relative_Arbitrage/Constraint_Set_Convexity	paper statement
Relative_Arbitrage	Constraint_Set_Convexity	Pi_proj_bdd_below	38	5	MOVE	Continuous_Path_Spaces/Pathwise_Quadratic_Variation	uses only Continuous_Path_Spaces+Symmetric_Matrix_Spectra
Relative_Arbitrage	Constraint_Set_Convexity	Pi_proj_ge	49	15	STAY	Relative_Arbitrage/Constraint_Set_Convexity	paper statement
Relative_Arbitrage	Constraint_Set_Convexity	Pi_proj_le	43	6	STAY	Relative_Arbitrage/Constraint_Set_Convexity	paper statement
Relative_Arbitrage	Constraint_Set_Convexity	lemma_2_1_easy	190	16	STAY	Relative_Arbitrage/Constraint_Set_Convexity	paper statement
Relative_Arbitrage	Constraint_Set_Convexity	onormal_sum_suff_volatile	206	42	STAY	Relative_Arbitrage/Constraint_Set_Convexity	paper statement
Relative_Arbitrage	Constraint_Set_Convexity	suff_volatile_augment	248	62	STAY	Relative_Arbitrage/Constraint_Set_Convexity	paper statement
Relative_Arbitrage	Constraint_Set_Convexity	suff_volatile_subset_Pi_constraint	146	14	STAY	Relative_Arbitrage/Constraint_Set_Convexity	paper statement
Relative_Arbitrage	Constraint_Set_Convexity	trace_proj_lower_bound	74	72	STAY	Relative_Arbitrage/Constraint_Set_Convexity	paper statement
Relative_Arbitrage	Curvature_Operator	ball_v_boundary	218	3	STAY	Relative_Arbitrage/Curvature_Operator	paper statement
Relative_Arbitrage	Curvature_Operator	ball_v_eq_quadratic	456	22	STAY	Relative_Arbitrage/Curvature_Operator	paper statement
Relative_Arbitrage	Curvature_Operator	ball_v_gradient	221	55	STAY	Relative_Arbitrage/Curvature_Operator	paper statement
Relative_Arbitrage	Curvature_Operator	ball_v_nonneg	215	3	STAY	Relative_Arbitrage/Curvature_Operator	paper statement
Relative_Arbitrage	Curvature_Operator	ell_op_bdd_below	354	20	STAY	Relative_Arbitrage/Curvature_Operator	paper statement
Relative_Arbitrage	Curvature_Operator	ell_op_eval	190	22	STAY	Relative_Arbitrage/Curvature_Operator	paper statement
Relative_Arbitrage	Curvature_Operator	ell_op_ge_one_of_psd_diff	413	43	STAY	Relative_Arbitrage/Curvature_Operator	paper statement
Relative_Arbitrage	Curvature_Operator	ell_op_le_one_of_psd_diff	382	31	STAY	Relative_Arbitrage/Curvature_Operator	paper statement
Relative_Arbitrage	Curvature_Operator	ell_op_pointwise_elliptic	276	24	STAY	Relative_Arbitrage/Curvature_Operator	paper statement
Relative_Arbitrage	Curvature_Operator	feasible_entry_bound	300	54	STAY	Relative_Arbitrage/Curvature_Operator	paper statement
Relative_Arbitrage	Curvature_Operator	feasible_nonempty	374	8	STAY	Relative_Arbitrage/Curvature_Operator	paper statement
Relative_Arbitrage	Curvature_Operator	feasible_trace_lb	162	15	STAY	Relative_Arbitrage/Curvature_Operator	paper statement
Relative_Arbitrage	Curvature_Operator	feasible_value_ge_one	177	13	STAY	Relative_Arbitrage/Curvature_Operator	paper statement
Relative_Arbitrage	Curvature_Operator	feasible_witness	61	101	STAY	Relative_Arbitrage/Curvature_Operator	paper statement
Relative_Arbitrage	Dynamic_Programming_Additive_Glue	AE_aglue_law	322	38	MOVE	Path_Space_Operations/Path_Law_Pasting	statement only in path-toolkit terms
Relative_Arbitrage	Dynamic_Programming_Additive_Glue	aglue_inner_increment	917	370	MOVE	Path_Space_Operations/Path_Stopping_Times	statement only in path-toolkit terms
Relative_Arbitrage	Dynamic_Programming_Additive_Glue	aglue_inner_increment_comp	1552	545	MOVE	Path_Space_Operations/Path_Stopping_Times	statement only in path-toolkit terms
Relative_Arbitrage	Dynamic_Programming_Additive_Glue	aglue_law_X_increment	1287	137	MOVE	Path_Space_Operations/Path_Law_Pasting	statement only in path-toolkit terms
Relative_Arbitrage	Dynamic_Programming_Additive_Glue	aglue_law_X_martingale	1424	128	MOVE	Path_Space_Operations/Path_Law_Pasting	statement only in path-toolkit terms
Relative_Arbitrage	Dynamic_Programming_Additive_Glue	aglue_law_comp_increment	2097	160	MOVE	Path_Space_Operations/Path_Law_Pasting	statement only in path-toolkit terms
Relative_Arbitrage	Dynamic_Programming_Additive_Glue	aglue_law_comp_martingale	2257	152	MOVE	Path_Space_Operations/Path_Law_Pasting	statement only in path-toolkit terms
Relative_Arbitrage	Dynamic_Programming_Additive_Glue	aglue_law_diffquot	478	94	STAY	Relative_Arbitrage/Dynamic_Programming_Additive_Glue	paper statement
Relative_Arbitrage	Dynamic_Programming_Additive_Glue	aglue_law_start	360	47	MOVE	Path_Space_Operations/Path_Law_Pasting	statement only in path-toolkit terms
Relative_Arbitrage	Dynamic_Programming_Additive_Glue	exit_class_aglue	2409	110	STAY	Relative_Arbitrage/Dynamic_Programming_Additive_Glue	paper statement
Relative_Arbitrage	Dynamic_Programming_Additive_Glue	exit_class_aglue_law	622	50	STAY	Relative_Arbitrage/Dynamic_Programming_Additive_Glue	paper statement
Relative_Arbitrage	Dynamic_Programming_Additive_Glue	integral_aglue_law	672	45	MOVE	Path_Space_Operations/Path_Law_Pasting	statement only in path-toolkit terms
Relative_Arbitrage	Dynamic_Programming_Additive_Glue	padd_apply	27	3	MOVE	Path_Space_Operations/Path_Splicing	statement only in path-toolkit terms
Relative_Arbitrage	Dynamic_Programming_Additive_Glue	padd_diffquot	407	71	STAY	Relative_Arbitrage/Dynamic_Programming_Additive_Glue	paper statement
Relative_Arbitrage	Dynamic_Programming_Additive_Glue	padd_fst_continuous	147	11	MOVE	Path_Space_Operations/Path_Splicing	statement only in path-toolkit terms
Relative_Arbitrage	Dynamic_Programming_Additive_Glue	padd_measurable	86	61	MOVE	Path_Space_Operations/Path_Splicing	statement only in path-toolkit terms
Relative_Arbitrage	Dynamic_Programming_Additive_Glue	padd_measurable_ksemi	279	16	MOVE	Path_Space_Operations/Path_Splicing	statement only in path-toolkit terms
Relative_Arbitrage	Dynamic_Programming_Additive_Glue	padd_measurable_left	51	35	MOVE	Path_Space_Operations/Path_Splicing	statement only in path-toolkit terms
Relative_Arbitrage	Dynamic_Programming_Additive_Glue	padd_mspace	33	18	MOVE	Path_Space_Operations/Path_Splicing	statement only in path-toolkit terms
Relative_Arbitrage	Dynamic_Programming_Additive_Glue	padd_outside	30	3	MOVE	Path_Space_Operations/Path_Splicing	statement only in path-toolkit terms
Relative_Arbitrage	Dynamic_Programming_Additive_Glue	padd_stopping_time	158	17	MOVE	Path_Space_Operations/Path_Stopping_Times	statement only in path-toolkit terms
Relative_Arbitrage	Dynamic_Programming_Additive_Glue	pafter_padd	212	55	MOVE	Path_Space_Operations/Path_Stopping_Times	statement only in path-toolkit terms
Relative_Arbitrage	Dynamic_Programming_Additive_Glue	path_stopping_time_min	717	42	MOVE	Path_Space_Operations/Path_Stopping_Times	statement only in path-toolkit terms
Relative_Arbitrage	Dynamic_Programming_Additive_Glue	pcut_after_in_pre_sigma	854	63	MOVE	Path_Space_Operations/Path_Stopping_Times	statement only in path-toolkit terms
Relative_Arbitrage	Dynamic_Programming_Additive_Glue	pcut_padd_before	572	23	MOVE	Path_Space_Operations/Path_Splicing	statement only in path-toolkit terms
Relative_Arbitrage	Dynamic_Programming_Additive_Glue	pcut_padd_section	595	27	MOVE	Path_Space_Operations/Path_Splicing	statement only in path-toolkit terms
Relative_Arbitrage	Dynamic_Programming_Additive_Glue	prob_space_aglue_law	295	27	MOVE	Path_Space_Operations/Path_Law_Pasting	statement only in path-toolkit terms
Relative_Arbitrage	Dynamic_Programming_Additive_Glue	pstopped_eval_min	759	18	MOVE	Path_Space_Operations/Path_Stopping_Times	statement only in path-toolkit terms
Relative_Arbitrage	Dynamic_Programming_Additive_Glue	pstopped_padd	175	37	MOVE	Path_Space_Operations/Path_Stopping_Times	statement only in path-toolkit terms
Relative_Arbitrage	Dynamic_Programming_Additive_Glue	section_padd_in_filtration	777	77	MOVE	Path_Space_Operations/Path_Splicing	statement only in path-toolkit terms
Relative_Arbitrage	Dynamic_Programming_Additive_Glue	sets_aglue_law	274	5	MOVE	Path_Space_Operations/Path_Law_Pasting	statement only in path-toolkit terms
Relative_Arbitrage	Dynamic_Programming_Assembly	aglue_law_pexit_ge	174	109	STAY	Relative_Arbitrage/Dynamic_Programming_Assembly	paper statement
Relative_Arbitrage	Dynamic_Programming_Assembly	dpp_integrand_measurable_stopping	905	97	STAY	Relative_Arbitrage/Dynamic_Programming_Assembly	paper statement
Relative_Arbitrage	Dynamic_Programming_Assembly	dpp_integrand_pstopped	1002	32	STAY	Relative_Arbitrage/Dynamic_Programming_Assembly	paper statement
Relative_Arbitrage	Dynamic_Programming_Assembly	enn2real_paper_v_horizon_cap	879	26	STAY	Relative_Arbitrage/Dynamic_Programming_Assembly	paper statement
Relative_Arbitrage	Dynamic_Programming_Assembly	exit_class_aglue_selector	434	316	STAY	Relative_Arbitrage/Dynamic_Programming_Assembly	paper statement
Relative_Arbitrage	Dynamic_Programming_Assembly	exit_val_dpp_ge_const_time	1034	85	STAY	Relative_Arbitrage/Dynamic_Programming_Assembly	paper statement
Relative_Arbitrage	Dynamic_Programming_Assembly	exit_val_dpp_sup_ge_time	1119	27	STAY	Relative_Arbitrage/Dynamic_Programming_Assembly	paper statement
Relative_Arbitrage	Dynamic_Programming_Assembly	exit_val_ge_of_stopped_bound	750	129	STAY	Relative_Arbitrage/Dynamic_Programming_Assembly	paper statement
Relative_Arbitrage	Dynamic_Programming_Assembly	pexit_delayed_rebase	114	60	MOVE	Path_Space_Operations/Path_Splicing	statement only in path-toolkit terms
Relative_Arbitrage	Dynamic_Programming_Assembly	pexit_padd_dpp	20	94	MOVE	Path_Space_Operations/Path_Splicing	statement only in path-toolkit terms
Relative_Arbitrage	Dynamic_Programming_Assembly	selector_value_AE	283	98	STAY	Relative_Arbitrage/Dynamic_Programming_Assembly	paper statement
Relative_Arbitrage	Dynamic_Programming_Assembly	selker_measurable	386	48	STAY	Relative_Arbitrage/Dynamic_Programming_Assembly	paper statement
Relative_Arbitrage	Dynamic_Programming_Conditioning	AE_integrable_ksemi_section	1505	44	MOVE	Continuous_Time_Martingales/Semidirect_Kernels	uses only Continuous_Time_Martingales
Relative_Arbitrage	Dynamic_Programming_Conditioning	AE_kernel_full	1125	44	MOVE	Continuous_Time_Martingales/Semidirect_Kernels	uses only Continuous_Time_Martingales
Relative_Arbitrage	Dynamic_Programming_Conditioning	AE_kernel_integral_zero	1695	42	MOVE	Continuous_Time_Martingales/Natural_Filtration	uses only Continuous_Time_Martingales
Relative_Arbitrage	Dynamic_Programming_Conditioning	Lipschitz_pfut	125	47	MOVE	Path_Space_Operations/Path_Splicing	statement only in path-toolkit terms
Relative_Arbitrage	Dynamic_Programming_Conditioning	comp_entry_continuous	3615	35	MOVE	Symmetric_Matrix_Spectra/Outer_Products	statement only in path-toolkit terms
Relative_Arbitrage	Dynamic_Programming_Conditioning	comp_entry_measurable_nf	3587	28	MOVE	Symmetric_Matrix_Spectra/Outer_Products	statement only in path-toolkit terms
Relative_Arbitrage	Dynamic_Programming_Conditioning	countable_Int_stable_generator_path	2738	123	MOVE	Path_Space_Operations/Path_Splicing	statement only in path-toolkit terms
Relative_Arbitrage	Dynamic_Programming_Conditioning	countable_pi_system_natural_filtration_path	2861	71	MOVE	Path_Space_Operations/Path_Splicing	statement only in path-toolkit terms
Relative_Arbitrage	Dynamic_Programming_Conditioning	emeasure_ksemi_rect	999	41	MOVE	Continuous_Time_Martingales/Semidirect_Kernels	uses only Continuous_Time_Martingales
Relative_Arbitrage	Dynamic_Programming_Conditioning	eval_component_continuous	3044	31	MOVE	Path_Space_Operations/Path_Splicing	statement only in path-toolkit terms
Relative_Arbitrage	Dynamic_Programming_Conditioning	eval_component_measurable_nf	3026	18	MOVE	Path_Space_Operations/Path_Splicing	statement only in path-toolkit terms
Relative_Arbitrage	Dynamic_Programming_Conditioning	exit_class_comp_martingale	484	11	STAY	Relative_Arbitrage/Dynamic_Programming_Conditioning	paper statement
Relative_Arbitrage	Dynamic_Programming_Conditioning	exit_class_diffquot_of_rational_pairs	1249	57	STAY	Relative_Arbitrage/Dynamic_Programming_Conditioning	paper statement
Relative_Arbitrage	Dynamic_Programming_Conditioning	exit_class_future_of_past	781	85	STAY/UNUSED?	Relative_Arbitrage/Dynamic_Programming_Conditioning	paper statement
Relative_Arbitrage	Dynamic_Programming_Conditioning	exit_class_pfut_comp_martingale	562	157	STAY	Relative_Arbitrage/Dynamic_Programming_Conditioning	paper statement
Relative_Arbitrage	Dynamic_Programming_Conditioning	exit_class_rcd	903	96	MOVE	Path_Space_Operations/Path_Law_Pasting	statement only in path-toolkit terms
Relative_Arbitrage	Dynamic_Programming_Conditioning	exit_class_rcd_ksemi	1040	85	MOVE	Path_Space_Operations/Path_Law_Pasting	statement only in path-toolkit terms
Relative_Arbitrage	Dynamic_Programming_Conditioning	exit_class_rcd_member	3923	89	STAY	Relative_Arbitrage/Dynamic_Programming_Conditioning	paper statement
Relative_Arbitrage	Dynamic_Programming_Conditioning	exit_class_shifted_X_martingale	495	28	STAY	Relative_Arbitrage/Dynamic_Programming_Conditioning	paper statement
Relative_Arbitrage	Dynamic_Programming_Conditioning	exit_class_shifted_comp_martingale	523	39	STAY	Relative_Arbitrage/Dynamic_Programming_Conditioning	paper statement
Relative_Arbitrage	Dynamic_Programming_Conditioning	exit_val_cond	4142	225	SPLIT	Relative_Arbitrage/Dynamic_Programming_Conditional_Law	paper statement
Relative_Arbitrage	Dynamic_Programming_Conditioning	exit_val_cond_pointwise	4391	140	SPLIT	Relative_Arbitrage/Dynamic_Programming_Conditional_Law	paper statement
Relative_Arbitrage	Dynamic_Programming_Conditioning	exit_val_cond_time	4531	64	SPLIT	Relative_Arbitrage/Dynamic_Programming_Conditional_Law	paper statement
Relative_Arbitrage	Dynamic_Programming_Conditioning	exit_val_ge_of_AE_pshift	4012	34	SPLIT	Relative_Arbitrage/Dynamic_Programming_Conditional_Law	paper statement
Relative_Arbitrage	Dynamic_Programming_Conditioning	integrable_and_set_integral_eq_of_rational_times	2552	152	MOVE	Path_Space_Operations/Path_Splicing	statement only in path-toolkit terms
Relative_Arbitrage	Dynamic_Programming_Conditioning	integrable_kernel_integral	1818	55	MOVE	Continuous_Time_Martingales/Semidirect_Kernels	uses only Continuous_Time_Martingales
Relative_Arbitrage	Dynamic_Programming_Conditioning	integrable_ksemi_of_distr_rect	1788	30	MOVE	Continuous_Path_Spaces/Pathwise_Quadratic_Variation	uses only Continuous_Path_Spaces+Continuous_Time_Martingales
Relative_Arbitrage	Dynamic_Programming_Conditioning	integral_ksemi_real	1549	96	MOVE	Continuous_Time_Martingales/Semidirect_Kernels	uses only Continuous_Time_Martingales
Relative_Arbitrage	Dynamic_Programming_Conditioning	integral_ksemi_rect_of_set_integral	1873	36	MOVE	Continuous_Path_Spaces/Pathwise_Quadratic_Variation	uses only Continuous_Path_Spaces+Continuous_Time_Martingales
Relative_Arbitrage	Dynamic_Programming_Conditioning	integral_ksemi_rect_real	1645	50	MOVE	Continuous_Time_Martingales/Semidirect_Kernels	uses only Continuous_Time_Martingales
Relative_Arbitrage	Dynamic_Programming_Conditioning	ksemi_rect_null_of_AE	1306	69	MOVE	Path_Space_Operations/Path_Law_Pasting	statement only in path-toolkit terms
Relative_Arbitrage	Dynamic_Programming_Conditioning	martingale_future_of_past	200	72	MOVE	Path_Space_Operations/Path_Law_Pasting	statement only in path-toolkit terms
Relative_Arbitrage	Dynamic_Programming_Conditioning	martingale_of_rational_set_integral_eq	2932	94	MOVE	Path_Space_Operations/Path_Splicing	statement only in path-toolkit terms
Relative_Arbitrage	Dynamic_Programming_Conditioning	mball_in_natural_filtration	2042	38	MOVE	Path_Space_Operations/Path_Splicing	statement only in path-toolkit terms
Relative_Arbitrage	Dynamic_Programming_Conditioning	mdist_measurable_natural_filtration	1982	60	MOVE	Path_Space_Operations/Path_Splicing	statement only in path-toolkit terms
Relative_Arbitrage	Dynamic_Programming_Conditioning	mspace_path_metric_ne	873	12	MOVE	Path_Space_Operations/Path_Splicing	statement only in path-toolkit terms
Relative_Arbitrage	Dynamic_Programming_Conditioning	outerp_diff	451	6	MOVE	Symmetric_Matrix_Spectra/Outer_Products	statement only in path-toolkit terms
Relative_Arbitrage	Dynamic_Programming_Conditioning	outerp_diff_compensated	457	27	MOVE	Symmetric_Matrix_Spectra/Outer_Products	statement only in path-toolkit terms
Relative_Arbitrage	Dynamic_Programming_Conditioning	path_eval_measurable_natural_filtration	1945	9	MOVE	Path_Space_Operations/Path_Splicing	statement only in path-toolkit terms
Relative_Arbitrage	Dynamic_Programming_Conditioning	pcut_filtration_measurable	1909	36	MOVE	Path_Space_Operations/Path_Law_Pasting	statement only in path-toolkit terms
Relative_Arbitrage	Dynamic_Programming_Conditioning	pcut_vimage_natural_filtration	2127	30	MOVE	Path_Space_Operations/Path_Splicing	statement only in path-toolkit terms
Relative_Arbitrage	Dynamic_Programming_Conditioning	pexit_pglue_measurable	4086	15	MOVE	Path_Space_Operations/Path_Splicing	statement only in path-toolkit terms
Relative_Arbitrage	Dynamic_Programming_Conditioning	pexit_split_at_r	22	75	MOVE	Continuous_Path_Spaces/Path_Exit_Times	statement only in path-toolkit terms
Relative_Arbitrage	Dynamic_Programming_Conditioning	pexit_surv_of_less	4367	24	MOVE	Continuous_Path_Spaces/Path_Exit_Times	statement only in path-toolkit terms
Relative_Arbitrage	Dynamic_Programming_Conditioning	pfut_apply	100	3	MOVE	Path_Space_Operations/Path_Splicing	statement only in path-toolkit terms
Relative_Arbitrage	Dynamic_Programming_Conditioning	pfut_filtration_measurable	1737	51	MOVE	Path_Space_Operations/Path_Law_Pasting	statement only in path-toolkit terms
Relative_Arbitrage	Dynamic_Programming_Conditioning	pfut_fst	106	4	MOVE	Path_Space_Operations/Path_Splicing	statement only in path-toolkit terms
Relative_Arbitrage	Dynamic_Programming_Conditioning	pfut_in_mspace	110	15	MOVE	Path_Space_Operations/Path_Splicing	statement only in path-toolkit terms
Relative_Arbitrage	Dynamic_Programming_Conditioning	pfut_law_X_martingale	371	80	STAY	Relative_Arbitrage/Dynamic_Programming_Conditioning	paper statement
Relative_Arbitrage	Dynamic_Programming_Conditioning	pfut_law_comp_martingale	719	62	STAY	Relative_Arbitrage/Dynamic_Programming_Conditioning	paper statement
Relative_Arbitrage	Dynamic_Programming_Conditioning	pfut_law_diffquot	308	63	STAY	Relative_Arbitrage/Dynamic_Programming_Conditioning	paper statement
Relative_Arbitrage	Dynamic_Programming_Conditioning	pfut_law_start	272	36	MOVE	Path_Space_Operations/Path_Law_Pasting	statement only in path-toolkit terms
Relative_Arbitrage	Dynamic_Programming_Conditioning	pfut_measurable	172	8	MOVE	Path_Space_Operations/Path_Splicing	statement only in path-toolkit terms
Relative_Arbitrage	Dynamic_Programming_Conditioning	pfut_measurable_law	180	20	MOVE	Path_Space_Operations/Path_Splicing	statement only in path-toolkit terms
Relative_Arbitrage	Dynamic_Programming_Conditioning	pfut_rcd_X_increment_zero	2233	187	MOVE	Path_Space_Operations/Path_Law_Pasting	statement only in path-toolkit terms
Relative_Arbitrage	Dynamic_Programming_Conditioning	pfut_rcd_X_integrable	2420	101	MOVE	Path_Space_Operations/Path_Law_Pasting	statement only in path-toolkit terms
Relative_Arbitrage	Dynamic_Programming_Conditioning	pfut_rcd_X_martingale	3075	245	MOVE	Path_Space_Operations/Path_Law_Pasting	statement only in path-toolkit terms
Relative_Arbitrage	Dynamic_Programming_Conditioning	pfut_rcd_comp_increment_zero	3320	175	MOVE	Path_Space_Operations/Path_Law_Pasting	statement only in path-toolkit terms
Relative_Arbitrage	Dynamic_Programming_Conditioning	pfut_rcd_comp_integrable	3495	92	MOVE	Path_Space_Operations/Path_Law_Pasting	statement only in path-toolkit terms
Relative_Arbitrage	Dynamic_Programming_Conditioning	pfut_rcd_comp_martingale	3650	273	MOVE	Path_Space_Operations/Path_Law_Pasting	statement only in path-toolkit terms
Relative_Arbitrage	Dynamic_Programming_Conditioning	pfut_rcd_diffquot	1375	130	STAY	Relative_Arbitrage/Dynamic_Programming_Conditioning	paper statement
Relative_Arbitrage	Dynamic_Programming_Conditioning	pfut_rcd_start	1169	80	MOVE	Path_Space_Operations/Path_Law_Pasting	statement only in path-toolkit terms
Relative_Arbitrage	Dynamic_Programming_Conditioning	pfut_vimage_natural_filtration	2157	35	MOVE	Path_Space_Operations/Path_Splicing	statement only in path-toolkit terms
Relative_Arbitrage	Dynamic_Programming_Conditioning	pfut_zero	103	3	MOVE	Path_Space_Operations/Path_Splicing	statement only in path-toolkit terms
Relative_Arbitrage	Dynamic_Programming_Conditioning	pglue_pcut_pfut	4046	40	MOVE	Path_Space_Operations/Path_Splicing	statement only in path-toolkit terms
Relative_Arbitrage	Dynamic_Programming_Conditioning	rect_vimage_natural_filtration	2192	41	MOVE	Path_Space_Operations/Path_Splicing	statement only in path-toolkit terms
Relative_Arbitrage	Dynamic_Programming_Conditioning	sets_natural_filtration_eq_pcut_vimage	2704	34	MOVE	Path_Space_Operations/Path_Splicing	statement only in path-toolkit terms
Relative_Arbitrage	Dynamic_Programming_Conditioning	sets_natural_filtration_path	2080	47	MOVE	Path_Space_Operations/Path_Splicing	statement only in path-toolkit terms
Relative_Arbitrage	Dynamic_Programming_Conditioning	sets_natural_filtration_path_subset	1954	28	MOVE	Path_Space_Operations/Path_Splicing	statement only in path-toolkit terms
Relative_Arbitrage	Dynamic_Programming_Conditioning	sigma_finite_subalgebra_natural_filtration_path	2538	14	MOVE	Path_Space_Operations/Path_Splicing	statement only in path-toolkit terms
Relative_Arbitrage	Dynamic_Programming_Conditioning	standard_borel_ne_path_metric	885	18	MOVE	Path_Space_Operations/Path_Splicing	statement only in path-toolkit terms
Relative_Arbitrage	Dynamic_Programming_Conditioning	standard_borel_path_metric	866	7	MOVE	Path_Space_Operations/Path_Splicing	statement only in path-toolkit terms
Relative_Arbitrage	Dynamic_Programming_Conditioning	subalgebra_natural_filtration_path	2521	17	MOVE	Path_Space_Operations/Path_Splicing	statement only in path-toolkit terms
Relative_Arbitrage	Dynamic_Programming_Conditioning	survival_set_measurable	4101	41	MOVE	Continuous_Path_Spaces/Path_Exit_Times	statement only in path-toolkit terms
Relative_Arbitrage	Dynamic_Programming_Delayed_Class	aglue_gint_C	2913	59	MOVE	Path_Space_Operations/Path_Splicing	statement only in path-toolkit terms
Relative_Arbitrage	Dynamic_Programming_Delayed_Class	aglue_gint_X	2867	46	MOVE	Path_Space_Operations/Path_Splicing	statement only in path-toolkit terms
Relative_Arbitrage	Dynamic_Programming_Delayed_Class	aglue_law_X_integrable	2348	105	MOVE	Path_Space_Operations/Path_Law_Pasting	statement only in path-toolkit terms
Relative_Arbitrage	Dynamic_Programming_Delayed_Class	aglue_law_comp_integrable	2495	128	MOVE	Path_Space_Operations/Path_Law_Pasting	statement only in path-toolkit terms
Relative_Arbitrage	Dynamic_Programming_Delayed_Class	aglue_msec_C	2820	47	MOVE	Path_Space_Operations/Path_Law_Pasting	statement only in path-toolkit terms
Relative_Arbitrage	Dynamic_Programming_Delayed_Class	aglue_msec_X	2679	40	MOVE	Path_Space_Operations/Path_Law_Pasting	statement only in path-toolkit terms
Relative_Arbitrage	Dynamic_Programming_Delayed_Class	aglue_section_int_at	2719	42	MOVE	Path_Space_Operations/Path_Splicing	statement only in path-toolkit terms
Relative_Arbitrage	Dynamic_Programming_Delayed_Class	aglue_section_integrable	2761	59	MOVE	Path_Space_Operations/Path_Splicing	statement only in path-toolkit terms
Relative_Arbitrage	Dynamic_Programming_Delayed_Class	aglue_section_measurable	2623	56	MOVE	Path_Space_Operations/Path_Splicing	statement only in path-toolkit terms
Relative_Arbitrage	Dynamic_Programming_Delayed_Class	ess_inf_pexit_pcut_law	709	58	MOVE	Path_Space_Operations/Path_Law_Pasting	statement only in path-toolkit terms
Relative_Arbitrage	Dynamic_Programming_Delayed_Class	ess_inf_time_min_const	355	52	MOVE	Continuous_Time_Martingales/Essential_Infimum	statement only in path-toolkit terms
Relative_Arbitrage	Dynamic_Programming_Delayed_Class	exit_val_horizon_cap	407	95	STAY	Relative_Arbitrage/Dynamic_Programming_Delayed_Class	paper statement
Relative_Arbitrage	Dynamic_Programming_Delayed_Class	exit_val_measurable_selector_horizon	767	200	STAY	Relative_Arbitrage/Dynamic_Programming_Delayed_Class	paper statement
Relative_Arbitrage	Dynamic_Programming_Delayed_Class	frozen_set_measurable	201	65	MOVE	Path_Space_Operations/Path_Splicing	statement only in path-toolkit terms
Relative_Arbitrage	Dynamic_Programming_Delayed_Class	horizon_sq_int_martingale_stopped	1858	99	MOVE	Continuous_Time_Martingales/Doob_Inequality	uses only Continuous_Time_Martingales
Relative_Arbitrage	Dynamic_Programming_Delayed_Class	padd_comp_norm_le	2453	42	MOVE	Path_Space_Operations/Path_Splicing	statement only in path-toolkit terms
Relative_Arbitrage	Dynamic_Programming_Delayed_Class	padd_eval_split	2341	7	MOVE	Path_Space_Operations/Path_Splicing	statement only in path-toolkit terms
Relative_Arbitrage	Dynamic_Programming_Delayed_Class	path_eval_natural_filtration	967	11	MOVE	Path_Space_Operations/Path_Splicing	statement only in path-toolkit terms
Relative_Arbitrage	Dynamic_Programming_Delayed_Class	pdel_clamp_hi	569	5	STAY-OR-UPSTREAM	Relative_Arbitrage/Dynamic_Programming_Delayed_Class	no project dependency: pure HOL
Relative_Arbitrage	Dynamic_Programming_Delayed_Class	pdel_clamp_lo	566	3	STAY-OR-UPSTREAM	Relative_Arbitrage/Dynamic_Programming_Delayed_Class	no project dependency: pure HOL
Relative_Arbitrage	Dynamic_Programming_Delayed_Class	pdel_eq_pembed	563	3	MOVE	Path_Space_Operations/Path_Splicing	statement only in path-toolkit terms
Relative_Arbitrage	Dynamic_Programming_Delayed_Class	pdel_eval	589	3	MOVE	Path_Space_Operations/Path_Splicing	statement only in path-toolkit terms
Relative_Arbitrage	Dynamic_Programming_Delayed_Class	pdel_measurable	581	8	MOVE	Path_Space_Operations/Path_Splicing	statement only in path-toolkit terms
Relative_Arbitrage	Dynamic_Programming_Delayed_Class	pdel_measurable_pair	592	57	MOVE	Path_Space_Operations/Path_Splicing	statement only in path-toolkit terms
Relative_Arbitrage	Dynamic_Programming_Delayed_Class	pdel_mspace	574	7	MOVE	Path_Space_Operations/Path_Splicing	statement only in path-toolkit terms
Relative_Arbitrage	Dynamic_Programming_Delayed_Class	pdelclass_X_increment	1313	11	STAY	Relative_Arbitrage/Dynamic_Programming_Delayed_Class	paper statement
Relative_Arbitrage	Dynamic_Programming_Delayed_Class	pdelclass_X_int	1296	8	STAY	Relative_Arbitrage/Dynamic_Programming_Delayed_Class	paper statement
Relative_Arbitrage	Dynamic_Programming_Delayed_Class	pdelclass_X_martingale	1014	67	STAY	Relative_Arbitrage/Dynamic_Programming_Delayed_Class	paper statement
Relative_Arbitrage	Dynamic_Programming_Delayed_Class	pdelclass_X_mean	1337	11	STAY	Relative_Arbitrage/Dynamic_Programming_Delayed_Class	paper statement
Relative_Arbitrage	Dynamic_Programming_Delayed_Class	pdelclass_comp_increment	1324	13	STAY	Relative_Arbitrage/Dynamic_Programming_Delayed_Class	paper statement
Relative_Arbitrage	Dynamic_Programming_Delayed_Class	pdelclass_comp_int	1304	9	STAY	Relative_Arbitrage/Dynamic_Programming_Delayed_Class	paper statement
Relative_Arbitrage	Dynamic_Programming_Delayed_Class	pdelclass_comp_martingale	1081	86	STAY	Relative_Arbitrage/Dynamic_Programming_Delayed_Class	paper statement
Relative_Arbitrage	Dynamic_Programming_Delayed_Class	pdelclass_comp_mean	1348	31	STAY	Relative_Arbitrage/Dynamic_Programming_Delayed_Class	paper statement
Relative_Arbitrage	Dynamic_Programming_Delayed_Class	pdelclass_comp_norm_mean_le	2276	65	STAY	Relative_Arbitrage/Dynamic_Programming_Delayed_Class	paper statement
Relative_Arbitrage	Dynamic_Programming_Delayed_Class	pdelclass_diffquot	1167	117	STAY	Relative_Arbitrage/Dynamic_Programming_Delayed_Class	paper statement
Relative_Arbitrage	Dynamic_Programming_Delayed_Class	pdelclass_frozen	266	47	STAY	Relative_Arbitrage/Dynamic_Programming_Delayed_Class	paper statement
Relative_Arbitrage	Dynamic_Programming_Delayed_Class	pdelclass_frozen_at	160	41	STAY	Relative_Arbitrage/Dynamic_Programming_Delayed_Class	paper statement
Relative_Arbitrage	Dynamic_Programming_Delayed_Class	pdelclass_norm_mean_le	2235	41	STAY	Relative_Arbitrage/Dynamic_Programming_Delayed_Class	paper statement
Relative_Arbitrage	Dynamic_Programming_Delayed_Class	pdelclass_prob	135	25	STAY	Relative_Arbitrage/Dynamic_Programming_Delayed_Class	paper statement
Relative_Arbitrage	Dynamic_Programming_Delayed_Class	pdelclass_start_zero	1284	12	STAY	Relative_Arbitrage/Dynamic_Programming_Delayed_Class	paper statement
Relative_Arbitrage	Dynamic_Programming_Delayed_Class	pembed_eval_le	991	23	MOVE	Path_Space_Operations/Path_Splicing	statement only in path-toolkit terms
Relative_Arbitrage	Dynamic_Programming_Delayed_Class	pembed_eval_min	978	13	MOVE	Path_Space_Operations/Path_Splicing	statement only in path-toolkit terms
Relative_Arbitrage	Dynamic_Programming_Delayed_Class	pembed_measurable	45	39	MOVE	Path_Space_Operations/Path_Splicing	statement only in path-toolkit terms
Relative_Arbitrage	Dynamic_Programming_Delayed_Class	pembed_measurable_full	538	22	MOVE	Path_Space_Operations/Path_Splicing	statement only in path-toolkit terms
Relative_Arbitrage	Dynamic_Programming_Delayed_Class	pembed_mspace	30	15	MOVE	Path_Space_Operations/Path_Splicing	statement only in path-toolkit terms
Relative_Arbitrage	Dynamic_Programming_Delayed_Class	pembed_mspace_full	523	15	MOVE	Path_Space_Operations/Path_Splicing	statement only in path-toolkit terms
Relative_Arbitrage	Dynamic_Programming_Delayed_Class	pembed_pcut	502	21	MOVE	Path_Space_Operations/Path_Splicing	statement only in path-toolkit terms
Relative_Arbitrage	Dynamic_Programming_Delayed_Class	pexit_min_horizon	313	42	MOVE	Continuous_Path_Spaces/Path_Exit_Times	statement only in path-toolkit terms
Relative_Arbitrage	Dynamic_Programming_Delayed_Class	prebase_pembed	84	40	MOVE	Path_Space_Operations/Path_Splicing	statement only in path-toolkit terms
Relative_Arbitrage	Dynamic_Programming_Delayed_Class	pshift_law_pcut	674	35	MOVE	Path_Space_Operations/Path_Law_Pasting	statement only in path-toolkit terms
Relative_Arbitrage	Dynamic_Programming_Delayed_Class	pshift_pcut_comm	649	25	MOVE	Path_Space_Operations/Path_Splicing	statement only in path-toolkit terms
Relative_Arbitrage	Dynamic_Programming_Delayed_Class	pstopped_eval_filtration	1732	126	MOVE	Path_Space_Operations/Path_Stopping_Times	statement only in path-toolkit terms
Relative_Arbitrage	Dynamic_Programming_Delayed_Class	pstopped_eval_min_T	1957	12	MOVE	Path_Space_Operations/Path_Stopping_Times	statement only in path-toolkit terms
Relative_Arbitrage	Dynamic_Programming_Delayed_Class	pstopped_fixed_set_measurable	1379	94	MOVE	Path_Space_Operations/Path_Stopping_Times	statement only in path-toolkit terms
Relative_Arbitrage	Dynamic_Programming_Delayed_Class	pstopped_law_cont	1571	17	MOVE	Path_Space_Operations/Path_Law_Pasting	statement only in path-toolkit terms
Relative_Arbitrage	Dynamic_Programming_Delayed_Class	pstopped_law_diffquot	1588	144	STAY	Relative_Arbitrage/Dynamic_Programming_Delayed_Class	paper statement
Relative_Arbitrage	Dynamic_Programming_Delayed_Class	pstopped_law_horizon_compensated	2099	136	STAY	Relative_Arbitrage/Dynamic_Programming_Delayed_Class	paper statement
Relative_Arbitrage	Dynamic_Programming_Delayed_Class	pstopped_law_horizon_component	1969	130	STAY	Relative_Arbitrage/Dynamic_Programming_Delayed_Class	paper statement
Relative_Arbitrage	Dynamic_Programming_Delayed_Class	pstopped_law_idem	1495	35	MOVE	Path_Space_Operations/Path_Law_Pasting	statement only in path-toolkit terms
Relative_Arbitrage	Dynamic_Programming_Delayed_Class	pstopped_law_prob	1473	22	MOVE	Path_Space_Operations/Path_Law_Pasting	statement only in path-toolkit terms
Relative_Arbitrage	Dynamic_Programming_Delayed_Class	pstopped_law_start	1530	41	MOVE	Path_Space_Operations/Path_Law_Pasting	statement only in path-toolkit terms
Relative_Arbitrage	Dynamic_Programming_Kernels	AE_kglue_law_of_kernel	298	18	MOVE	Path_Space_Operations/Path_Splicing	statement only in path-toolkit terms
Relative_Arbitrage	Dynamic_Programming_Kernels	AE_rcd_stopping_diffquot_at	1970	138	STAY	Relative_Arbitrage/Dynamic_Programming_Kernels	paper statement
Relative_Arbitrage	Dynamic_Programming_Kernels	AE_rcd_stopping_diffquot_rat	2108	103	STAY/UNUSED?	Relative_Arbitrage/Dynamic_Programming_Kernels	paper statement
Relative_Arbitrage	Dynamic_Programming_Kernels	exit_class_kglue_mixed	316	295	STAY	Relative_Arbitrage/Dynamic_Programming_Kernels	paper statement
Relative_Arbitrage	Dynamic_Programming_Kernels	exit_class_sets_prob_algebra	148	50	STAY	Relative_Arbitrage/Dynamic_Programming_Kernels	paper statement
Relative_Arbitrage	Dynamic_Programming_Kernels	exit_val_dpp_ge_const_two	820	178	STAY/UNUSED?	Relative_Arbitrage/Dynamic_Programming_Kernels	paper statement
Relative_Arbitrage	Dynamic_Programming_Kernels	exit_val_dpp_ge_step	998	174	STAY/UNUSED?	Relative_Arbitrage/Dynamic_Programming_Kernels	paper statement
Relative_Arbitrage	Dynamic_Programming_Kernels	exit_val_dpp_sup_ge_time_of_const	611	101	STAY	Relative_Arbitrage/Dynamic_Programming_Kernels	paper statement
Relative_Arbitrage	Dynamic_Programming_Kernels	exit_val_horizon_zero	712	13	STAY/UNUSED?	Relative_Arbitrage/Dynamic_Programming_Kernels	paper statement
Relative_Arbitrage	Dynamic_Programming_Kernels	kernel_class_LP_measurable	31	65	STAY	Relative_Arbitrage/Dynamic_Programming_Kernels	paper statement
Relative_Arbitrage	Dynamic_Programming_Kernels	kernel_repair_into_class	198	63	STAY	Relative_Arbitrage/Dynamic_Programming_Kernels	paper statement
Relative_Arbitrage	Dynamic_Programming_Kernels	kglue_law'_rcd_eq	96	52	MOVE	Path_Space_Operations/Path_Law_Pasting	statement only in path-toolkit terms
Relative_Arbitrage	Dynamic_Programming_Kernels	mdist_measurable_of_eval	1436	27	MOVE	Path_Space_Operations/Path_Splicing	statement only in path-toolkit terms
Relative_Arbitrage	Dynamic_Programming_Kernels	measurable_into_path_metric	1394	42	MOVE	Path_Space_Operations/Path_Splicing	statement only in path-toolkit terms
Relative_Arbitrage	Dynamic_Programming_Kernels	pafter_apply	1226	4	MOVE	Path_Space_Operations/Path_Stopping_Times	statement only in path-toolkit terms
Relative_Arbitrage	Dynamic_Programming_Kernels	pafter_before	1258	17	MOVE	Path_Space_Operations/Path_Stopping_Times	statement only in path-toolkit terms
Relative_Arbitrage	Dynamic_Programming_Kernels	pafter_measurable	1513	67	MOVE	Path_Space_Operations/Path_Stopping_Times	statement only in path-toolkit terms
Relative_Arbitrage	Dynamic_Programming_Kernels	pafter_mspace	1370	24	MOVE	Path_Space_Operations/Path_Stopping_Times	statement only in path-toolkit terms
Relative_Arbitrage	Dynamic_Programming_Kernels	pafter_outside	1233	7	MOVE	Path_Space_Operations/Path_Stopping_Times	statement only in path-toolkit terms
Relative_Arbitrage	Dynamic_Programming_Kernels	path_eval_at_measurable_time	1275	81	MOVE	Path_Space_Operations/Path_Splicing	statement only in path-toolkit terms
Relative_Arbitrage	Dynamic_Programming_Kernels	path_rcd	1580	88	MOVE	Path_Space_Operations/Path_Law_Pasting	statement only in path-toolkit terms
Relative_Arbitrage	Dynamic_Programming_Kernels	path_rcd_ksemi	1668	93	MOVE	Path_Space_Operations/Path_Law_Pasting	statement only in path-toolkit terms
Relative_Arbitrage	Dynamic_Programming_Kernels	path_sets_fst_continuous	1808	13	MOVE	Path_Space_Operations/Path_Splicing	statement only in path-toolkit terms
Relative_Arbitrage	Dynamic_Programming_Kernels	path_stopping_time_cong	1821	11	MOVE	Path_Space_Operations/Path_Stopping_Times	statement only in path-toolkit terms
Relative_Arbitrage	Dynamic_Programming_Kernels	path_stopping_time_le	1801	7	MOVE	Path_Space_Operations/Path_Stopping_Times	statement only in path-toolkit terms
Relative_Arbitrage	Dynamic_Programming_Kernels	path_stopping_time_nonneg	1797	4	MOVE	Path_Space_Operations/Path_Stopping_Times	statement only in path-toolkit terms
Relative_Arbitrage	Dynamic_Programming_Kernels	path_stopping_time_stopped	1847	14	MOVE	Path_Space_Operations/Path_Stopping_Times	statement only in path-toolkit terms
Relative_Arbitrage	Dynamic_Programming_Kernels	pcut_pglue	261	22	MOVE	Path_Space_Operations/Path_Splicing	statement only in path-toolkit terms
Relative_Arbitrage	Dynamic_Programming_Kernels	pcut_pglue_self	283	15	MOVE	Path_Space_Operations/Path_Splicing	statement only in path-toolkit terms
Relative_Arbitrage	Dynamic_Programming_Kernels	pembed_apply	1767	3	MOVE	Path_Space_Operations/Path_Splicing	statement only in path-toolkit terms
Relative_Arbitrage	Dynamic_Programming_Kernels	pembed_outside	1773	3	MOVE	Path_Space_Operations/Path_Splicing	statement only in path-toolkit terms
Relative_Arbitrage	Dynamic_Programming_Kernels	pexit_pglue_selector_ge	725	95	STAY	Relative_Arbitrage/Dynamic_Programming_Kernels	paper statement
Relative_Arbitrage	Dynamic_Programming_Kernels	pre_sigma_ofI	2217	5	MOVE	Path_Space_Operations/Path_Stopping_Times	statement only in path-toolkit terms
Relative_Arbitrage	Dynamic_Programming_Kernels	pre_sigma_of_band	2308	26	MOVE	Path_Space_Operations/Path_Stopping_Times	statement only in path-toolkit terms
Relative_Arbitrage	Dynamic_Programming_Kernels	pre_sigma_of_cut	2225	9	MOVE	Path_Space_Operations/Path_Stopping_Times	statement only in path-toolkit terms
Relative_Arbitrage	Dynamic_Programming_Kernels	pre_sigma_of_mono	2279	29	MOVE	Path_Space_Operations/Path_Stopping_Times	statement only in path-toolkit terms
Relative_Arbitrage	Dynamic_Programming_Kernels	pre_sigma_of_sets	2222	3	MOVE	Path_Space_Operations/Path_Stopping_Times	statement only in path-toolkit terms
Relative_Arbitrage	Dynamic_Programming_Kernels	pre_sigma_of_value_slice	2334	49	MOVE	Path_Space_Operations/Path_Stopping_Times	statement only in path-toolkit terms
Relative_Arbitrage	Dynamic_Programming_Kernels	prebase_apply	1770	3	MOVE	Path_Space_Operations/Path_Splicing	statement only in path-toolkit terms
Relative_Arbitrage	Dynamic_Programming_Kernels	prebase_measurable	1910	60	MOVE	Path_Space_Operations/Path_Splicing	statement only in path-toolkit terms
Relative_Arbitrage	Dynamic_Programming_Kernels	prebase_mspace	1895	15	MOVE	Path_Space_Operations/Path_Splicing	statement only in path-toolkit terms
Relative_Arbitrage	Dynamic_Programming_Kernels	prebase_outside	1776	14	MOVE	Path_Space_Operations/Path_Splicing	statement only in path-toolkit terms
Relative_Arbitrage	Dynamic_Programming_Kernels	pstopped_add_pafter	1240	18	MOVE	Path_Space_Operations/Path_Stopping_Times	statement only in path-toolkit terms
Relative_Arbitrage	Dynamic_Programming_Kernels	pstopped_apply	1223	3	MOVE	Path_Space_Operations/Path_Stopping_Times	statement only in path-toolkit terms
Relative_Arbitrage	Dynamic_Programming_Kernels	pstopped_fst_continuous	1832	15	MOVE	Path_Space_Operations/Path_Stopping_Times	statement only in path-toolkit terms
Relative_Arbitrage	Dynamic_Programming_Kernels	pstopped_idem	1861	34	MOVE	Path_Space_Operations/Path_Stopping_Times	statement only in path-toolkit terms
Relative_Arbitrage	Dynamic_Programming_Kernels	pstopped_measurable	1463	50	MOVE	Path_Space_Operations/Path_Stopping_Times	statement only in path-toolkit terms
Relative_Arbitrage	Dynamic_Programming_Kernels	pstopped_mspace	1356	14	MOVE	Path_Space_Operations/Path_Stopping_Times	statement only in path-toolkit terms
Relative_Arbitrage	Dynamic_Programming_Kernels	pstopped_outside	1230	3	MOVE	Path_Space_Operations/Path_Stopping_Times	statement only in path-toolkit terms
Relative_Arbitrage	Dynamic_Programming_Kernels	sigma_algebra_pre_sigma_of	2234	45	MOVE	Path_Space_Operations/Path_Stopping_Times	statement only in path-toolkit terms
Relative_Arbitrage	Dynamic_Programming_Optional_Sampling	borel_measurable_at_simple_time	244	49	STAY-OR-UPSTREAM	Relative_Arbitrage/Dynamic_Programming_Optional_Sampling	no project dependency: pure HOL
Relative_Arbitrage	Dynamic_Programming_Optional_Sampling	dyceil_ge	109	10	MOVE	Path_Space_Operations/Path_Stopping_Times	statement only in path-toolkit terms
Relative_Arbitrage	Dynamic_Programming_Optional_Sampling	dyceil_le_U	106	3	MOVE	Path_Space_Operations/Path_Stopping_Times	statement only in path-toolkit terms
Relative_Arbitrage	Dynamic_Programming_Optional_Sampling	dyceil_le_iff	149	19	MOVE	Path_Space_Operations/Path_Stopping_Times	statement only in path-toolkit terms
Relative_Arbitrage	Dynamic_Programming_Optional_Sampling	dyceil_nonneg	119	8	MOVE	Path_Space_Operations/Path_Stopping_Times	statement only in path-toolkit terms
Relative_Arbitrage	Dynamic_Programming_Optional_Sampling	dyceil_range	127	22	MOVE	Path_Space_Operations/Path_Stopping_Times	statement only in path-toolkit terms
Relative_Arbitrage	Dynamic_Programming_Optional_Sampling	dyceil_stopping	197	36	MOVE	Path_Space_Operations/Path_Stopping_Times	statement only in path-toolkit terms
Relative_Arbitrage	Dynamic_Programming_Optional_Sampling	dyceil_tendsto	168	29	MOVE	Path_Space_Operations/Path_Stopping_Times	statement only in path-toolkit terms
Relative_Arbitrage	Dynamic_Programming_Optional_Sampling	path_eval_measurable_natural_filtration'	490	9	MOVE	Path_Space_Operations/Path_Splicing	statement only in path-toolkit terms
Relative_Arbitrage	Dynamic_Programming_Optional_Sampling	path_stopping_time_cut	407	41	MOVE	Path_Space_Operations/Path_Stopping_Times	statement only in path-toolkit terms
Relative_Arbitrage	Dynamic_Programming_Optional_Sampling	path_stopping_time_event_filtration	543	38	MOVE	Path_Space_Operations/Path_Stopping_Times	statement only in path-toolkit terms
Relative_Arbitrage	Dynamic_Programming_Optional_Sampling	path_stopping_time_shift	448	42	MOVE	Path_Space_Operations/Path_Stopping_Times	statement only in path-toolkit terms
Relative_Arbitrage	Dynamic_Programming_Optional_Sampling	pstopped_const_measurable_filtration	499	44	MOVE	Path_Space_Operations/Path_Stopping_Times	statement only in path-toolkit terms
Relative_Arbitrage	Dynamic_Programming_Optional_Sampling	set_martingale_sampling	293	114	MOVE	Path_Space_Operations/Path_Stopping_Times	statement only in path-toolkit terms
Relative_Arbitrage	Dynamic_Programming_Optional_Sampling	set_martingale_sampling_simple	20	83	MOVE	Path_Space_Operations/Path_Stopping_Times	statement only in path-toolkit terms
Relative_Arbitrage	Dynamic_Programming_Optional_Sampling	set_martingale_sampling_two	581	35	MOVE	Path_Space_Operations/Path_Stopping_Times	statement only in path-toolkit terms
Relative_Arbitrage	Dynamic_Programming_Optional_Sampling	space_in_pre_sigma_of	233	11	MOVE	Path_Space_Operations/Path_Stopping_Times	statement only in path-toolkit terms
Relative_Arbitrage	Dynamic_Programming_Pasting	exit_class_start	292	13	STAY	Relative_Arbitrage/Dynamic_Programming_Pasting	paper statement
Relative_Arbitrage	Dynamic_Programming_Pasting	exit_val_borel_measurable	328	60	STAY	Relative_Arbitrage/Dynamic_Programming_Pasting	paper statement
Relative_Arbitrage	Dynamic_Programming_Pasting	exit_val_dpp_ge	585	82	STAY	Relative_Arbitrage/Dynamic_Programming_Pasting	paper statement
Relative_Arbitrage	Dynamic_Programming_Pasting	exit_val_dpp_ge_const	388	197	STAY	Relative_Arbitrage/Dynamic_Programming_Pasting	paper statement
Relative_Arbitrage	Dynamic_Programming_Pasting	exit_val_dpp_le_of_cond	730	125	STAY/UNUSED?	Relative_Arbitrage/Dynamic_Programming_Pasting	paper statement
Relative_Arbitrage	Dynamic_Programming_Pasting	exit_val_dpp_sup_ge	667	27	STAY	Relative_Arbitrage/Dynamic_Programming_Pasting	paper statement
Relative_Arbitrage	Dynamic_Programming_Pasting	exit_val_kpaste_ge	23	66	STAY	Relative_Arbitrage/Dynamic_Programming_Pasting	paper statement
Relative_Arbitrage	Dynamic_Programming_Pasting	exit_val_measurable_selector_kernel'	204	69	STAY	Relative_Arbitrage/Dynamic_Programming_Pasting	paper statement
Relative_Arbitrage	Dynamic_Programming_Pasting	exit_val_neq_top	318	10	STAY	Relative_Arbitrage/Dynamic_Programming_Pasting	paper statement
Relative_Arbitrage	Dynamic_Programming_Pasting	exit_val_open_less	305	13	STAY	Relative_Arbitrage/Dynamic_Programming_Pasting	paper statement
Relative_Arbitrage	Dynamic_Programming_Pasting	pexit_cap_eq	694	36	MOVE	Continuous_Path_Spaces/Path_Exit_Times	statement only in path-toolkit terms
Relative_Arbitrage	Dynamic_Programming_Pasting	pexit_cong_on	273	9	MOVE	Continuous_Path_Spaces/Path_Exit_Times	statement only in path-toolkit terms
Relative_Arbitrage	Dynamic_Programming_Pasting	pexit_pcut	282	5	MOVE	Path_Space_Operations/Path_Splicing	statement only in path-toolkit terms
Relative_Arbitrage	Dynamic_Programming_Pasting	pexit_pglue_dpp	145	59	MOVE	Path_Space_Operations/Path_Splicing	statement only in path-toolkit terms
Relative_Arbitrage	Dynamic_Programming_Pasting	pexit_pglue_split'	89	56	MOVE	Path_Space_Operations/Path_Splicing	statement only in path-toolkit terms
Relative_Arbitrage	Dynamic_Programming_Pasting	pexit_pshift	287	5	MOVE	Path_Space_Operations/Path_Splicing	statement only in path-toolkit terms
Relative_Arbitrage	Dynamic_Programming_Stopping_Clauses	exit_class_comp_entry_sq_integrable	135	27	STAY	Relative_Arbitrage/Dynamic_Programming_Stopping_Clauses	paper statement
Relative_Arbitrage	Dynamic_Programming_Stopping_Clauses	exit_class_horizon_compensated	162	42	STAY	Relative_Arbitrage/Dynamic_Programming_Stopping_Clauses	paper statement
Relative_Arbitrage	Dynamic_Programming_Stopping_Clauses	exit_class_horizon_component	22	29	STAY	Relative_Arbitrage/Dynamic_Programming_Stopping_Clauses	paper statement
Relative_Arbitrage	Dynamic_Programming_Stopping_Clauses	exit_component_dyceil_tendsto	51	29	MOVE	Path_Space_Operations/Path_Stopping_Times	statement only in path-toolkit terms
Relative_Arbitrage	Dynamic_Programming_Stopping_Clauses	integrable_at_bounded_stopping_time	607	54	MOVE	Path_Space_Operations/Path_Stopping_Times	statement only in path-toolkit terms
Relative_Arbitrage	Dynamic_Programming_Stopping_Clauses	integrable_at_path_stopping_time	736	94	MOVE	Path_Space_Operations/Path_Stopping_Times	statement only in path-toolkit terms
Relative_Arbitrage	Dynamic_Programming_Stopping_Clauses	pafter_vimage_pre_sigma	459	90	MOVE	Path_Space_Operations/Path_Stopping_Times	statement only in path-toolkit terms
Relative_Arbitrage	Dynamic_Programming_Stopping_Clauses	path_stopping_time_cut_eq	204	16	MOVE	Path_Space_Operations/Path_Stopping_Times	statement only in path-toolkit terms
Relative_Arbitrage	Dynamic_Programming_Stopping_Clauses	path_stopping_time_event_filtration_all	319	30	MOVE	Path_Space_Operations/Path_Stopping_Times	statement only in path-toolkit terms
Relative_Arbitrage	Dynamic_Programming_Stopping_Clauses	path_stopping_time_max	292	27	MOVE	Path_Space_Operations/Path_Stopping_Times	statement only in path-toolkit terms
Relative_Arbitrage	Dynamic_Programming_Stopping_Clauses	path_stopping_time_shift_event	80	55	MOVE	Path_Space_Operations/Path_Stopping_Times	statement only in path-toolkit terms
Relative_Arbitrage	Dynamic_Programming_Stopping_Clauses	pcut_pafter_cut_compose	249	43	MOVE	Path_Space_Operations/Path_Stopping_Times	statement only in path-toolkit terms
Relative_Arbitrage	Dynamic_Programming_Stopping_Clauses	pre_sigma_ofI_le	349	26	MOVE	Path_Space_Operations/Path_Stopping_Times	statement only in path-toolkit terms
Relative_Arbitrage	Dynamic_Programming_Stopping_Clauses	pre_sigma_of_Int	375	18	MOVE	Path_Space_Operations/Path_Stopping_Times	statement only in path-toolkit terms
Relative_Arbitrage	Dynamic_Programming_Stopping_Clauses	pstopped_cut_compose	220	29	MOVE	Path_Space_Operations/Path_Stopping_Times	statement only in path-toolkit terms
Relative_Arbitrage	Dynamic_Programming_Stopping_Clauses	pstopped_vimage_pre_sigma	393	66	MOVE	Path_Space_Operations/Path_Stopping_Times	statement only in path-toolkit terms
Relative_Arbitrage	Dynamic_Programming_Stopping_Clauses	rect_vimage_pre_sigma_stopping	549	58	MOVE	Path_Space_Operations/Path_Stopping_Times	statement only in path-toolkit terms
Relative_Arbitrage	Dynamic_Programming_Stopping_Clauses	set_integral_increment_times_known	830	170	MOVE	Path_Space_Operations/Path_Stopping_Times	statement only in path-toolkit terms
Relative_Arbitrage	Dynamic_Programming_Stopping_Clauses	stopped_increment_of_horizon_gen	661	75	MOVE	Path_Space_Operations/Path_Stopping_Times	statement only in path-toolkit terms
Relative_Arbitrage	Eigenvalue_Bound_Exact	Pi_constraint_capped_trace	413	81	STAY	Relative_Arbitrage/Eigenvalue_Bound_Exact	paper statement
Relative_Arbitrage	Eigenvalue_Bound_Exact	convex_hull_augment	494	36	STAY	Relative_Arbitrage/Eigenvalue_Bound_Exact	paper statement
Relative_Arbitrage	Eigenvalue_Bound_Exact	convex_hull_augment_sum	530	30	STAY	Relative_Arbitrage/Eigenvalue_Bound_Exact	paper statement
Relative_Arbitrage	Eigenvalue_Bound_Exact	diag_in_convex_hull	389	24	STAY	Relative_Arbitrage/Eigenvalue_Bound_Exact	paper statement
Relative_Arbitrage	Eigenvalue_Bound_Exact	diag_in_convex_hull_aux	166	223	STAY	Relative_Arbitrage/Eigenvalue_Bound_Exact	paper statement
Relative_Arbitrage	Eigenvalue_Bound_Exact	diag_integral_suff_volatile	28	40	STAY	Relative_Arbitrage/Eigenvalue_Bound_Exact	paper statement
Relative_Arbitrage	Eigenvalue_Bound_Exact	lemma_2_1_exact	560	118	STAY/UNUSED?	Relative_Arbitrage/Eigenvalue_Bound_Exact	paper statement
Relative_Arbitrage	Eigenvalue_Bound_Exact	shift_convex_combination	97	69	STAY-OR-UPSTREAM	Relative_Arbitrage/Eigenvalue_Bound_Exact	no project dependency: pure HOL
Relative_Arbitrage	Eigenvalue_Bound_Exact	shift_i	72	3	STAY-OR-UPSTREAM/UNUSED?	Relative_Arbitrage/Eigenvalue_Bound_Exact	no project dependency: pure HOL
Relative_Arbitrage	Eigenvalue_Bound_Exact	shift_j	75	3	STAY-OR-UPSTREAM/UNUSED?	Relative_Arbitrage/Eigenvalue_Bound_Exact	no project dependency: pure HOL
Relative_Arbitrage	Eigenvalue_Bound_Exact	shift_other	78	3	STAY-OR-UPSTREAM	Relative_Arbitrage/Eigenvalue_Bound_Exact	no project dependency: pure HOL
Relative_Arbitrage	Eigenvalue_Bound_Exact	sum_shift	81	16	STAY-OR-UPSTREAM	Relative_Arbitrage/Eigenvalue_Bound_Exact	no project dependency: pure HOL
Relative_Arbitrage	Exit_Class	Pi_proj_ge_iff	64	19	STAY	Relative_Arbitrage/Exit_Class	paper statement
Relative_Arbitrage	Exit_Class	Pi_proj_mat_1	419	12	STAY	Relative_Arbitrage/Exit_Class	paper statement
Relative_Arbitrage	Exit_Class	acont_set_borel_measurable	481	40	MOVE	Symmetric_Matrix_Spectra/Outer_Products	statement only in path-toolkit terms
Relative_Arbitrage	Exit_Class	bounded_sconstraint	203	12	STAY	Relative_Arbitrage/Exit_Class	paper statement
Relative_Arbitrage	Exit_Class	closed_Pi_constraint	83	38	STAY	Relative_Arbitrage/Exit_Class	paper statement
Relative_Arbitrage	Exit_Class	closed_sconstraint	121	10	STAY	Relative_Arbitrage/Exit_Class	paper statement
Relative_Arbitrage	Exit_Class	closedin_diffquot_constraint	325	34	STAY	Relative_Arbitrage/Exit_Class	paper statement
Relative_Arbitrage	Exit_Class	closedin_start_point	1149	16	MOVE	Path_Space_Operations/Path_Splicing	statement only in path-toolkit terms
Relative_Arbitrage	Exit_Class	compactin_pair_holder_ball	947	9	MOVE	Path_Space_Operations/Path_Splicing	statement only in path-toolkit terms
Relative_Arbitrage	Exit_Class	continuous_map_diffquot	292	33	MOVE	Path_Space_Operations/Path_Splicing	statement only in path-toolkit terms
Relative_Arbitrage	Exit_Class	convex_eigen_ub	29	25	STAY	Relative_Arbitrage/Exit_Class	paper statement
Relative_Arbitrage	Exit_Class	diffquot_constraint_weak_limit	359	34	STAY	Relative_Arbitrage/Exit_Class	paper statement
Relative_Arbitrage	Exit_Class	exit_class_Y_bounded_ae	575	39	STAY	Relative_Arbitrage/Exit_Class	paper statement
Relative_Arbitrage	Exit_Class	exit_class_Y_diag_increment	625	60	STAY	Relative_Arbitrage/Exit_Class	paper statement
Relative_Arbitrage	Exit_Class	exit_class_Y_entry_bound_ae	719	22	STAY	Relative_Arbitrage/Exit_Class	paper statement
Relative_Arbitrage	Exit_Class	exit_class_Y_entry_integrable	741	13	STAY	Relative_Arbitrage/Exit_Class	paper statement
Relative_Arbitrage	Exit_Class	exit_class_Y_entry_measurable	698	21	STAY	Relative_Arbitrage/Exit_Class	paper statement
Relative_Arbitrage	Exit_Class	exit_class_compensated_entry_integrable	774	12	STAY	Relative_Arbitrage/Exit_Class	paper statement
Relative_Arbitrage	Exit_Class	exit_class_compensated_integrable	761	13	STAY	Relative_Arbitrage/Exit_Class	paper statement
Relative_Arbitrage	Exit_Class	exit_class_compensated_martingale	754	7	STAY	Relative_Arbitrage/Exit_Class	paper statement
Relative_Arbitrage	Exit_Class	exit_class_compensated_mean	821	40	STAY	Relative_Arbitrage/Exit_Class	paper statement
Relative_Arbitrage	Exit_Class	exit_class_diffquot_full_mass	1117	32	STAY	Relative_Arbitrage/Exit_Class	paper statement
Relative_Arbitrage	Exit_Class	exit_class_diffquot_limit	1228	82	STAY	Relative_Arbitrage/Exit_Class	paper statement
Relative_Arbitrage	Exit_Class	exit_class_eval_measurable	685	13	STAY	Relative_Arbitrage/Exit_Class	paper statement
Relative_Arbitrage	Exit_Class	exit_class_lipschitz_ae	533	42	STAY	Relative_Arbitrage/Exit_Class	paper statement
Relative_Arbitrage	Exit_Class	exit_class_prob	262	6	STAY	Relative_Arbitrage/Exit_Class	paper statement
Relative_Arbitrage	Exit_Class	exit_class_sets	268	7	STAY	Relative_Arbitrage/Exit_Class	paper statement
Relative_Arbitrage	Exit_Class	exit_class_sq_integrable	791	30	STAY	Relative_Arbitrage/Exit_Class	paper statement
Relative_Arbitrage	Exit_Class	exit_class_sq_mean_le	861	55	STAY	Relative_Arbitrage/Exit_Class	paper statement
Relative_Arbitrage	Exit_Class	exit_class_start_full_mass	1165	32	STAY	Relative_Arbitrage/Exit_Class	paper statement
Relative_Arbitrage	Exit_Class	exit_class_start_limit	1197	31	STAY	Relative_Arbitrage/Exit_Class	paper statement
Relative_Arbitrage	Exit_Class	mat_1_in_sconstraint	431	36	STAY	Relative_Arbitrage/Exit_Class	paper statement
Relative_Arbitrage	Exit_Class	pair_holder_ball_mem	956	21	MOVE	Path_Space_Operations/Path_Splicing	statement only in path-toolkit terms
Relative_Arbitrage	Exit_Class	pair_holder_charge_split	1024	93	MOVE	Path_Space_Operations/Path_Splicing	statement only in path-toolkit terms
Relative_Arbitrage	Exit_Class	pair_holder_of_components	916	31	MOVE	Path_Space_Operations/Path_Splicing	statement only in path-toolkit terms
Relative_Arbitrage	Exit_Class	psd_eigen_ub_diag	131	17	STAY	Relative_Arbitrage/Exit_Class	paper statement
Relative_Arbitrage	Exit_Class	psd_eigen_ub_entry_abs_le	148	21	STAY	Relative_Arbitrage/Exit_Class	paper statement
Relative_Arbitrage	Exit_Class	psd_mat_1	409	10	MOVE	Symmetric_Matrix_Spectra/Symmetric_Spectral	uses only Symmetric_Matrix_Spectra
Relative_Arbitrage	Exit_Class	sconstraint_convex	54	10	STAY	Relative_Arbitrage/Exit_Class	paper statement
Relative_Arbitrage	Exit_Class	sconstraint_diag	614	11	STAY	Relative_Arbitrage/Exit_Class	paper statement
Relative_Arbitrage	Exit_Class	sconstraint_norm_le	169	34	STAY	Relative_Arbitrage/Exit_Class	paper statement
Relative_Arbitrage	Exit_Class	space_of_path_sets	275	17	MOVE	Path_Space_Operations/Path_Splicing	statement only in path-toolkit terms
Relative_Arbitrage	Exit_Class	sq_coord_split	786	5	MOVE	Symmetric_Matrix_Spectra/Outer_Products	statement only in path-toolkit terms
Relative_Arbitrage	Exit_Class	suff_volatile_cap_in_sconstraint	393	16	STAY	Relative_Arbitrage/Exit_Class	paper statement
Relative_Arbitrage	Exit_Class	tight_on_set_pair_holder_charge	977	47	MOVE	Path_Space_Operations/Path_Splicing	statement only in path-toolkit terms
Relative_Arbitrage	Exit_Class_Infinite	continuous_on_iglue	545	33	MOVE	Path_Space_Operations/Path_Splicing	statement only in path-toolkit terms
Relative_Arbitrage	Exit_Class_Infinite	ess_inf_ennI	96	5	MOVE	Continuous_Time_Martingales/Essential_Infimum	statement only in path-toolkit terms
Relative_Arbitrage	Exit_Class_Infinite	ess_inf_enn_AE	113	17	MOVE	Continuous_Time_Martingales/Essential_Infimum	statement only in path-toolkit terms
Relative_Arbitrage	Exit_Class_Infinite	ess_inf_enn_ennreal	141	6	MOVE	Continuous_Time_Martingales/Essential_Infimum	statement only in path-toolkit terms
Relative_Arbitrage	Exit_Class_Infinite	ess_inf_enn_min_const	130	11	MOVE	Continuous_Time_Martingales/Essential_Infimum	statement only in path-toolkit terms
Relative_Arbitrage	Exit_Class_Infinite	ess_inf_enn_mono	101	12	MOVE	Continuous_Time_Martingales/Essential_Infimum	statement only in path-toolkit terms
Relative_Arbitrage	Exit_Class_Infinite	exit_class_has_extension	1180	12	STAY	Relative_Arbitrage/Exit_Class_Infinite	paper statement
Relative_Arbitrage	Exit_Class_Infinite	ibm_law_cut_in_class	636	12	STAY	Relative_Arbitrage/Exit_Class_Infinite	paper statement
Relative_Arbitrage	Exit_Class_Infinite	ibmpair_measurable	584	26	STAY	Relative_Arbitrage/Exit_Class_Infinite	paper statement
Relative_Arbitrage	Exit_Class_Infinite	iexit_cap	33	60	MOVE	Continuous_Path_Spaces/Path_Exit_Times	statement only in path-toolkit terms
Relative_Arbitrage	Exit_Class_Infinite	iexit_class_X_martingale	200	6	STAY	Relative_Arbitrage/Exit_Class_Infinite	paper statement
Relative_Arbitrage	Exit_Class_Infinite	iexit_class_comp_martingale	206	19	STAY	Relative_Arbitrage/Exit_Class_Infinite	paper statement
Relative_Arbitrage	Exit_Class_Infinite	iexit_class_diffquot	194	6	STAY	Relative_Arbitrage/Exit_Class_Infinite	paper statement
Relative_Arbitrage	Exit_Class_Infinite	iexit_class_pcut	225	141	STAY	Relative_Arbitrage/Exit_Class_Infinite	paper statement
Relative_Arbitrage	Exit_Class_Infinite	iexit_class_prob	167	4	STAY	Relative_Arbitrage/Exit_Class_Infinite	paper statement
Relative_Arbitrage	Exit_Class_Infinite	iexit_class_sets	171	4	STAY	Relative_Arbitrage/Exit_Class_Infinite	paper statement
Relative_Arbitrage	Exit_Class_Infinite	iexit_class_start	175	10	STAY	Relative_Arbitrage/Exit_Class_Infinite	paper statement
Relative_Arbitrage	Exit_Class_Infinite	iexit_val_cap_le	366	75	STAY	Relative_Arbitrage/Exit_Class_Infinite	paper statement
Relative_Arbitrage	Exit_Class_Infinite	iexit_val_eq_exit_val	1192	13	STAY	Relative_Arbitrage/Exit_Class_Infinite	paper statement
Relative_Arbitrage	Exit_Class_Infinite	iexit_val_eq_exit_val_ball	1223	18	STAY	Relative_Arbitrage/Exit_Class_Infinite	paper statement
Relative_Arbitrage	Exit_Class_Infinite	iexit_val_eq_exit_val_bounded	1205	18	STAY	Relative_Arbitrage/Exit_Class_Infinite	paper statement
Relative_Arbitrage	Exit_Class_Infinite	iexit_val_eq_of_extension	489	29	STAY	Relative_Arbitrage/Exit_Class_Infinite	paper statement
Relative_Arbitrage	Exit_Class_Infinite	iexit_val_ge_of_extension	441	48	STAY	Relative_Arbitrage/Exit_Class_Infinite	paper statement
Relative_Arbitrage	Exit_Class_Infinite	iextend_cut_in_class	817	15	STAY	Relative_Arbitrage/Exit_Class_Infinite	paper statement
Relative_Arbitrage	Exit_Class_Infinite	iextend_in_iexit_class	1058	122	STAY	Relative_Arbitrage/Exit_Class_Infinite	paper statement
Relative_Arbitrage	Exit_Class_Infinite	iextend_measurable	719	8	STAY	Relative_Arbitrage/Exit_Class_Infinite	paper statement
Relative_Arbitrage	Exit_Class_Infinite	iextend_pcut_in_class	1034	24	STAY	Relative_Arbitrage/Exit_Class_Infinite	paper statement
Relative_Arbitrage	Exit_Class_Infinite	iglue_measurable	659	51	MOVE	Path_Space_Operations/Path_Splicing	statement only in path-toolkit terms
Relative_Arbitrage	Exit_Class_Infinite	ipcut_measurable	185	9	MOVE	Path_Space_Operations/Path_Splicing	statement only in path-toolkit terms
Relative_Arbitrage	Exit_Class_Infinite	martingale_of_cuts	926	99	MOVE	Path_Space_Operations/Path_Law_Pasting	statement only in path-toolkit terms
Relative_Arbitrage	Exit_Class_Infinite	natural_filtration_pcut	870	56	MOVE	Path_Space_Operations/Path_Law_Pasting	statement only in path-toolkit terms
Relative_Arbitrage	Exit_Class_Infinite	pair_law_of_pcut_ibm_law	621	15	STAY	Relative_Arbitrage/Exit_Class_Infinite	paper statement
Relative_Arbitrage	Exit_Class_Infinite	pair_law_of_pcut_iextend	747	70	STAY	Relative_Arbitrage/Exit_Class_Infinite	paper statement
Relative_Arbitrage	Exit_Class_Infinite	pcut_ibmpair	581	3	STAY	Relative_Arbitrage/Exit_Class_Infinite	paper statement
Relative_Arbitrage	Exit_Class_Infinite	pcut_id_on_mspace	518	17	MOVE	Path_Space_Operations/Path_Splicing	statement only in path-toolkit terms
Relative_Arbitrage	Exit_Class_Infinite	pcut_iglue	539	6	MOVE	Path_Space_Operations/Path_Splicing	statement only in path-toolkit terms
Relative_Arbitrage	Exit_Class_Infinite	pcut_law_iextend	832	38	STAY	Relative_Arbitrage/Exit_Class_Infinite	paper statement
Relative_Arbitrage	Exit_Class_Infinite	pcut_pcut	1025	9	MOVE	Path_Space_Operations/Path_Splicing	statement only in path-toolkit terms
Relative_Arbitrage	Exit_Class_Infinite	pexit_le_iexit	23	10	MOVE	Continuous_Path_Spaces/Path_Exit_Times	statement only in path-toolkit terms
Relative_Arbitrage	Exit_Class_Infinite	pglue_pcut	648	6	MOVE	Path_Space_Operations/Path_Splicing	statement only in path-toolkit terms
Relative_Arbitrage	Exit_Class_Infinite	pglue_self	654	5	MOVE	Path_Space_Operations/Path_Splicing	statement only in path-toolkit terms
Relative_Arbitrage	Exit_Class_Infinite	prob_space_ibm_law	617	4	STAY	Relative_Arbitrage/Exit_Class_Infinite	paper statement
Relative_Arbitrage	Exit_Class_Infinite	prob_space_iextend	727	20	STAY	Relative_Arbitrage/Exit_Class_Infinite	paper statement
Relative_Arbitrage	Exit_Class_Infinite	sets_ibm_law	613	4	STAY	Relative_Arbitrage/Exit_Class_Infinite	paper statement
Relative_Arbitrage	Exit_Class_Infinite	sets_iextend	715	4	STAY	Relative_Arbitrage/Exit_Class_Infinite	paper statement
Relative_Arbitrage	Exit_Class_Limits	comp_entry_cont	2844	14	MOVE	Symmetric_Matrix_Spectra/Outer_Products	statement only in path-toolkit terms
Relative_Arbitrage	Exit_Class_Limits	comp_entry_eq	2839	5	MOVE	Symmetric_Matrix_Spectra/Outer_Products	statement only in path-toolkit terms
Relative_Arbitrage	Exit_Class_Limits	exit_class_X_martingale	144	7	STAY	Relative_Arbitrage/Exit_Class_Limits	paper statement
Relative_Arbitrage	Exit_Class_Limits	exit_class_X_martingale_limit	1124	25	STAY	Relative_Arbitrage/Exit_Class_Limits	paper statement
Relative_Arbitrage	Exit_Class_Limits	exit_class_comp_entry_martingale_limit	3072	51	STAY	Relative_Arbitrage/Exit_Class_Limits	paper statement
Relative_Arbitrage	Exit_Class_Limits	exit_class_comp_entry_sq_nn	2947	125	STAY	Relative_Arbitrage/Exit_Class_Limits	paper statement
Relative_Arbitrage	Exit_Class_Limits	exit_class_comp_martingale_limit	3123	22	STAY	Relative_Arbitrage/Exit_Class_Limits	paper statement
Relative_Arbitrage	Exit_Class_Limits	exit_class_comp_paths_cont	1241	25	MOVE	Path_Space_Operations/Path_Splicing	statement only in path-toolkit terms
Relative_Arbitrage	Exit_Class_Limits	exit_class_compensated_coord_martingale	1266	26	STAY	Relative_Arbitrage/Exit_Class_Limits	paper statement
Relative_Arbitrage	Exit_Class_Limits	exit_class_cont_adapted	1304	19	STAY	Relative_Arbitrage/Exit_Class_Limits	paper statement
Relative_Arbitrage	Exit_Class_Limits	exit_class_coord_adapted	1193	16	STAY	Relative_Arbitrage/Exit_Class_Limits	paper statement
Relative_Arbitrage	Exit_Class_Limits	exit_class_coord_martingale	151	7	STAY	Relative_Arbitrage/Exit_Class_Limits	paper statement
Relative_Arbitrage	Exit_Class_Limits	exit_class_coord_martingale_limit	1000	124	STAY	Relative_Arbitrage/Exit_Class_Limits	paper statement
Relative_Arbitrage	Exit_Class_Limits	exit_class_coord_paths_cont	1226	15	MOVE	Path_Space_Operations/Path_Splicing	statement only in path-toolkit terms
Relative_Arbitrage	Exit_Class_Limits	exit_class_fourth_moment	1946	129	STAY	Relative_Arbitrage/Exit_Class_Limits	paper statement
Relative_Arbitrage	Exit_Class_Limits	exit_class_fourth_moment_abs	2858	89	STAY	Relative_Arbitrage/Exit_Class_Limits	paper statement
Relative_Arbitrage	Exit_Class_Limits	exit_class_limit_increment_integrable	663	29	STAY	Relative_Arbitrage/Exit_Class_Limits	paper statement
Relative_Arbitrage	Exit_Class_Limits	exit_class_limit_sq_nn	646	17	STAY	Relative_Arbitrage/Exit_Class_Limits	paper statement
Relative_Arbitrage	Exit_Class_Limits	exit_class_limit_three_clauses	1149	44	STAY	Relative_Arbitrage/Exit_Class_Limits	paper statement
Relative_Arbitrage	Exit_Class_Limits	exit_class_martingale_event_limit	692	226	STAY	Relative_Arbitrage/Exit_Class_Limits	paper statement
Relative_Arbitrage	Exit_Class_Limits	exit_class_martingale_test	158	64	STAY	Relative_Arbitrage/Exit_Class_Limits	paper statement
Relative_Arbitrage	Exit_Class_Limits	exit_class_martingale_test_limit	532	100	STAY	Relative_Arbitrage/Exit_Class_Limits	paper statement
Relative_Arbitrage	Exit_Class_Limits	exit_class_path_cont	1209	17	MOVE	Path_Space_Operations/Path_Splicing	statement only in path-toolkit terms
Relative_Arbitrage	Exit_Class_Limits	exit_class_ploc_stopping	1323	28	STAY	Relative_Arbitrage/Exit_Class_Limits	paper statement
Relative_Arbitrage	Exit_Class_Limits	exit_class_sq_nn_bound	509	10	STAY	Relative_Arbitrage/Exit_Class_Limits	paper statement
Relative_Arbitrage	Exit_Class_Limits	exit_class_stopped_A_abs_le	1653	37	STAY	Relative_Arbitrage/Exit_Class_Limits	paper statement
Relative_Arbitrage	Exit_Class_Limits	exit_class_stopped_abs_le	1627	26	STAY	Relative_Arbitrage/Exit_Class_Limits	paper statement
Relative_Arbitrage	Exit_Class_Limits	exit_class_stopped_comp_martingale	1454	113	STAY	Relative_Arbitrage/Exit_Class_Limits	paper statement
Relative_Arbitrage	Exit_Class_Limits	exit_class_stopped_compensator_rate	1567	60	STAY	Relative_Arbitrage/Exit_Class_Limits	paper statement
Relative_Arbitrage	Exit_Class_Limits	exit_class_stopped_cond_exp	1690	155	STAY	Relative_Arbitrage/Exit_Class_Limits	paper statement
Relative_Arbitrage	Exit_Class_Limits	exit_class_stopped_coord_martingale	1380	74	STAY	Relative_Arbitrage/Exit_Class_Limits	paper statement
Relative_Arbitrage	Exit_Class_Limits	exit_class_stopped_fourth_moment	1863	72	STAY	Relative_Arbitrage/Exit_Class_Limits	paper statement
Relative_Arbitrage	Exit_Class_Limits	exit_class_weak_closed	3145	38	STAY	Relative_Arbitrage/Exit_Class_Limits	paper statement
Relative_Arbitrage	Exit_Class_Limits	martingale_F_limit	2697	142	MOVE	Path_Space_Operations/Path_Splicing	statement only in path-toolkit terms
Relative_Arbitrage	Exit_Class_Limits	martingale_event_F_limit	2468	229	MOVE	Path_Space_Operations/Path_Splicing	statement only in path-toolkit terms
Relative_Arbitrage	Exit_Class_Limits	martingale_test_F	2325	55	MOVE	Path_Space_Operations/Path_Splicing	statement only in path-toolkit terms
Relative_Arbitrage	Exit_Class_Limits	martingale_test_F_limit	2380	88	MOVE	Path_Space_Operations/Path_Splicing	statement only in path-toolkit terms
Relative_Arbitrage	Exit_Class_Limits	natural_filtration_eq_restrict_vimage	949	51	MOVE	Path_Space_Operations/Path_Splicing	statement only in path-toolkit terms
Relative_Arbitrage	Exit_Class_Limits	pair_eval_F_cont	2075	17	MOVE	Path_Space_Operations/Path_Splicing	statement only in path-toolkit terms
Relative_Arbitrage	Exit_Class_Limits	pair_eval_F_sq_cont	2092	15	MOVE	Path_Space_Operations/Path_Splicing	statement only in path-toolkit terms
Relative_Arbitrage	Exit_Class_Limits	pair_eval_coord_cont	222	23	MOVE	Path_Space_Operations/Path_Splicing	statement only in path-toolkit terms
Relative_Arbitrage	Exit_Class_Limits	pair_eval_coord_sq_cont	245	15	MOVE	Path_Space_Operations/Path_Splicing	statement only in path-toolkit terms
Relative_Arbitrage	Exit_Class_Limits	pair_law_F_measurable	2132	17	MOVE	Path_Space_Operations/Path_Splicing	statement only in path-toolkit terms
Relative_Arbitrage	Exit_Class_Limits	pair_law_F_sq_integrable_of_nn_bound	2166	22	MOVE	Path_Space_Operations/Path_Splicing	statement only in path-toolkit terms
Relative_Arbitrage	Exit_Class_Limits	pair_law_F_sq_mean_of_nn_bound	2188	13	MOVE	Path_Space_Operations/Path_Splicing	statement only in path-toolkit terms
Relative_Arbitrage	Exit_Class_Limits	pair_law_F_sq_measurable	2149	17	MOVE	Path_Space_Operations/Path_Splicing	statement only in path-toolkit terms
Relative_Arbitrage	Exit_Class_Limits	pair_law_coord_measurable	289	16	MOVE	Path_Space_Operations/Path_Splicing	statement only in path-toolkit terms
Relative_Arbitrage	Exit_Class_Limits	pair_law_coord_sq_measurable	305	16	MOVE	Path_Space_Operations/Path_Splicing	statement only in path-toolkit terms
Relative_Arbitrage	Exit_Class_Limits	pair_law_coord_sq_nn_bound	341	23	MOVE	Path_Space_Operations/Path_Splicing	statement only in path-toolkit terms
Relative_Arbitrage	Exit_Class_Limits	pair_law_eval_measurable	918	31	MOVE	Path_Space_Operations/Path_Splicing	statement only in path-toolkit terms
Relative_Arbitrage	Exit_Class_Limits	pair_law_limit_sq_nn_bound	519	13	MOVE	Path_Space_Operations/Path_Splicing	statement only in path-toolkit terms
Relative_Arbitrage	Exit_Class_Limits	pair_law_sq_integrable_of_nn_bound	321	20	MOVE	Path_Space_Operations/Path_Splicing	statement only in path-toolkit terms
Relative_Arbitrage	Exit_Class_Limits	pair_law_sq_mean_of_nn_bound	364	13	MOVE	Path_Space_Operations/Path_Splicing	statement only in path-toolkit terms
Relative_Arbitrage	Exit_Class_Limits	pair_test_F_functional_cont	2107	25	MOVE	Path_Space_Operations/Path_Splicing	statement only in path-toolkit terms
Relative_Arbitrage	Exit_Class_Limits	pair_test_F_integrable	2301	24	MOVE	Path_Space_Operations/Path_Splicing	statement only in path-toolkit terms
Relative_Arbitrage	Exit_Class_Limits	pair_test_F_measurable	2201	23	MOVE	Path_Space_Operations/Path_Splicing	statement only in path-toolkit terms
Relative_Arbitrage	Exit_Class_Limits	pair_test_F_sq_bound	2224	77	MOVE	Path_Space_Operations/Path_Splicing	statement only in path-toolkit terms
Relative_Arbitrage	Exit_Class_Limits	pair_test_functional_cont	260	29	MOVE	Path_Space_Operations/Path_Splicing	statement only in path-toolkit terms
Relative_Arbitrage	Exit_Class_Limits	pair_test_integrable	485	24	MOVE	Path_Space_Operations/Path_Splicing	statement only in path-toolkit terms
Relative_Arbitrage	Exit_Class_Limits	pair_test_measurable	377	22	MOVE	Path_Space_Operations/Path_Splicing	statement only in path-toolkit terms
Relative_Arbitrage	Exit_Class_Limits	pair_test_sq_bound	399	86	MOVE	Path_Space_Operations/Path_Splicing	statement only in path-toolkit terms
Relative_Arbitrage	Exit_Class_Limits	past_test_measurable_natural_filtration	130	14	MOVE	Path_Space_Operations/Path_Splicing	statement only in path-toolkit terms
Relative_Arbitrage	Exit_Class_Limits	pcoord_stopped_bounded	1351	29	MOVE	Path_Space_Operations/Path_Splicing	statement only in path-toolkit terms
Relative_Arbitrage	Exit_Class_Limits	pcoord_stopped_paths_cont	1845	18	MOVE	Path_Space_Operations/Path_Splicing	statement only in path-toolkit terms
Relative_Arbitrage	Exit_Class_Limits	ploc_eq_T_of_below	1935	11	MOVE	Path_Space_Operations/Path_Splicing	statement only in path-toolkit terms
Relative_Arbitrage	Exit_Class_Limits	ploc_nonneg	1301	3	MOVE	Path_Space_Operations/Path_Splicing	statement only in path-toolkit terms
Relative_Arbitrage	Exit_Class_Limits	restrict_in_mspace	632	14	MOVE	Path_Space_Operations/Path_Splicing	statement only in path-toolkit terms
Relative_Arbitrage	Exit_Class_Limits	restrict_measurable_natural_filtration	103	27	MOVE	Path_Space_Operations/Path_Splicing	statement only in path-toolkit terms
Relative_Arbitrage	Exit_Class_Limits	stopped_market_acov_leaves_sconstraint	70	33	STAY/UNUSED?	Relative_Arbitrage/Exit_Class_Limits	paper statement
Relative_Arbitrage	Exit_Class_Marginals	diffquot_entry	568	22	STAY	Relative_Arbitrage/Exit_Class_Marginals	paper statement
Relative_Arbitrage	Exit_Class_Marginals	diffquot_psd	546	22	STAY	Relative_Arbitrage/Exit_Class_Marginals	paper statement
Relative_Arbitrage	Exit_Class_Marginals	diffquot_sym	590	31	STAY	Relative_Arbitrage/Exit_Class_Marginals	paper statement
Relative_Arbitrage	Exit_Class_Marginals	ess_inf_enn_distr	1765	12	MOVE	Continuous_Time_Martingales/Essential_Infimum	statement only in path-toolkit terms
Relative_Arbitrage	Exit_Class_Marginals	ess_inf_enn_fstify	1831	19	STAY	Relative_Arbitrage/Exit_Class_Marginals	paper statement
Relative_Arbitrage	Exit_Class_Marginals	ess_inf_enn_liftify	1850	20	STAY	Relative_Arbitrage/Exit_Class_Marginals	paper statement
Relative_Arbitrage	Exit_Class_Marginals	iexit_class_fstify_measurable	1777	26	STAY	Relative_Arbitrage/Exit_Class_Marginals	paper statement
Relative_Arbitrage	Exit_Class_Marginals	iexit_class_marginal_in_xclass	797	348	STAY	Relative_Arbitrage/Exit_Class_Marginals	paper statement
Relative_Arbitrage	Exit_Class_Marginals	iexit_class_qvmat	621	170	STAY	Relative_Arbitrage/Exit_Class_Marginals	paper statement
Relative_Arbitrage	Exit_Class_Marginals	iexit_cong_nonneg	1662	5	MOVE	Continuous_Path_Spaces/Path_Exit_Times	statement only in path-toolkit terms
Relative_Arbitrage	Exit_Class_Marginals	iexit_fst_measurable_ipath	1743	22	MOVE	Continuous_Path_Spaces/Path_Exit_Times	statement only in path-toolkit terms
Relative_Arbitrage	Exit_Class_Marginals	iexit_measurable_gen	1694	30	MOVE	Continuous_Path_Spaces/Path_Exit_Times	statement only in path-toolkit terms
Relative_Arbitrage	Exit_Class_Marginals	iexit_measurable_ipath	1724	19	MOVE	Continuous_Path_Spaces/Path_Exit_Times	statement only in path-toolkit terms
Relative_Arbitrage	Exit_Class_Marginals	iexit_nat_sup	1674	20	MOVE	Continuous_Path_Spaces/Path_Exit_Times	statement only in path-toolkit terms
Relative_Arbitrage	Exit_Class_Marginals	iexit_val_eq_xval	1870	39	STAY	Relative_Arbitrage/Exit_Class_Marginals	paper statement
Relative_Arbitrage	Exit_Class_Marginals	ipath_eval_measurable_sets	791	6	MOVE	Continuous_Path_Spaces/Path_Space_Infinite	uses only Continuous_Path_Spaces
Relative_Arbitrage	Exit_Class_Marginals	pairpath_diffquot_sets	1318	110	STAY	Relative_Arbitrage/Exit_Class_Marginals	paper statement
Relative_Arbitrage	Exit_Class_Marginals	pairpath_start_sets	1302	16	MOVE	Path_Space_Operations/Path_Splicing	statement only in path-toolkit terms
Relative_Arbitrage	Exit_Class_Marginals	pexit_cong_nonneg	1653	9	MOVE	Continuous_Path_Spaces/Path_Exit_Times	statement only in path-toolkit terms
Relative_Arbitrage	Exit_Class_Marginals	pexit_restrict	1667	7	MOVE	Continuous_Path_Spaces/Path_Exit_Times	statement only in path-toolkit terms
Relative_Arbitrage	Exit_Class_Marginals	qvmat_eq_A_localised	277	218	MOVE	Continuous_Path_Spaces/Adapted_Quadratic_Variation	uses only Continuous_Path_Spaces
Relative_Arbitrage	Exit_Class_Marginals	qvps_eq_A_localised	145	132	MOVE	Continuous_Path_Spaces/Adapted_Quadratic_Variation	uses only Continuous_Path_Spaces+Continuous_Time_Martingales
Relative_Arbitrage	Exit_Class_Marginals	qvps_eq_A_stopped	36	109	MOVE	Continuous_Path_Spaces/Adapted_Quadratic_Variation	uses only Continuous_Path_Spaces+Continuous_Time_Martingales
Relative_Arbitrage	Exit_Class_Marginals	xclass_lift_in_iexit_class	1428	225	STAY	Relative_Arbitrage/Exit_Class_Marginals	paper statement
Relative_Arbitrage	Exit_Class_Marginals	xclass_liftify_measurable	1803	28	STAY	Relative_Arbitrage/Exit_Class_Marginals	paper statement
Relative_Arbitrage	Exit_Class_Marginals	xclass_martingale	524	22	STAY	Relative_Arbitrage/Exit_Class_Marginals	paper statement
Relative_Arbitrage	Exit_Class_Marginals	xclass_prob	514	3	STAY	Relative_Arbitrage/Exit_Class_Marginals	paper statement
Relative_Arbitrage	Exit_Class_Marginals	xclass_qvmata	1145	157	STAY	Relative_Arbitrage/Exit_Class_Marginals	paper statement
Relative_Arbitrage	Exit_Class_Marginals	xclass_sets	517	4	STAY	Relative_Arbitrage/Exit_Class_Marginals	paper statement
Relative_Arbitrage	Exit_Class_Marginals	xclass_start	521	3	STAY	Relative_Arbitrage/Exit_Class_Marginals	paper statement
Relative_Arbitrage	Exit_Class_Optimizer	AE_kglue_law'	873	96	MOVE	Path_Space_Operations/Path_Splicing	statement only in path-toolkit terms
Relative_Arbitrage	Exit_Class_Optimizer	Lipschitz_pfst	46	45	MOVE	Path_Space_Operations/Path_Splicing	statement only in path-toolkit terms
Relative_Arbitrage	Exit_Class_Optimizer	Lipschitz_pglue	1033	77	MOVE	Path_Space_Operations/Path_Splicing	statement only in path-toolkit terms
Relative_Arbitrage	Exit_Class_Optimizer	Polish_space_path_metric	796	17	MOVE	Continuous_Path_Spaces/Path_Space	uses only Continuous_Path_Spaces
Relative_Arbitrage	Exit_Class_Optimizer	ess_inf_pexit_pshift_usc	478	54	MOVE	Path_Space_Operations/Path_Law_Pasting	statement only in path-toolkit terms
Relative_Arbitrage	Exit_Class_Optimizer	ess_inf_time_pfst	91	17	MOVE	Path_Space_Operations/Path_Splicing	statement only in path-toolkit terms
Relative_Arbitrage	Exit_Class_Optimizer	exit_class_compact_metric_space	532	72	STAY	Relative_Arbitrage/Exit_Class_Optimizer	paper statement
Relative_Arbitrage	Exit_Class_Optimizer	exit_class_compactin_weak	190	81	STAY	Relative_Arbitrage/Exit_Class_Optimizer	paper statement
Relative_Arbitrage	Exit_Class_Optimizer	exit_class_kglue_law'	1427	108	STAY	Relative_Arbitrage/Exit_Class_Optimizer	paper statement
Relative_Arbitrage	Exit_Class_Optimizer	exit_val_attained	108	82	STAY	Relative_Arbitrage/Exit_Class_Optimizer	paper statement
Relative_Arbitrage	Exit_Class_Optimizer	exit_val_measurable_selector	604	192	STAY	Relative_Arbitrage/Exit_Class_Optimizer	paper statement
Relative_Arbitrage	Exit_Class_Optimizer	kglue_law'_measurable	826	21	MOVE	Path_Space_Operations/Path_Splicing	statement only in path-toolkit terms
Relative_Arbitrage	Exit_Class_Optimizer	kglue_law_eq_kglue_law'	1288	139	MOVE	Path_Space_Operations/Path_Law_Pasting	statement only in path-toolkit terms
Relative_Arbitrage	Exit_Class_Optimizer	ksemi_weak_conv	1110	178	MOVE	Continuous_Time_Martingales/Semidirect_Kernels	uses only Continuous_Time_Martingales
Relative_Arbitrage	Exit_Class_Optimizer	mdist_pglue_le	975	58	MOVE	Path_Space_Operations/Path_Splicing	statement only in path-toolkit terms
Relative_Arbitrage	Exit_Class_Optimizer	mdist_pshift_pshift	271	23	MOVE	Path_Space_Operations/Path_Splicing	statement only in path-toolkit terms
Relative_Arbitrage	Exit_Class_Optimizer	pfst_mspace	36	10	MOVE	Path_Space_Operations/Path_Splicing	statement only in path-toolkit terms
Relative_Arbitrage	Exit_Class_Optimizer	prob_space_kglue_law'	847	26	MOVE	Path_Space_Operations/Path_Splicing	statement only in path-toolkit terms
Relative_Arbitrage	Exit_Class_Optimizer	pshift_law_weak_conv_joint	294	184	MOVE	Path_Space_Operations/Path_Law_Pasting	statement only in path-toolkit terms
Relative_Arbitrage	Exit_Class_Optimizer	second_countable_path_metric	969	6	MOVE	Continuous_Path_Spaces/Path_Space	uses only Continuous_Path_Spaces
Relative_Arbitrage	Exit_Class_Optimizer	sets_kglue_law'	820	6	MOVE	Path_Space_Operations/Path_Splicing	statement only in path-toolkit terms
Relative_Arbitrage	Exit_Class_Pasting	AE_kglue_law	1653	62	MOVE	Path_Space_Operations/Path_Law_Pasting	statement only in path-toolkit terms
Relative_Arbitrage	Exit_Class_Pasting	AE_pglue_law	462	62	MOVE	Path_Space_Operations/Path_Law_Pasting	statement only in path-toolkit terms
Relative_Arbitrage	Exit_Class_Pasting	continuous_on_pglue	290	26	MOVE	Path_Space_Operations/Path_Splicing	statement only in path-toolkit terms
Relative_Arbitrage	Exit_Class_Pasting	exit_class_comp_norm_mean_le	2407	62	STAY	Relative_Arbitrage/Exit_Class_Pasting	paper statement
Relative_Arbitrage	Exit_Class_Pasting	exit_class_diffquot_of_pairs	66	59	STAY	Relative_Arbitrage/Exit_Class_Pasting	paper statement
Relative_Arbitrage	Exit_Class_Pasting	exit_class_inner_mean_le	2377	30	STAY	Relative_Arbitrage/Exit_Class_Pasting	paper statement
Relative_Arbitrage	Exit_Class_Pasting	exit_class_kglue_law	3063	45	STAY	Relative_Arbitrage/Exit_Class_Pasting	paper statement
Relative_Arbitrage	Exit_Class_Pasting	exit_class_norm_mean_le	1856	65	STAY	Relative_Arbitrage/Exit_Class_Pasting	paper statement
Relative_Arbitrage	Exit_Class_Pasting	exit_class_pcut	125	150	STAY	Relative_Arbitrage/Exit_Class_Pasting	paper statement
Relative_Arbitrage	Exit_Class_Pasting	exit_class_pglue_law	1268	22	STAY	Relative_Arbitrage/Exit_Class_Pasting	paper statement
Relative_Arbitrage	Exit_Class_Pasting	exit_val_horizon_mono	1335	111	STAY	Relative_Arbitrage/Exit_Class_Pasting	paper statement
Relative_Arbitrage	Exit_Class_Pasting	exit_val_horizon_stable	680	94	STAY/UNUSED?	Relative_Arbitrage/Exit_Class_Pasting	paper statement
Relative_Arbitrage	Exit_Class_Pasting	exit_val_paste_ge	1459	40	STAY/UNUSED?	Relative_Arbitrage/Exit_Class_Pasting	paper statement
Relative_Arbitrage	Exit_Class_Pasting	kglue_law_X_martingale	1921	348	STAY	Relative_Arbitrage/Exit_Class_Pasting	paper statement
Relative_Arbitrage	Exit_Class_Pasting	kglue_law_comp_martingale	2469	594	STAY	Relative_Arbitrage/Exit_Class_Pasting	paper statement
Relative_Arbitrage	Exit_Class_Pasting	kglue_law_diffquot	1753	71	STAY	Relative_Arbitrage/Exit_Class_Pasting	paper statement
Relative_Arbitrage	Exit_Class_Pasting	kglue_law_start	1715	38	STAY	Relative_Arbitrage/Exit_Class_Pasting	paper statement
Relative_Arbitrage	Exit_Class_Pasting	kglue_measurable	1578	55	MOVE	Path_Space_Operations/Path_Law_Pasting	statement only in path-toolkit terms
Relative_Arbitrage	Exit_Class_Pasting	kglue_param_comp_martingale	2288	89	STAY	Relative_Arbitrage/Exit_Class_Pasting	paper statement
Relative_Arbitrage	Exit_Class_Pasting	kglue_param_martingale	1824	32	MOVE	Path_Space_Operations/Path_Splicing	statement only in path-toolkit terms
Relative_Arbitrage	Exit_Class_Pasting	nat_filt_eval	774	8	MOVE	Path_Space_Operations/Path_Splicing	statement only in path-toolkit terms
Relative_Arbitrage	Exit_Class_Pasting	norm_outerp	2269	9	MOVE	Symmetric_Matrix_Spectra/Outer_Products	statement only in path-toolkit terms
Relative_Arbitrage	Exit_Class_Pasting	outerp_add	985	6	MOVE	Symmetric_Matrix_Spectra/Outer_Products	statement only in path-toolkit terms
Relative_Arbitrage	Exit_Class_Pasting	outerp_borel	2278	10	MOVE	Symmetric_Matrix_Spectra/Outer_Products	statement only in path-toolkit terms
Relative_Arbitrage	Exit_Class_Pasting	outerp_zero	991	12	MOVE	Symmetric_Matrix_Spectra/Outer_Products	statement only in path-toolkit terms
Relative_Arbitrage	Exit_Class_Pasting	pcut_adapted	42	24	MOVE	Path_Space_Operations/Path_Splicing	statement only in path-toolkit terms
Relative_Arbitrage	Exit_Class_Pasting	pcut_apply	23	3	MOVE	Path_Space_Operations/Path_Splicing	statement only in path-toolkit terms
Relative_Arbitrage	Exit_Class_Pasting	pcut_measurable	26	16	MOVE	Path_Space_Operations/Path_Splicing	statement only in path-toolkit terms
Relative_Arbitrage	Exit_Class_Pasting	pexit_path_measurable	1446	13	MOVE	Continuous_Path_Spaces/Path_Exit_Times	statement only in path-toolkit terms
Relative_Arbitrage	Exit_Class_Pasting	pexit_pcut_ge	643	37	MOVE	Path_Space_Operations/Path_Splicing	statement only in path-toolkit terms
Relative_Arbitrage	Exit_Class_Pasting	pexit_pfst	608	8	MOVE	Path_Space_Operations/Path_Splicing	statement only in path-toolkit terms
Relative_Arbitrage	Exit_Class_Pasting	pexit_pglue_ge	1290	45	MOVE	Path_Space_Operations/Path_Splicing	statement only in path-toolkit terms
Relative_Arbitrage	Exit_Class_Pasting	pexit_pglue_split	1499	63	MOVE	Path_Space_Operations/Path_Splicing	statement only in path-toolkit terms
Relative_Arbitrage	Exit_Class_Pasting	pfst_measurable	616	27	MOVE	Path_Space_Operations/Path_Splicing	statement only in path-toolkit terms
Relative_Arbitrage	Exit_Class_Pasting	pglue_diffquot	369	57	STAY	Relative_Arbitrage/Exit_Class_Pasting	paper statement
Relative_Arbitrage	Exit_Class_Pasting	pglue_ge	283	4	MOVE	Path_Space_Operations/Path_Splicing	statement only in path-toolkit terms
Relative_Arbitrage	Exit_Class_Pasting	pglue_in_mspace	316	10	MOVE	Path_Space_Operations/Path_Splicing	statement only in path-toolkit terms
Relative_Arbitrage	Exit_Class_Pasting	pglue_law_X_martingale	782	203	STAY	Relative_Arbitrage/Exit_Class_Pasting	paper statement
Relative_Arbitrage	Exit_Class_Pasting	pglue_law_comp_martingale	1003	265	STAY	Relative_Arbitrage/Exit_Class_Pasting	paper statement
Relative_Arbitrage	Exit_Class_Pasting	pglue_law_diffquot	559	46	STAY	Relative_Arbitrage/Exit_Class_Pasting	paper statement
Relative_Arbitrage	Exit_Class_Pasting	pglue_law_start	524	35	STAY	Relative_Arbitrage/Exit_Class_Pasting	paper statement
Relative_Arbitrage	Exit_Class_Pasting	pglue_le	280	3	MOVE	Path_Space_Operations/Path_Splicing	statement only in path-toolkit terms
Relative_Arbitrage	Exit_Class_Pasting	pglue_measurable	326	43	MOVE	Path_Space_Operations/Path_Splicing	statement only in path-toolkit terms
Relative_Arbitrage	Exit_Class_Pasting	pglue_zero	287	3	MOVE	Path_Space_Operations/Path_Splicing	statement only in path-toolkit terms
Relative_Arbitrage	Exit_Class_Pasting	prob_space_kglue_law	1633	20	MOVE	Path_Space_Operations/Path_Law_Pasting	statement only in path-toolkit terms
Relative_Arbitrage	Exit_Class_Pasting	prob_space_pglue_law	440	22	MOVE	Path_Space_Operations/Path_Law_Pasting	statement only in path-toolkit terms
Relative_Arbitrage	Exit_Class_Pasting	sets_kglue_law	1572	6	MOVE	Path_Space_Operations/Path_Law_Pasting	statement only in path-toolkit terms
Relative_Arbitrage	Exit_Class_Pasting	sets_pglue_law	431	9	MOVE	Path_Space_Operations/Path_Law_Pasting	statement only in path-toolkit terms
Relative_Arbitrage	Exit_Class_Shift	AE_pshift_law	370	78	MOVE	Path_Space_Operations/Path_Law_Pasting	statement only in path-toolkit terms
Relative_Arbitrage	Exit_Class_Shift	AE_pshift_law_iff	683	38	MOVE	Path_Space_Operations/Path_Law_Pasting	statement only in path-toolkit terms
Relative_Arbitrage	Exit_Class_Shift	Lipschitz_pshift	94	43	MOVE	Path_Space_Operations/Path_Splicing	statement only in path-toolkit terms
Relative_Arbitrage	Exit_Class_Shift	comp_shift_split	448	9	MOVE	Symmetric_Matrix_Spectra/Outer_Products	statement only in path-toolkit terms
Relative_Arbitrage	Exit_Class_Shift	ess_inf_time_pshift_law	721	20	MOVE	Path_Space_Operations/Path_Law_Pasting	statement only in path-toolkit terms
Relative_Arbitrage	Exit_Class_Shift	exit_class_pshift	457	138	STAY	Relative_Arbitrage/Exit_Class_Shift	paper statement
Relative_Arbitrage	Exit_Class_Shift	exit_class_shift_image	595	51	STAY	Relative_Arbitrage/Exit_Class_Shift	paper statement
Relative_Arbitrage	Exit_Class_Shift	exit_val_eq_vshift_sup	761	68	STAY	Relative_Arbitrage/Exit_Class_Shift	paper statement
Relative_Arbitrage	Exit_Class_Shift	exit_val_usc	829	94	STAY	Relative_Arbitrage/Exit_Class_Shift	paper statement
Relative_Arbitrage	Exit_Class_Shift	martingale_pshift_law	276	94	MOVE	Path_Space_Operations/Path_Law_Pasting	statement only in path-toolkit terms
Relative_Arbitrage	Exit_Class_Shift	mspace_path_restrict_self	35	26	MOVE	Continuous_Path_Spaces/Path_Space	uses only Continuous_Path_Spaces
Relative_Arbitrage	Exit_Class_Shift	natural_filtration_pshift_law	261	15	MOVE	Path_Space_Operations/Path_Law_Pasting	statement only in path-toolkit terms
Relative_Arbitrage	Exit_Class_Shift	pexit_pshift_eq_etime	741	20	MOVE	Path_Space_Operations/Path_Splicing	statement only in path-toolkit terms
Relative_Arbitrage	Exit_Class_Shift	prob_space_pshift_law	247	14	MOVE	Path_Space_Operations/Path_Law_Pasting	statement only in path-toolkit terms
Relative_Arbitrage	Exit_Class_Shift	pshift_apply	23	3	MOVE	Path_Space_Operations/Path_Splicing	statement only in path-toolkit terms
Relative_Arbitrage	Exit_Class_Shift	pshift_filtration_measurable	151	80	MOVE	Path_Space_Operations/Path_Splicing	statement only in path-toolkit terms
Relative_Arbitrage	Exit_Class_Shift	pshift_fst	26	3	MOVE	Path_Space_Operations/Path_Splicing	statement only in path-toolkit terms
Relative_Arbitrage	Exit_Class_Shift	pshift_in_mspace	61	11	MOVE	Path_Space_Operations/Path_Splicing	statement only in path-toolkit terms
Relative_Arbitrage	Exit_Class_Shift	pshift_inverse	88	6	MOVE	Path_Space_Operations/Path_Splicing	statement only in path-toolkit terms
Relative_Arbitrage	Exit_Class_Shift	pshift_law_compose	646	18	MOVE	Path_Space_Operations/Path_Law_Pasting	statement only in path-toolkit terms
Relative_Arbitrage	Exit_Class_Shift	pshift_law_zero	664	19	MOVE	Path_Space_Operations/Path_Law_Pasting	statement only in path-toolkit terms
Relative_Arbitrage	Exit_Class_Shift	pshift_measurable	137	14	MOVE	Path_Space_Operations/Path_Splicing	statement only in path-toolkit terms
Relative_Arbitrage	Exit_Class_Shift	pshift_outside	32	3	MOVE	Path_Space_Operations/Path_Splicing	statement only in path-toolkit terms
Relative_Arbitrage	Exit_Class_Shift	pshift_pshift	83	5	MOVE	Path_Space_Operations/Path_Splicing	statement only in path-toolkit terms
Relative_Arbitrage	Exit_Class_Shift	pshift_snd	29	3	MOVE	Path_Space_Operations/Path_Splicing	statement only in path-toolkit terms
Relative_Arbitrage	Exit_Class_Shift	pshift_zero	72	11	MOVE	Path_Space_Operations/Path_Splicing	statement only in path-toolkit terms
Relative_Arbitrage	Exit_Class_Shift	sets_pshift_law	237	5	MOVE	Path_Space_Operations/Path_Law_Pasting	statement only in path-toolkit terms
Relative_Arbitrage	Exit_Class_Shift	space_pshift_law	242	5	MOVE	Path_Space_Operations/Path_Law_Pasting	statement only in path-toolkit terms
Relative_Arbitrage	Exit_Class_Tightness	exit_class_convergent_subsequence	410	41	STAY	Relative_Arbitrage/Exit_Class_Tightness	paper statement
Relative_Arbitrage	Exit_Class_Tightness	exit_class_fourth_moment_bochner	51	22	STAY	Relative_Arbitrage/Exit_Class_Tightness	paper statement
Relative_Arbitrage	Exit_Class_Tightness	exit_class_fourth_moment_integrable	19	32	STAY	Relative_Arbitrage/Exit_Class_Tightness	paper statement
Relative_Arbitrage	Exit_Class_Tightness	exit_class_pair_holder_charge	96	161	STAY	Relative_Arbitrage/Exit_Class_Tightness	paper statement
Relative_Arbitrage	Exit_Class_Tightness	exit_class_weak_limit_prob_space	333	77	STAY	Relative_Arbitrage/Exit_Class_Tightness	paper statement
Relative_Arbitrage	Exit_Class_Tightness	path_coord_cont_on	73	23	MOVE	Path_Space_Operations/Path_Splicing	statement only in path-toolkit terms
Relative_Arbitrage	Exit_Class_Tightness	tight_on_set_paper_pair_class	257	76	STAY	Relative_Arbitrage/Exit_Class_Tightness	paper statement
Relative_Arbitrage	Exit_Class_Witness	bmX_coord_measurable_F	478	15	STAY	Relative_Arbitrage/Exit_Class_Witness	paper statement
Relative_Arbitrage	Exit_Class_Witness	bmX_cross_integrable	493	38	STAY	Relative_Arbitrage/Exit_Class_Witness	paper statement
Relative_Arbitrage	Exit_Class_Witness	bm_coordinates_indep	170	27	STAY	Relative_Arbitrage/Exit_Class_Witness	paper statement
Relative_Arbitrage	Exit_Class_Witness	bm_cross_increment_set_integral_zero	398	80	STAY	Relative_Arbitrage/Exit_Class_Witness	paper statement
Relative_Arbitrage	Exit_Class_Witness	bm_cross_set_integral_zero	347	51	STAY	Relative_Arbitrage/Exit_Class_Witness	paper statement
Relative_Arbitrage	Exit_Class_Witness	bm_increment_coord_indep	197	28	STAY	Relative_Arbitrage/Exit_Class_Witness	paper statement
Relative_Arbitrage	Exit_Class_Witness	bm_increment_cross	225	33	STAY/UNUSED?	Relative_Arbitrage/Exit_Class_Witness	paper statement
Relative_Arbitrage	Exit_Class_Witness	bm_meas_increment_fun_indep_var	258	89	STAY	Relative_Arbitrage/Exit_Class_Witness	paper statement
Relative_Arbitrage	Exit_Class_Witness	bmpair_adapted	876	32	STAY	Relative_Arbitrage/Exit_Class_Witness	paper statement
Relative_Arbitrage	Exit_Class_Witness	bmpair_apply	694	4	STAY	Relative_Arbitrage/Exit_Class_Witness	paper statement
Relative_Arbitrage	Exit_Class_Witness	bmpair_law_X_martingale	908	36	STAY	Relative_Arbitrage/Exit_Class_Witness	paper statement
Relative_Arbitrage	Exit_Class_Witness	bmpair_law_comp_martingale	944	49	STAY	Relative_Arbitrage/Exit_Class_Witness	paper statement
Relative_Arbitrage	Exit_Class_Witness	bmpair_law_diffquot	788	88	STAY	Relative_Arbitrage/Exit_Class_Witness	paper statement
Relative_Arbitrage	Exit_Class_Witness	bmpair_law_in_paper_pair_class	993	35	STAY	Relative_Arbitrage/Exit_Class_Witness	paper statement
Relative_Arbitrage	Exit_Class_Witness	bmpair_law_start	753	35	STAY	Relative_Arbitrage/Exit_Class_Witness	paper statement
Relative_Arbitrage	Exit_Class_Witness	bmpair_measurable	709	35	STAY	Relative_Arbitrage/Exit_Class_Witness	paper statement
Relative_Arbitrage	Exit_Class_Witness	continuous_on_bmpair_path	698	11	STAY	Relative_Arbitrage/Exit_Class_Witness	paper statement
Relative_Arbitrage	Exit_Class_Witness	exit_class_nonempty	1028	9	STAY	Relative_Arbitrage/Exit_Class_Witness	paper statement
Relative_Arbitrage	Exit_Class_Witness	exit_class_norm_sq_integrable	1137	16	STAY	Relative_Arbitrage/Exit_Class_Witness	paper statement
Relative_Arbitrage	Exit_Class_Witness	exit_class_sq_norm_mean_ge	1153	66	STAY	Relative_Arbitrage/Exit_Class_Witness	paper statement
Relative_Arbitrage	Exit_Class_Witness	exit_class_trace_rate	1102	35	STAY	Relative_Arbitrage/Exit_Class_Witness	paper statement
Relative_Arbitrage	Exit_Class_Witness	exit_val_boundary_zero	1219	109	STAY	Relative_Arbitrage/Exit_Class_Witness	paper statement
Relative_Arbitrage	Exit_Class_Witness	exit_val_le_T	1055	24	STAY	Relative_Arbitrage/Exit_Class_Witness	paper statement
Relative_Arbitrage	Exit_Class_Witness	exit_val_le_ball_bound	1328	106	STAY	Relative_Arbitrage/Exit_Class_Witness	paper statement
Relative_Arbitrage	Exit_Class_Witness	exit_val_usc_unconditional	1037	18	STAY	Relative_Arbitrage/Exit_Class_Witness	paper statement
Relative_Arbitrage	Exit_Class_Witness	martingale_bm_cross	531	62	STAY	Relative_Arbitrage/Exit_Class_Witness	paper statement
Relative_Arbitrage	Exit_Class_Witness	martingale_cbm_cross	593	49	STAY	Relative_Arbitrage/Exit_Class_Witness	paper statement
Relative_Arbitrage	Exit_Class_Witness	martingale_cbm_outerp	642	49	STAY	Relative_Arbitrage/Exit_Class_Witness	paper statement
Relative_Arbitrage	Exit_Class_Witness	martingale_pair_law	68	102	MOVE	Path_Space_Operations/Path_Law_Pasting	statement only in path-toolkit terms
Relative_Arbitrage	Exit_Class_Witness	phi_filtration_measurable	38	30	MOVE	Path_Space_Operations/Path_Law_Pasting	statement only in path-toolkit terms
Relative_Arbitrage	Exit_Class_Witness	prob_space_bmpair_law	744	9	STAY	Relative_Arbitrage/Exit_Class_Witness	paper statement
Relative_Arbitrage	Exit_Class_Witness	sconstraint_trace_ge	1079	18	STAY	Relative_Arbitrage/Exit_Class_Witness	paper statement
Relative_Arbitrage	Exit_Class_Witness	sets_pair_law_of	28	5	MOVE	Path_Space_Operations/Path_Law_Pasting	statement only in path-toolkit terms
Relative_Arbitrage	Exit_Class_Witness	space_pair_law_of	33	5	MOVE	Path_Space_Operations/Path_Law_Pasting	statement only in path-toolkit terms
Relative_Arbitrage	Exit_Class_Witness	trace_outerp	1097	5	MOVE	Symmetric_Matrix_Spectra/Outer_Products	statement only in path-toolkit terms
Relative_Arbitrage	Exit_Semicontinuity	ess_inf_pexit_usc	1151	173	MOVE	Continuous_Path_Spaces/Path_Exit_Times	statement only in path-toolkit terms
Relative_Arbitrage	Exit_Semicontinuity	ess_inf_time_eq_laplace_inf	278	189	MOVE	Continuous_Time_Martingales/Essential_Infimum	statement only in path-toolkit terms
Relative_Arbitrage	Exit_Semicontinuity	ess_inf_time_le_laplace	201	77	MOVE	Continuous_Time_Martingales/Essential_Infimum	statement only in path-toolkit terms
Relative_Arbitrage	Exit_Semicontinuity	exp_pexit_integral_liminf	1020	131	MOVE	Continuous_Path_Spaces/Path_Exit_Times	statement only in path-toolkit terms
Relative_Arbitrage	Exit_Semicontinuity	pexit_le_T	34	3	MOVE	Continuous_Path_Spaces/Path_Exit_Times	statement only in path-toolkit terms
Relative_Arbitrage	Exit_Semicontinuity	pexit_less_iff	40	14	MOVE	Continuous_Path_Spaces/Path_Exit_Times	statement only in path-toolkit terms
Relative_Arbitrage	Exit_Semicontinuity	pexit_measurable	178	23	MOVE	Continuous_Path_Spaces/Path_Exit_Times	statement only in path-toolkit terms
Relative_Arbitrage	Exit_Semicontinuity	pexit_mono_T	54	34	MOVE	Continuous_Path_Spaces/Path_Exit_Times	statement only in path-toolkit terms
Relative_Arbitrage	Exit_Semicontinuity	pexit_nonneg	37	3	MOVE	Continuous_Path_Spaces/Path_Exit_Times	statement only in path-toolkit terms
Relative_Arbitrage	Exit_Semicontinuity	pexit_stable_above_T	88	52	MOVE	Continuous_Path_Spaces/Path_Exit_Times	statement only in path-toolkit terms
Relative_Arbitrage	Exit_Semicontinuity	pexit_sublevel_open	140	38	MOVE	Continuous_Path_Spaces/Path_Exit_Times	statement only in path-toolkit terms
Relative_Arbitrage	Exit_Semicontinuity	pstep_integrable	982	38	MOVE	Continuous_Path_Spaces/Path_Exit_Times	statement only in path-toolkit terms
Relative_Arbitrage	Exit_Semicontinuity	pstep_integral	593	73	MOVE	Continuous_Path_Spaces/Path_Exit_Times	statement only in path-toolkit terms
Relative_Arbitrage	Exit_Semicontinuity	pstep_integral_liminf	853	129	MOVE	Continuous_Path_Spaces/Path_Exit_Times	statement only in path-toolkit terms
Relative_Arbitrage	Exit_Semicontinuity	pstep_sandwich	475	118	MOVE	Continuous_Path_Spaces/Path_Exit_Times	statement only in path-toolkit terms
Relative_Arbitrage	Exit_Semicontinuity	weak_conv_closed_full_mass	799	24	MOVE	Continuous_Path_Spaces/Path_Space	uses only Continuous_Path_Spaces
Relative_Arbitrage	Exit_Semicontinuity	weak_conv_closed_limsup	743	56	MOVE	Continuous_Path_Spaces/Path_Space	uses only Continuous_Path_Spaces
Relative_Arbitrage	Exit_Semicontinuity	weak_conv_open_liminf	666	77	MOVE	Continuous_Path_Spaces/Path_Space	uses only Continuous_Path_Spaces
Relative_Arbitrage	Exit_Semicontinuity	weak_conv_total_mass	823	30	MOVE	Continuous_Path_Spaces/Path_Space	uses only Continuous_Path_Spaces
Relative_Arbitrage	Exit_Time_Semicontinuity	ball_v_le	3438	6	STAY	Relative_Arbitrage/Exit_Time_Semicontinuity	paper statement
Relative_Arbitrage	Exit_Time_Semicontinuity	clause_one_law_level	3444	35	STAY/UNUSED?	Relative_Arbitrage/Exit_Time_Semicontinuity	paper statement
Relative_Arbitrage	Exit_Time_Semicontinuity	closedin_confined_paths	1630	31	MOVE	Path_Space_Operations/Path_Law_Pasting	statement only in path-toolkit terms
Relative_Arbitrage	Exit_Time_Semicontinuity	coord_sq_bounded_test	2215	221	STAY	Relative_Arbitrage/Exit_Time_Semicontinuity	paper statement
Relative_Arbitrage	Exit_Time_Semicontinuity	covariation_test_functional_cont	2458	36	MOVE	Continuous_Path_Spaces/Path_Exit_Times	statement only in path-toolkit terms
Relative_Arbitrage	Exit_Time_Semicontinuity	ess_inf_time_distr	669	14	MOVE	Continuous_Time_Martingales/Essential_Infimum	statement only in path-toolkit terms
Relative_Arbitrage	Exit_Time_Semicontinuity	etime_shift_box	304	78	MOVE	Continuous_Path_Spaces/Path_Space	uses only Continuous_Path_Spaces+Continuous_Time_Martingales
Relative_Arbitrage	Exit_Time_Semicontinuity	etime_shift_box_half	224	29	MOVE	Continuous_Path_Spaces/Path_Space	uses only Continuous_Path_Spaces+Continuous_Time_Martingales
Relative_Arbitrage	Exit_Time_Semicontinuity	etime_shift_le_of_eroded	85	26	MOVE	Continuous_Time_Martingales/Stopping_Times	uses only Continuous_Time_Martingales
Relative_Arbitrage	Exit_Time_Semicontinuity	etime_shift_of_restrict	683	11	MOVE	Continuous_Time_Martingales/Stopping_Times	uses only Continuous_Time_Martingales
Relative_Arbitrage	Exit_Time_Semicontinuity	etime_shift_superlevel_closed	605	64	MOVE	Continuous_Path_Spaces/Path_Space	uses only Continuous_Path_Spaces+Continuous_Time_Martingales
Relative_Arbitrage	Exit_Time_Semicontinuity	etime_shift_uniform_margin	111	54	MOVE	Continuous_Path_Spaces/Path_Space	uses only Continuous_Path_Spaces+Continuous_Time_Martingales
Relative_Arbitrage	Exit_Time_Semicontinuity	martingale_test_functional_cont	1865	40	MOVE	Continuous_Path_Spaces/Path_Exit_Times	statement only in path-toolkit terms
Relative_Arbitrage	Exit_Time_Semicontinuity	mkt_law_closure_confined	1727	21	STAY	Relative_Arbitrage/Exit_Time_Semicontinuity	paper statement
Relative_Arbitrage	Exit_Time_Semicontinuity	mkt_law_closure_confined_AE	1748	24	STAY	Relative_Arbitrage/Exit_Time_Semicontinuity	paper statement
Relative_Arbitrage	Exit_Time_Semicontinuity	mkt_law_closure_covariation_event	3048	190	STAY	Relative_Arbitrage/Exit_Time_Semicontinuity	paper statement
Relative_Arbitrage	Exit_Time_Semicontinuity	mkt_law_closure_covariation_test	2652	91	STAY	Relative_Arbitrage/Exit_Time_Semicontinuity	paper statement
Relative_Arbitrage	Exit_Time_Semicontinuity	mkt_law_closure_increment_event	3238	92	STAY/UNUSED?	Relative_Arbitrage/Exit_Time_Semicontinuity	paper statement
Relative_Arbitrage	Exit_Time_Semicontinuity	mkt_law_closure_martingale_event	2812	236	STAY	Relative_Arbitrage/Exit_Time_Semicontinuity	paper statement
Relative_Arbitrage	Exit_Time_Semicontinuity	mkt_law_closure_martingale_test	2068	60	STAY	Relative_Arbitrage/Exit_Time_Semicontinuity	paper statement
Relative_Arbitrage	Exit_Time_Semicontinuity	mkt_law_closure_prob	909	19	STAY	Relative_Arbitrage/Exit_Time_Semicontinuity	paper statement
Relative_Arbitrage	Exit_Time_Semicontinuity	mkt_law_closure_seq_compact	928	18	STAY	Relative_Arbitrage/Exit_Time_Semicontinuity	paper statement
Relative_Arbitrage	Exit_Time_Semicontinuity	mkt_law_closure_sets	899	10	STAY	Relative_Arbitrage/Exit_Time_Semicontinuity	paper statement
Relative_Arbitrage	Exit_Time_Semicontinuity	mkt_law_closure_sq_increment_event	3330	108	STAY/UNUSED?	Relative_Arbitrage/Exit_Time_Semicontinuity	paper statement
Relative_Arbitrage	Exit_Time_Semicontinuity	mkt_law_witness_bound	1837	28	STAY	Relative_Arbitrage/Exit_Time_Semicontinuity	paper statement
Relative_Arbitrage	Exit_Time_Semicontinuity	mkt_law_witness_iff	2758	5	STAY	Relative_Arbitrage/Exit_Time_Semicontinuity	paper statement
Relative_Arbitrage	Exit_Time_Semicontinuity	mkt_law_witness_mono_K	1162	11	STAY	Relative_Arbitrage/Exit_Time_Semicontinuity	paper statement
Relative_Arbitrage	Exit_Time_Semicontinuity	mkt_law_witness_shift	1173	313	STAY	Relative_Arbitrage/Exit_Time_Semicontinuity	paper statement
Relative_Arbitrage	Exit_Time_Semicontinuity	mkt_path_laws_confined	1661	66	STAY	Relative_Arbitrage/Exit_Time_Semicontinuity	paper statement
Relative_Arbitrage	Exit_Time_Semicontinuity	mkt_path_laws_covariation_test	2494	158	STAY	Relative_Arbitrage/Exit_Time_Semicontinuity	paper statement
Relative_Arbitrage	Exit_Time_Semicontinuity	mkt_path_laws_martingale_test	1905	163	STAY	Relative_Arbitrage/Exit_Time_Semicontinuity	paper statement
Relative_Arbitrage	Exit_Time_Semicontinuity	mkt_path_laws_nonempty	978	184	STAY	Relative_Arbitrage/Exit_Time_Semicontinuity	paper statement
Relative_Arbitrage	Exit_Time_Semicontinuity	mkt_path_laws_prob	767	21	STAY	Relative_Arbitrage/Exit_Time_Semicontinuity	paper statement
Relative_Arbitrage	Exit_Time_Semicontinuity	mkt_path_laws_seq_extraction	810	74	STAY	Relative_Arbitrage/Exit_Time_Semicontinuity	paper statement
Relative_Arbitrage	Exit_Time_Semicontinuity	mkt_path_laws_sets	788	6	STAY	Relative_Arbitrage/Exit_Time_Semicontinuity	paper statement
Relative_Arbitrage	Exit_Time_Semicontinuity	mkt_path_laws_subset_closure	893	6	STAY	Relative_Arbitrage/Exit_Time_Semicontinuity	paper statement
Relative_Arbitrage	Exit_Time_Semicontinuity	mkt_path_laws_topspace	794	16	STAY	Relative_Arbitrage/Exit_Time_Semicontinuity	paper statement
Relative_Arbitrage	Exit_Time_Semicontinuity	open_etime_shift_less	253	51	MOVE	Continuous_Path_Spaces/Path_Space	uses only Continuous_Path_Spaces+Continuous_Time_Martingales
Relative_Arbitrage	Exit_Time_Semicontinuity	open_shifted_eval_preimage	55	30	MOVE	Continuous_Path_Spaces/Path_Space	uses only Continuous_Path_Spaces
Relative_Arbitrage	Exit_Time_Semicontinuity	past_test_functional_cont	2436	22	MOVE	Continuous_Path_Spaces/Path_Space	uses only Continuous_Path_Spaces
Relative_Arbitrage	Exit_Time_Semicontinuity	positive_mass_at_some_qtime	165	59	MOVE	Continuous_Path_Spaces/Path_Space	uses only Continuous_Path_Spaces+Continuous_Time_Martingales
Relative_Arbitrage	Exit_Time_Semicontinuity	rclamp_bound	1819	3	MOVE	Continuous_Path_Spaces/Path_Exit_Times	statement only in path-toolkit terms
Relative_Arbitrage	Exit_Time_Semicontinuity	rclamp_cont	1833	4	MOVE	Continuous_Path_Spaces/Path_Exit_Times	statement only in path-toolkit terms
Relative_Arbitrage	Exit_Time_Semicontinuity	rclamp_id	1822	11	MOVE	Continuous_Path_Spaces/Path_Exit_Times	statement only in path-toolkit terms
Relative_Arbitrage	Exit_Time_Semicontinuity	stopped_val_fn_le_law_sup	2775	37	STAY	Relative_Arbitrage/Exit_Time_Semicontinuity	paper statement
Relative_Arbitrage	Exit_Time_Semicontinuity	vshift_le	386	16	MOVE	Continuous_Path_Spaces/Path_Exit_Times	statement only in path-toolkit terms
Relative_Arbitrage	Exit_Time_Semicontinuity	vshift_less_iff_positive_mass	402	43	MOVE	Continuous_Path_Spaces/Path_Exit_Times	statement only in path-toolkit terms
Relative_Arbitrage	Exit_Time_Semicontinuity	vshift_path_law	694	46	MOVE	Continuous_Path_Spaces/Path_Exit_Times	statement only in path-toolkit terms
Relative_Arbitrage	Exit_Time_Semicontinuity	vshift_sup_usc	445	122	MOVE	Continuous_Path_Spaces/Path_Exit_Times	statement only in path-toolkit terms
Relative_Arbitrage	Exit_Time_Semicontinuity	vshift_sup_usc_mkt	946	32	STAY	Relative_Arbitrage/Exit_Time_Semicontinuity	paper statement
Relative_Arbitrage	Exit_Time_Semicontinuity	vshift_sup_usc_of_seq_compact	567	38	MOVE	Continuous_Path_Spaces/Path_Exit_Times	statement only in path-toolkit terms
Relative_Arbitrage	Exit_Time_Semicontinuity	witness_compensator_increment_bounds	2128	87	STAY	Relative_Arbitrage/Exit_Time_Semicontinuity	paper statement
Relative_Arbitrage	Exit_Time_Semicontinuity	witness_value_le_ball_v	1772	19	STAY	Relative_Arbitrage/Exit_Time_Semicontinuity	paper statement
Relative_Arbitrage	Exit_Time_Semicontinuity	witness_value_le_law_sup	1557	66	STAY	Relative_Arbitrage/Exit_Time_Semicontinuity	paper statement
Relative_Arbitrage	Exit_Time_Semicontinuity	witness_value_le_law_sup_ball	1791	25	STAY	Relative_Arbitrage/Exit_Time_Semicontinuity	paper statement
Relative_Arbitrage	Exit_Time_Semicontinuity	witness_value_le_vshift	1486	71	STAY	Relative_Arbitrage/Exit_Time_Semicontinuity	paper statement
Relative_Arbitrage	Ito_Market	Z_dominated	470	34	STAY	Relative_Arbitrage/Ito_Market	locale-bound: stays with its locale
Relative_Arbitrage	Ito_Market	Z_expectation_const	617	26	STAY	Relative_Arbitrage/Ito_Market	locale-bound: stays with its locale
Relative_Arbitrage	Ito_Market	Z_zero_expectation	149	5	STAY	Relative_Arbitrage/Ito_Market	locale-bound: stays with its locale
Relative_Arbitrage	Ito_Market	Z_zero_expectation_const	643	3	STAY	Relative_Arbitrage/Ito_Market	locale-bound: stays with its locale
Relative_Arbitrage	Ito_Market	compensator_bounded	413	57	STAY	Relative_Arbitrage/Ito_Market	locale-bound: stays with its locale
Relative_Arbitrage	Ito_Market	const_dynkin_quadratic	646	21	STAY	Relative_Arbitrage/Ito_Market	locale-bound: stays with its locale
Relative_Arbitrage	Ito_Market	dynkin_quadratic_holds	200	17	STAY	Relative_Arbitrage/Ito_Market	locale-bound: stays with its locale
Relative_Arbitrage	Ito_Market	ito_Z_zero_expectation	47	32	STAY	Relative_Arbitrage/Ito_Market	paper statement
Relative_Arbitrage	Ito_Market	ito_expected_stopped_time_bound	277	10	STAY/UNUSED?	Relative_Arbitrage/Ito_Market	locale-bound: stays with its locale
Relative_Arbitrage	Ito_Market	nL_nonneg	368	3	STAY	Relative_Arbitrage/Ito_Market	locale-bound: stays with its locale
Relative_Arbitrage	Ito_Market	sq_bounded	371	21	STAY	Relative_Arbitrage/Ito_Market	locale-bound: stays with its locale
Relative_Arbitrage	Ito_Market	stopped_Z_expectation	173	27	STAY	Relative_Arbitrage/Ito_Market	locale-bound: stays with its locale
Relative_Arbitrage	Ito_Market	stopped_Z_measurable	135	14	STAY	Relative_Arbitrage/Ito_Market	locale-bound: stays with its locale
Relative_Arbitrage	Ito_Market	stopped_cont_martingale_at	154	19	STAY	Relative_Arbitrage/Ito_Market	locale-bound: stays with its locale
Relative_Arbitrage	Ito_Market	stopped_expected_time_bound	740	10	STAY/UNUSED?	Relative_Arbitrage/Ito_Market	locale-bound: stays with its locale
Relative_Arbitrage	Ito_Market	trace_bounded	392	21	STAY	Relative_Arbitrage/Ito_Market	locale-bound: stays with its locale
Relative_Arbitrage	Ito_Market	trace_le_eigen_ub	287	30	STAY	Relative_Arbitrage/Ito_Market	paper statement
Relative_Arbitrage	Operator_Continuity	Mp_apply_p	157	35	STAY	Relative_Arbitrage/Operator_Continuity	paper statement
Relative_Arbitrage	Operator_Continuity	Mp_zero	131	6	STAY/UNUSED?	Relative_Arbitrage/Operator_Continuity	paper statement
Relative_Arbitrage	Operator_Continuity	proj_perp_left	64	20	STAY	Relative_Arbitrage/Operator_Continuity	paper statement
Relative_Arbitrage	Operator_Continuity	proj_perp_right	88	19	STAY	Relative_Arbitrage/Operator_Continuity	paper statement
Relative_Arbitrage	Operator_Continuity	rank1proj_annihilates	50	14	STAY	Relative_Arbitrage/Operator_Continuity	paper statement
Relative_Arbitrage	Operator_Continuity	rank1proj_apply_self	137	20	STAY	Relative_Arbitrage/Operator_Continuity	paper statement
Relative_Arbitrage	Operator_Continuity	symmetric_perp_proj	84	4	STAY	Relative_Arbitrage/Operator_Continuity	paper statement
Relative_Arbitrage	Operator_Continuity	trace_Mp	220	45	STAY	Relative_Arbitrage/Operator_Continuity	paper statement
Relative_Arbitrage	Operator_Continuity	trace_rank1proj_mult	107	18	STAY	Relative_Arbitrage/Operator_Continuity	paper statement
Relative_Arbitrage	Operator_Continuity	transpose_Mp	192	28	STAY	Relative_Arbitrage/Operator_Continuity	paper statement
Relative_Arbitrage	Operator_Continuity	transpose_rank1proj	44	6	STAY	Relative_Arbitrage/Operator_Continuity	paper statement
Relative_Arbitrage	Operator_Envelope_Continuity	comparison_from_max_principle	603	22	STAY	Relative_Arbitrage/Operator_Envelope_Continuity	paper statement
Relative_Arbitrage	Operator_Envelope_Continuity	ell_op_M_gap_abs	222	18	STAY	Relative_Arbitrage/Operator_Envelope_Continuity	paper statement
Relative_Arbitrage	Operator_Envelope_Continuity	ell_op_ball_bound	240	97	STAY	Relative_Arbitrage/Operator_Envelope_Continuity	paper statement
Relative_Arbitrage	Operator_Envelope_Continuity	ell_op_elliptic	487	26	STAY	Relative_Arbitrage/Operator_Envelope_Continuity	paper statement
Relative_Arbitrage	Operator_Envelope_Continuity	ell_op_elliptic_le	513	62	STAY	Relative_Arbitrage/Operator_Envelope_Continuity	paper statement
Relative_Arbitrage	Operator_Envelope_Continuity	ell_op_envelopes_eq_off_zero	466	21	STAY/UNUSED?	Relative_Arbitrage/Operator_Envelope_Continuity	paper statement
Relative_Arbitrage	Operator_Envelope_Continuity	ell_op_le_eq36	75	51	STAY	Relative_Arbitrage/Operator_Envelope_Continuity	paper statement
Relative_Arbitrage	Operator_Envelope_Continuity	ell_op_lsc_off_zero	337	65	STAY	Relative_Arbitrage/Operator_Envelope_Continuity	paper statement
Relative_Arbitrage	Operator_Envelope_Continuity	ell_op_usc_at_zero_ge	29	46	STAY	Relative_Arbitrage/Operator_Envelope_Continuity	paper statement
Relative_Arbitrage	Operator_Envelope_Continuity	ell_op_usc_at_zero_le	126	79	STAY	Relative_Arbitrage/Operator_Envelope_Continuity	paper statement
Relative_Arbitrage	Operator_Envelope_Continuity	ell_op_usc_off_zero	402	64	STAY	Relative_Arbitrage/Operator_Envelope_Continuity	paper statement
Relative_Arbitrage	Operator_Envelope_Continuity	eq36	205	12	STAY	Relative_Arbitrage/Operator_Envelope_Continuity	paper statement
Relative_Arbitrage	Operator_Envelope_Continuity	max_principle_le	575	28	STAY	Relative_Arbitrage/Operator_Envelope_Continuity	paper statement
Relative_Arbitrage	Operator_Envelope_Continuity	mgap_commute	217	5	STAY	Relative_Arbitrage/Operator_Envelope_Continuity	paper statement
Relative_Arbitrage	Operator_Envelope_Continuity	uniqueness_from_max_principle	625	29	STAY/UNUSED?	Relative_Arbitrage/Operator_Envelope_Continuity	paper statement
Relative_Arbitrage	Operator_Envelopes	ell_op_M_gap	190	46	STAY	Relative_Arbitrage/Operator_Envelopes	paper statement
Relative_Arbitrage	Operator_Envelopes	ell_op_approx	874	21	STAY	Relative_Arbitrage/Operator_Envelopes	paper statement
Relative_Arbitrage	Operator_Envelopes	ell_op_bdd	822	45	STAY	Relative_Arbitrage/Operator_Envelopes	paper statement
Relative_Arbitrage	Operator_Envelopes	ell_op_conj_rot	1509	90	STAY	Relative_Arbitrage/Operator_Envelopes	paper statement
Relative_Arbitrage	Operator_Envelopes	ell_op_le_ell_op_usc	80	9	STAY	Relative_Arbitrage/Operator_Envelopes	paper statement
Relative_Arbitrage	Operator_Envelopes	ell_op_le_mgap_zero	332	14	STAY	Relative_Arbitrage/Operator_Envelopes	paper statement
Relative_Arbitrage	Operator_Envelopes	ell_op_le_scaled_norm	346	18	STAY	Relative_Arbitrage/Operator_Envelopes	paper statement
Relative_Arbitrage	Operator_Envelopes	ell_op_le_usc	60	15	STAY	Relative_Arbitrage/Operator_Envelopes	paper statement
Relative_Arbitrage	Operator_Envelopes	ell_op_le_witness	867	7	STAY	Relative_Arbitrage/Operator_Envelopes	paper statement
Relative_Arbitrage	Operator_Envelopes	ell_op_lsc_at_zero	452	85	STAY	Relative_Arbitrage/Operator_Envelopes	paper statement
Relative_Arbitrage	Operator_Envelopes	ell_op_lsc_at_zero_iff	537	17	STAY/UNUSED?	Relative_Arbitrage/Operator_Envelopes	paper statement
Relative_Arbitrage	Operator_Envelopes	ell_op_lsc_le	47	13	STAY	Relative_Arbitrage/Operator_Envelopes	paper statement
Relative_Arbitrage	Operator_Envelopes	ell_op_lsc_le_ell_op	75	5	STAY	Relative_Arbitrage/Operator_Envelopes	paper statement
Relative_Arbitrage	Operator_Envelopes	ell_op_scale	1496	13	STAY	Relative_Arbitrage/Operator_Envelopes	paper statement
Relative_Arbitrage	Operator_Envelopes	ell_op_usc_conj_rot	1711	81	STAY	Relative_Arbitrage/Operator_Envelopes	paper statement
Relative_Arbitrage	Operator_Envelopes	ell_op_usc_eq_at_nonzero	1438	24	STAY	Relative_Arbitrage/Operator_Envelopes	paper statement
Relative_Arbitrage	Operator_Envelopes	ell_op_usc_ge_one_limit	89	38	STAY	Relative_Arbitrage/Operator_Envelopes	paper statement
Relative_Arbitrage	Operator_Envelopes	ell_op_usc_le_at_nonzero	895	181	STAY	Relative_Arbitrage/Operator_Envelopes	paper statement
Relative_Arbitrage	Operator_Envelopes	ell_op_usc_le_scaled_norm	364	37	STAY	Relative_Arbitrage/Operator_Envelopes	paper statement
Relative_Arbitrage	Operator_Envelopes	ell_op_usc_scale	1670	41	STAY	Relative_Arbitrage/Operator_Envelopes	paper statement
Relative_Arbitrage	Operator_Envelopes	ell_op_usc_small_shift_lt_one	401	51	STAY	Relative_Arbitrage/Operator_Envelopes	paper statement
Relative_Arbitrage	Operator_Envelopes	ell_op_usc_transfer	1599	71	STAY	Relative_Arbitrage/Operator_Envelopes	paper statement
Relative_Arbitrage	Operator_Envelopes	ell_op_usc_zero_zero_lt_one	1462	34	STAY	Relative_Arbitrage/Operator_Envelopes	paper statement
Relative_Arbitrage	Operator_Envelopes	ell_op_zero_le	132	18	STAY	Relative_Arbitrage/Operator_Envelopes	paper statement
Relative_Arbitrage	Operator_Envelopes	ell_op_zero_matrix	316	16	STAY	Relative_Arbitrage/Operator_Envelopes	paper statement
Relative_Arbitrage	Operator_Envelopes	feasible_conj	628	180	STAY	Relative_Arbitrage/Operator_Envelopes	paper statement
Relative_Arbitrage	Operator_Envelopes	feasible_scale	808	14	STAY	Relative_Arbitrage/Operator_Envelopes	paper statement
Relative_Arbitrage	Operator_Envelopes	feasible_zero_mono	127	5	STAY	Relative_Arbitrage/Operator_Envelopes	paper statement
Relative_Arbitrage	Operator_Envelopes	mgap_le_norm	236	27	STAY	Relative_Arbitrage/Operator_Envelopes	paper statement
Relative_Arbitrage	Operator_Envelopes	mgap_shift_id	263	53	STAY	Relative_Arbitrage/Operator_Envelopes	paper statement
Relative_Arbitrage	Operator_Envelopes	test_fun_at_quartic_shift	1203	53	STAY	Relative_Arbitrage/Operator_Envelopes	paper statement
Relative_Arbitrage	Operator_Envelopes	test_fun_quadratic_dominates	1256	119	STAY	Relative_Arbitrage/Operator_Envelopes	paper statement
Relative_Arbitrage	Operator_Envelopes	test_fun_quadratic_minorates	1076	127	STAY	Relative_Arbitrage/Operator_Envelopes	paper statement
Relative_Arbitrage	Operator_Envelopes	trace_mult_feasible_bound	153	37	STAY	Relative_Arbitrage/Operator_Envelopes	paper statement
Relative_Arbitrage	Operator_Envelopes	visc_subsol_env_local	1375	63	STAY/UNUSED?	Relative_Arbitrage/Operator_Envelopes	paper statement
Relative_Arbitrage	Operator_Envelopes	visc_subsol_imp_env	554	25	STAY/UNUSED?	Relative_Arbitrage/Operator_Envelopes	paper statement
Relative_Arbitrage	Operator_Envelopes	visc_supersol_imp_env	579	49	STAY/UNUSED?	Relative_Arbitrage/Operator_Envelopes	paper statement
Relative_Arbitrage	Operator_Formula	Mp_apply_perp	65	22	STAY	Relative_Arbitrage/Operator_Formula	paper statement
Relative_Arbitrage	Operator_Formula	Mp_eig_on_perp	1110	21	STAY	Relative_Arbitrage/Operator_Formula	paper statement
Relative_Arbitrage	Operator_Formula	Mp_eigenbasis_adapted	148	141	STAY	Relative_Arbitrage/Operator_Formula	paper statement
Relative_Arbitrage	Operator_Formula	Mp_eigenbasis_of_M_eigenvector	1131	40	STAY	Relative_Arbitrage/Operator_Formula	paper statement
Relative_Arbitrage	Operator_Formula	Mp_invariant_perp	130	18	STAY	Relative_Arbitrage/Operator_Formula	paper statement
Relative_Arbitrage	Operator_Formula	Mp_lipschitz_away_from_zero	1868	85	STAY	Relative_Arbitrage/Operator_Formula	paper statement
Relative_Arbitrage	Operator_Formula	Mp_perp_quadform_ge	108	22	STAY	Relative_Arbitrage/Operator_Formula	paper statement
Relative_Arbitrage	Operator_Formula	Mp_quadform_perp	87	21	STAY	Relative_Arbitrage/Operator_Formula	paper statement
Relative_Arbitrage	Operator_Formula	Mp_quadform_unit_p	794	37	STAY	Relative_Arbitrage/Operator_Formula	paper statement
Relative_Arbitrage	Operator_Formula	Mp_scaleR	1069	14	STAY	Relative_Arbitrage/Operator_Formula	paper statement
Relative_Arbitrage	Operator_Formula	bracket_Mp_top_eigenvector	1381	93	STAY	Relative_Arbitrage/Operator_Formula	paper statement
Relative_Arbitrage	Operator_Formula	bracket_attained	831	166	STAY	Relative_Arbitrage/Operator_Formula	paper statement
Relative_Arbitrage	Operator_Formula	bracket_ge_shifted	1596	106	STAY	Relative_Arbitrage/Operator_Formula	paper statement
Relative_Arbitrage	Operator_Formula	bracket_upper_bound	552	57	MOVE	Symmetric_Matrix_Spectra/Ky_Fan	uses only Symmetric_Matrix_Spectra
Relative_Arbitrage	Operator_Formula	closed_eigen_ub	2114	12	STAY	Relative_Arbitrage/Operator_Formula	paper statement
Relative_Arbitrage	Operator_Formula	eigen_lb_iff_eigval_ge	2028	57	STAY	Relative_Arbitrage/Operator_Formula	paper statement
Relative_Arbitrage	Operator_Formula	eigen_lb_weighted_outer_sum	747	47	STAY	Relative_Arbitrage/Operator_Formula	paper statement
Relative_Arbitrage	Operator_Formula	eigen_ub_weighted_outer_sum	722	25	STAY	Relative_Arbitrage/Operator_Formula	paper statement
Relative_Arbitrage	Operator_Formula	eigval_Mp_ge_shift	1576	20	STAY	Relative_Arbitrage/Operator_Formula	paper statement
Relative_Arbitrage	Operator_Formula	eigval_Mp_last_nonpos	1353	28	STAY	Relative_Arbitrage/Operator_Formula	paper statement
Relative_Arbitrage	Operator_Formula	eigval_Mp_top_eigenvector	1324	29	STAY	Relative_Arbitrage/Operator_Formula	paper statement
Relative_Arbitrage	Operator_Formula	eigval_ge_of_eigen_lb	402	22	STAY	Relative_Arbitrage/Operator_Formula	paper statement
Relative_Arbitrage	Operator_Formula	eigval_ge_of_subspace	289	113	MOVE	Continuous_Time_Martingales/Optional_Sampling	uses only Continuous_Time_Martingales+Symmetric_Matrix_Spectra
Relative_Arbitrage	Operator_Formula	ell_op_at_top_eigenvector	1474	31	STAY	Relative_Arbitrage/Operator_Formula	paper statement
Relative_Arbitrage	Operator_Formula	ell_op_eq_half_bracket	1027	18	STAY	Relative_Arbitrage/Operator_Formula	paper statement
Relative_Arbitrage	Operator_Formula	ell_op_ge_half_bracket	664	36	STAY	Relative_Arbitrage/Operator_Formula	paper statement
Relative_Arbitrage	Operator_Formula	ell_op_le_half_bracket	997	30	STAY	Relative_Arbitrage/Operator_Formula	paper statement
Relative_Arbitrage	Operator_Formula	ell_op_lipschitz_in_p	1953	75	STAY	Relative_Arbitrage/Operator_Formula	paper statement
Relative_Arbitrage	Operator_Formula	ell_op_scaleR_dir	1083	27	STAY	Relative_Arbitrage/Operator_Formula	paper statement
Relative_Arbitrage	Operator_Formula	feasible_iff_eigval	2085	29	STAY/UNUSED?	Relative_Arbitrage/Operator_Formula	paper statement
Relative_Arbitrage	Operator_Formula	kyfan_Mp_top_eigenvector	1171	153	STAY	Relative_Arbitrage/Operator_Formula	paper statement
Relative_Arbitrage	Operator_Formula	norm_Mp_diff_le	1801	67	STAY	Relative_Arbitrage/Operator_Formula	paper statement
Relative_Arbitrage	Operator_Formula	norm_perp_proj_le	1781	20	STAY	Relative_Arbitrage/Operator_Formula	paper statement
Relative_Arbitrage	Operator_Formula	norm_rank1proj	1769	12	STAY	Relative_Arbitrage/Operator_Formula	paper statement
Relative_Arbitrage	Operator_Formula	norm_rank1proj_diff_le	1727	42	STAY	Relative_Arbitrage/Operator_Formula	paper statement
Relative_Arbitrage	Operator_Formula	perp_proj_fixes_perp	59	6	STAY	Relative_Arbitrage/Operator_Formula	paper statement
Relative_Arbitrage	Operator_Formula	poincare_separation	1505	71	STAY	Relative_Arbitrage/Operator_Formula	paper statement
Relative_Arbitrage	Operator_Formula	rank1proj_annihilates_perp	45	14	STAY	Relative_Arbitrage/Operator_Formula	paper statement
Relative_Arbitrage	Operator_Formula	rank1proj_eq_outer_unit	1702	25	STAY	Relative_Arbitrage/Operator_Formula	paper statement
Relative_Arbitrage	Operator_Formula	rank1proj_scaleR	1045	24	STAY	Relative_Arbitrage/Operator_Formula	paper statement
Relative_Arbitrage	Operator_Formula	sum_min_eigval_ge	424	56	STAY	Relative_Arbitrage/Operator_Formula	paper statement
Relative_Arbitrage	Operator_Formula	sum_min_weights_ge	480	72	STAY	Relative_Arbitrage/Operator_Formula	paper statement
Relative_Arbitrage	Operator_Formula	trace_le_bracket_feasible	609	55	STAY	Relative_Arbitrage/Operator_Formula	paper statement
Relative_Arbitrage	Operator_Formula	weighted_outer_sum_annihilates	700	22	MOVE	Symmetric_Matrix_Spectra/Matrix_Algebra	uses only Symmetric_Matrix_Spectra
Relative_Arbitrage	Optimal_Exit_Time	X_in_ball	122	6	STAY-OR-UPSTREAM	Relative_Arbitrage/Optimal_Exit_Time	no project dependency: pure HOL
Relative_Arbitrage	Optimal_Exit_Time	X_meas_M	99	5	STAY-OR-UPSTREAM	Relative_Arbitrage/Optimal_Exit_Time	no project dependency: pure HOL
Relative_Arbitrage	Optimal_Exit_Time	arb_V_pathwise	168	29	STAY	Relative_Arbitrage/Optimal_Exit_Time	paper statement
Relative_Arbitrage	Optimal_Exit_Time	arb_V_start	197	25	STAY	Relative_Arbitrage/Optimal_Exit_Time	paper statement
Relative_Arbitrage	Optimal_Exit_Time	ball_relative_arbitrage	222	53	STAY/UNUSED?	Relative_Arbitrage/Optimal_Exit_Time	paper statement
Relative_Arbitrage	Optimal_Exit_Time	borel_measurable_ball_v	30	23	STAY	Relative_Arbitrage/Optimal_Exit_Time	paper statement
Relative_Arbitrage	Optimal_Exit_Time	compensator_pathwise	128	40	STAY-OR-UPSTREAM	Relative_Arbitrage/Optimal_Exit_Time	no project dependency: pure HOL
Relative_Arbitrage	Optimal_Exit_Time	ito_formula_quadratic	92	7	STAY	Relative_Arbitrage/Optimal_Exit_Time	paper statement
Relative_Arbitrage	Optimal_Exit_Time	optimal_exit_time_value	293	5	STAY/UNUSED?	Relative_Arbitrage/Optimal_Exit_Time	paper statement
Relative_Arbitrage	Optimal_Exit_Time	sint_meas	104	15	STAY/UNUSED?	Relative_Arbitrage/Optimal_Exit_Time	paper statement
Relative_Arbitrage	Path_Tightness_Market	eigen_ub_diag	112	14	STAY	Relative_Arbitrage/Path_Tightness_Market	paper statement
Relative_Arbitrage	Path_Tightness_Market	market_path_laws_convergent_subsequence	126	322	MOVE	Continuous_Path_Spaces/Path_Space	uses only Continuous_Path_Spaces+Continuous_Time_Martingales+Symmetric_Matrix_Spectra
Relative_Arbitrage	Path_Tightness_Market	path_laws_convergent_subsequence_market	22	83	MOVE	Continuous_Path_Spaces/Path_Space	uses only Continuous_Path_Spaces
Relative_Arbitrage	Path_Tightness_Market	psd_diag_nonneg	105	7	MOVE	Symmetric_Matrix_Spectra/Matrix_Algebra	uses only Symmetric_Matrix_Spectra
Relative_Arbitrage	Value_Function_Assembly	exit_val_ball_lower_sharp	356	72	STAY	Relative_Arbitrage/Value_Function_Assembly	paper statement
Relative_Arbitrage	Value_Function_Assembly	exit_val_ball_lower_subspace	123	233	STAY	Relative_Arbitrage/Value_Function_Assembly	paper statement
Relative_Arbitrage	Value_Function_Assembly	radial_sq_upto_gen	32	91	MOVE	Path_Space_Operations/Path_Splicing	statement only in path-toolkit terms
Relative_Arbitrage	Value_Function_Euler_Construction	bm_R2_moment	1075	92	STAY/UNUSED?	Relative_Arbitrage/Value_Function_Euler_Construction	paper statement
Relative_Arbitrage	Value_Function_Euler_Construction	bm_coordinate_pow4	1031	44	STAY/UNUSED?	Relative_Arbitrage/Value_Function_Euler_Construction	paper statement
Relative_Arbitrage	Value_Function_Euler_Construction	cols_mult_transpose	514	23	MOVE	Symmetric_Matrix_Spectra/Outer_Products	statement only in path-toolkit terms
Relative_Arbitrage	Value_Function_Euler_Construction	continuous_on_sbmpair_path	131	14	STAY	Relative_Arbitrage/Value_Function_Euler_Construction	paper statement
Relative_Arbitrage	Value_Function_Euler_Construction	euOrth_mset	2150	69	MOVE	Path_Space_Operations/Path_Splicing	statement only in path-toolkit terms
Relative_Arbitrage	Value_Function_Euler_Construction	euXi_measurable	1679	32	STAY	Relative_Arbitrage/Value_Function_Euler_Construction	paper statement
Relative_Arbitrage	Value_Function_Euler_Construction	euXi_pglue_prefix	2367	36	STAY	Relative_Arbitrage/Value_Function_Euler_Construction	paper statement
Relative_Arbitrage	Value_Function_Euler_Construction	euXi_pglue_split	1711	81	STAY	Relative_Arbitrage/Value_Function_Euler_Construction	paper statement
Relative_Arbitrage	Value_Function_Euler_Construction	euXi_term_cont	1620	59	MOVE	Symmetric_Matrix_Spectra/Outer_Products	statement only in path-toolkit terms
Relative_Arbitrage	Value_Function_Euler_Construction	eulerp_Xi_chebyshev	2562	51	STAY	Relative_Arbitrage/Value_Function_Euler_Construction	paper statement
Relative_Arbitrage	Value_Function_Euler_Construction	eulerp_Xi_sq_bound	1792	295	STAY	Relative_Arbitrage/Value_Function_Euler_Construction	paper statement
Relative_Arbitrage	Value_Function_Euler_Construction	eulerp_Xi_sq_bound_le	2403	159	STAY	Relative_Arbitrage/Value_Function_Euler_Construction	paper statement
Relative_Arbitrage	Value_Function_Euler_Construction	eulerp_bad_event_null	3247	358	STAY	Relative_Arbitrage/Value_Function_Euler_Construction	paper statement
Relative_Arbitrage	Value_Function_Euler_Construction	eulerp_in_class	898	97	STAY	Relative_Arbitrage/Value_Function_Euler_Construction	paper statement
Relative_Arbitrage	Value_Function_Euler_Construction	eulerp_limit_exit	3939	120	STAY	Relative_Arbitrage/Value_Function_Euler_Construction	paper statement
Relative_Arbitrage	Value_Function_Euler_Construction	eulerp_limit_good	3729	133	STAY	Relative_Arbitrage/Value_Function_Euler_Construction	paper statement
Relative_Arbitrage	Value_Function_Euler_Construction	eulerp_orth_increments	2219	148	STAY	Relative_Arbitrage/Value_Function_Euler_Construction	paper statement
Relative_Arbitrage	Value_Function_Euler_Construction	eulerp_quad_lower	2613	171	STAY	Relative_Arbitrage/Value_Function_Euler_Construction	paper statement
Relative_Arbitrage	Value_Function_Euler_Construction	eulerp_seq_in_class	2967	15	STAY	Relative_Arbitrage/Value_Function_Euler_Construction	paper statement
Relative_Arbitrage	Value_Function_Euler_Construction	eulerp_weak_limit	2982	35	STAY	Relative_Arbitrage/Value_Function_Euler_Construction	paper statement
Relative_Arbitrage	Value_Function_Euler_Construction	exit_class_increment_tail	3017	68	STAY	Relative_Arbitrage/Value_Function_Euler_Construction	paper statement
Relative_Arbitrage	Value_Function_Euler_Construction	exit_class_increment_tail_norm	3085	102	STAY	Relative_Arbitrage/Value_Function_Euler_Construction	paper statement
Relative_Arbitrage	Value_Function_Euler_Construction	exit_class_weak_limit	2862	105	STAY	Relative_Arbitrage/Value_Function_Euler_Construction	paper statement
Relative_Arbitrage	Value_Function_Euler_Construction	open_quad_bad_event	3187	60	MOVE	Path_Space_Operations/Path_Splicing	statement only in path-toolkit terms
Relative_Arbitrage	Value_Function_Euler_Construction	open_stay_inside	2784	78	MOVE	Continuous_Path_Spaces/Path_Space	uses only Continuous_Path_Spaces+Continuous_Time_Martingales
Relative_Arbitrage	Value_Function_Euler_Construction	outerp_matvec_image	91	40	MOVE	Symmetric_Matrix_Spectra/Outer_Products	statement only in path-toolkit terms
Relative_Arbitrage	Value_Function_Euler_Construction	prob_space_sbmpair_law	183	7	STAY	Relative_Arbitrage/Value_Function_Euler_Construction	paper statement
Relative_Arbitrage	Value_Function_Euler_Construction	quad_eval_cont	3605	32	MOVE	Path_Space_Operations/Path_Splicing	statement only in path-toolkit terms
Relative_Arbitrage	Value_Function_Euler_Construction	quad_good_rat_to_real	3637	92	MOVE	Path_Space_Operations/Path_Splicing	statement only in path-toolkit terms
Relative_Arbitrage	Value_Function_Euler_Construction	quad_good_upto	3862	77	MOVE	Path_Space_Operations/Path_Splicing	statement only in path-toolkit terms
Relative_Arbitrage	Value_Function_Euler_Construction	sbm_entry_bound	1014	17	STAY	Relative_Arbitrage/Value_Function_Euler_Construction	paper statement
Relative_Arbitrage	Value_Function_Euler_Construction	sbm_kernel_package	772	114	STAY	Relative_Arbitrage/Value_Function_Euler_Construction	paper statement
Relative_Arbitrage	Value_Function_Euler_Construction	sbm_law_weak_conv	685	87	STAY	Relative_Arbitrage/Value_Function_Euler_Construction	paper statement
Relative_Arbitrage	Value_Function_Euler_Construction	sbm_orth_increment	2087	63	STAY	Relative_Arbitrage/Value_Function_Euler_Construction	paper statement
Relative_Arbitrage	Value_Function_Euler_Construction	sbm_xi_mean0	1167	131	STAY/UNUSED?	Relative_Arbitrage/Value_Function_Euler_Construction	paper statement
Relative_Arbitrage	Value_Function_Euler_Construction	sbm_xi_sq_bound	1298	255	STAY	Relative_Arbitrage/Value_Function_Euler_Construction	paper statement
Relative_Arbitrage	Value_Function_Euler_Construction	sbm_xi_sq_bound_uniform	1567	46	STAY	Relative_Arbitrage/Value_Function_Euler_Construction	paper statement
Relative_Arbitrage	Value_Function_Euler_Construction	sbmpair_adapted	315	37	STAY	Relative_Arbitrage/Value_Function_Euler_Construction	paper statement
Relative_Arbitrage	Value_Function_Euler_Construction	sbmpair_apply	83	8	STAY	Relative_Arbitrage/Value_Function_Euler_Construction	paper statement
Relative_Arbitrage	Value_Function_Euler_Construction	sbmpair_in_mspace	537	6	STAY	Relative_Arbitrage/Value_Function_Euler_Construction	paper statement
Relative_Arbitrage	Value_Function_Euler_Construction	sbmpair_law_X_martingale	352	37	STAY	Relative_Arbitrage/Value_Function_Euler_Construction	paper statement
Relative_Arbitrage	Value_Function_Euler_Construction	sbmpair_law_comp_martingale	389	65	STAY	Relative_Arbitrage/Value_Function_Euler_Construction	paper statement
Relative_Arbitrage	Value_Function_Euler_Construction	sbmpair_law_diffquot	225	90	STAY	Relative_Arbitrage/Value_Function_Euler_Construction	paper statement
Relative_Arbitrage	Value_Function_Euler_Construction	sbmpair_law_in_paper_pair_class	454	38	STAY	Relative_Arbitrage/Value_Function_Euler_Construction	paper statement
Relative_Arbitrage	Value_Function_Euler_Construction	sbmpair_law_start	190	35	STAY	Relative_Arbitrage/Value_Function_Euler_Construction	paper statement
Relative_Arbitrage	Value_Function_Euler_Construction	sbmpair_measurable	145	38	STAY	Relative_Arbitrage/Value_Function_Euler_Construction	paper statement
Relative_Arbitrage	Value_Function_Euler_Construction	sbmpair_pathwise_tendsto	543	142	STAY	Relative_Arbitrage/Value_Function_Euler_Construction	paper statement
Relative_Arbitrage	Value_Function_Euler_Construction	sbmpair_pshift_law_in_paper_pair_class	492	22	STAY	Relative_Arbitrage/Value_Function_Euler_Construction	paper statement
Relative_Arbitrage	Value_Function_Euler_Construction	sconstraint_diag_le	995	19	STAY	Relative_Arbitrage/Value_Function_Euler_Construction	paper statement
Relative_Arbitrage	Value_Function_Euler_Construction	trace_mult_outerp_sum	46	32	MOVE	Symmetric_Matrix_Spectra/Outer_Products	statement only in path-toolkit terms
Relative_Arbitrage	Value_Function_Euler_Construction	xiC_nonneg	1558	9	STAY	Relative_Arbitrage/Value_Function_Euler_Construction	paper statement
Relative_Arbitrage	Value_Function_Market	ess_inf_timeI	84	5	MOVE	Continuous_Time_Martingales/Essential_Infimum	statement only in path-toolkit terms
Relative_Arbitrage	Value_Function_Market	ess_inf_time_AE	89	30	MOVE	Continuous_Time_Martingales/Essential_Infimum	statement only in path-toolkit terms
Relative_Arbitrage	Value_Function_Market	ess_inf_time_distr_measurable	204	19	MOVE	Continuous_Time_Martingales/Essential_Infimum	statement only in path-toolkit terms
Relative_Arbitrage	Value_Function_Market	ess_inf_time_ge_iff	119	23	MOVE	Continuous_Time_Martingales/Essential_Infimum	statement only in path-toolkit terms
Relative_Arbitrage	Value_Function_Market	ess_inf_time_ge_iff_measure	142	23	MOVE	Continuous_Time_Martingales/Essential_Infimum	statement only in path-toolkit terms
Relative_Arbitrage	Value_Function_Market	ess_inf_time_le_const	58	26	MOVE	Continuous_Time_Martingales/Essential_Infimum	statement only in path-toolkit terms
Relative_Arbitrage	Value_Function_Market	ess_inf_time_le_nn_integral	36	22	MOVE	Continuous_Time_Martingales/Essential_Infimum	statement only in path-toolkit terms
Relative_Arbitrage	Value_Function_Market	ess_inf_time_less_iff	165	18	MOVE	Continuous_Time_Martingales/Essential_Infimum	statement only in path-toolkit terms
Relative_Arbitrage	Value_Function_Market	ess_inf_time_mono	183	21	MOVE	Continuous_Time_Martingales/Essential_Infimum	statement only in path-toolkit terms
Relative_Arbitrage	Value_Function_Market	mkt_exit_vals_mono	371	17	STAY	Relative_Arbitrage/Value_Function_Market	paper statement
Relative_Arbitrage	Value_Function_Market	mkt_exit_vals_nonempty	240	21	STAY/UNUSED?	Relative_Arbitrage/Value_Function_Market	paper statement
Relative_Arbitrage	Value_Function_Market	sufficiently_volatile_market_mono_K	310	61	MOVE	Continuous_Time_Martingales/Quadratic_Variation	uses only Continuous_Time_Martingales+Symmetric_Matrix_Spectra
Relative_Arbitrage	Value_Function_Market	val_fn_boundary	286	24	STAY	Relative_Arbitrage/Value_Function_Market	paper statement
Relative_Arbitrage	Value_Function_Market	val_fn_le_ball_v	261	25	STAY	Relative_Arbitrage/Value_Function_Market	paper statement
Relative_Arbitrage	Value_Function_Market	val_fn_mono	388	32	STAY/UNUSED?	Relative_Arbitrage/Value_Function_Market	paper statement
Relative_Arbitrage	Value_Function_Subsolution	X_eval_entry_measurable	1248	10	MOVE	Path_Space_Operations/Path_Splicing	statement only in path-toolkit terms
Relative_Arbitrage	Value_Function_Subsolution	comp_eval_entry_measurable	1258	25	MOVE	Symmetric_Matrix_Spectra/Outer_Products	statement only in path-toolkit terms
Relative_Arbitrage	Value_Function_Subsolution	dist_eval_measurable	989	15	MOVE	Path_Space_Operations/Path_Splicing	statement only in path-toolkit terms
Relative_Arbitrage	Value_Function_Subsolution	ell_op_le_of_witness	49	28	STAY	Relative_Arbitrage/Value_Function_Subsolution	paper statement
Relative_Arbitrage	Value_Function_Subsolution	ell_op_s_bdd_below	542	28	STAY	Relative_Arbitrage/Value_Function_Subsolution	paper statement
Relative_Arbitrage	Value_Function_Subsolution	ell_op_s_le_of_witness	570	15	STAY	Relative_Arbitrage/Value_Function_Subsolution	paper statement
Relative_Arbitrage	Value_Function_Subsolution	exit_class_X_entry_stopped	1283	90	STAY	Relative_Arbitrage/Value_Function_Subsolution	paper statement
Relative_Arbitrage	Value_Function_Subsolution	exit_class_X_integrable	316	13	STAY	Relative_Arbitrage/Value_Function_Subsolution	paper statement
Relative_Arbitrage	Value_Function_Subsolution	exit_class_X_mean	329	41	STAY	Relative_Arbitrage/Value_Function_Subsolution	paper statement
Relative_Arbitrage	Value_Function_Subsolution	exit_class_Y_integrable	167	23	STAY	Relative_Arbitrage/Value_Function_Subsolution	paper statement
Relative_Arbitrage	Value_Function_Subsolution	exit_class_Y_mean_sconstraint	190	126	STAY	Relative_Arbitrage/Value_Function_Subsolution	paper statement
Relative_Arbitrage	Value_Function_Subsolution	exit_class_Y_stopped_integrable	1481	37	STAY	Relative_Arbitrage/Value_Function_Subsolution	paper statement
Relative_Arbitrage	Value_Function_Subsolution	exit_class_Y_stopped_mean_sconstraint	1518	256	STAY	Relative_Arbitrage/Value_Function_Subsolution	paper statement
Relative_Arbitrage	Value_Function_Subsolution	exit_class_comp_entry_stopped	1373	108	STAY	Relative_Arbitrage/Value_Function_Subsolution	paper statement
Relative_Arbitrage	Value_Function_Subsolution	exit_class_quadform_integrable	417	31	STAY	Relative_Arbitrage/Value_Function_Subsolution	paper statement
Relative_Arbitrage	Value_Function_Subsolution	exit_class_quadform_mean	370	47	STAY	Relative_Arbitrage/Value_Function_Subsolution	paper statement
Relative_Arbitrage	Value_Function_Subsolution	exit_class_quadratic_mean	448	67	STAY	Relative_Arbitrage/Value_Function_Subsolution	paper statement
Relative_Arbitrage	Value_Function_Subsolution	exit_class_stopped_moments	2699	156	STAY	Relative_Arbitrage/Value_Function_Subsolution	paper statement
Relative_Arbitrage	Value_Function_Subsolution	exit_class_stopped_normsq	2880	32	STAY	Relative_Arbitrage/Value_Function_Subsolution	paper statement
Relative_Arbitrage	Value_Function_Subsolution	exit_class_stopped_var	2855	25	STAY	Relative_Arbitrage/Value_Function_Subsolution	paper statement
Relative_Arbitrage	Value_Function_Subsolution	exit_val_cond_at_time	2663	36	STAY	Relative_Arbitrage/Value_Function_Subsolution	paper statement
Relative_Arbitrage	Value_Function_Subsolution	exit_val_cond_ball	88	57	STAY	Relative_Arbitrage/Value_Function_Subsolution	paper statement
Relative_Arbitrage	Value_Function_Subsolution	exit_val_subsol_bc	3943	86	STAY	Relative_Arbitrage/Value_Function_Subsolution	paper statement
Relative_Arbitrage	Value_Function_Subsolution	exit_val_subsol_quadratic_ball	1774	289	STAY	Relative_Arbitrage/Value_Function_Subsolution	paper statement
Relative_Arbitrage	Value_Function_Subsolution	exit_val_subsol_quadratic_global	610	98	STAY/UNUSED?	Relative_Arbitrage/Value_Function_Subsolution	paper statement
Relative_Arbitrage	Value_Function_Subsolution	exit_val_touch_near_orth	2912	687	STAY	Relative_Arbitrage/Value_Function_Subsolution	paper statement
Relative_Arbitrage	Value_Function_Subsolution	exit_val_touch_orth	3599	80	STAY	Relative_Arbitrage/Value_Function_Subsolution	paper statement
Relative_Arbitrage	Value_Function_Subsolution	exit_val_visc_subsol	3699	102	STAY	Relative_Arbitrage/Value_Function_Subsolution	paper statement
Relative_Arbitrage	Value_Function_Subsolution	exit_val_visc_subsol_any	3801	98	STAY	Relative_Arbitrage/Value_Function_Subsolution	paper statement
Relative_Arbitrage	Value_Function_Subsolution	exit_val_zero_outside	3899	44	STAY	Relative_Arbitrage/Value_Function_Subsolution	paper statement
Relative_Arbitrage	Value_Function_Subsolution	feasible_subset_sconstraint	585	25	STAY	Relative_Arbitrage/Value_Function_Subsolution	paper statement
Relative_Arbitrage	Value_Function_Subsolution	feasible_trace_le	3679	20	STAY	Relative_Arbitrage/Value_Function_Subsolution	paper statement
Relative_Arbitrage	Value_Function_Subsolution	matvec_sum_outer	2162	14	MOVE	Continuous_Time_Martingales/Optional_Sampling	uses only Continuous_Time_Martingales+Symmetric_Matrix_Spectra
Relative_Arbitrage	Value_Function_Subsolution	onormal_parseval	2222	16	MOVE	Symmetric_Matrix_Spectra/Orthonormal_Families	uses only Symmetric_Matrix_Spectra
Relative_Arbitrage	Value_Function_Subsolution	onormal_span_parseval	2238	21	MOVE	Continuous_Time_Martingales/Optional_Sampling	uses only Continuous_Time_Martingales+Symmetric_Matrix_Spectra
Relative_Arbitrage	Value_Function_Subsolution	outerp_eq_outer_prod	145	5	MOVE	Symmetric_Matrix_Spectra/Outer_Products	statement only in path-toolkit terms
Relative_Arbitrage	Value_Function_Subsolution	pball_exit_cong	860	17	STAY	Relative_Arbitrage/Value_Function_Subsolution	paper statement
Relative_Arbitrage	Value_Function_Subsolution	pball_exit_le	84	4	STAY	Relative_Arbitrage/Value_Function_Subsolution	paper statement
Relative_Arbitrage	Value_Function_Subsolution	pball_exit_le_iff_dense	1004	125	STAY	Relative_Arbitrage/Value_Function_Subsolution	paper statement
Relative_Arbitrage	Value_Function_Subsolution	pball_exit_measurable	1129	78	STAY	Relative_Arbitrage/Value_Function_Subsolution	paper statement
Relative_Arbitrage	Value_Function_Subsolution	pball_exit_nonneg	80	4	STAY	Relative_Arbitrage/Value_Function_Subsolution	paper statement
Relative_Arbitrage	Value_Function_Subsolution	pball_exit_outside	877	19	STAY	Relative_Arbitrage/Value_Function_Subsolution	paper statement
Relative_Arbitrage	Value_Function_Subsolution	pball_exit_path_stopping_time	944	45	STAY	Relative_Arbitrage/Value_Function_Subsolution	paper statement
Relative_Arbitrage	Value_Function_Subsolution	pball_exit_pos	896	48	STAY	Relative_Arbitrage/Value_Function_Subsolution	paper statement
Relative_Arbitrage	Value_Function_Subsolution	pball_exit_stays_cball	1207	41	STAY	Relative_Arbitrage/Value_Function_Subsolution	paper statement
Relative_Arbitrage	Value_Function_Subsolution	pexit_cong_stopping	820	40	MOVE	Continuous_Path_Spaces/Path_Exit_Times	statement only in path-toolkit terms
Relative_Arbitrage	Value_Function_Subsolution	pexit_le_of_mem	769	6	MOVE	Continuous_Path_Spaces/Path_Exit_Times	statement only in path-toolkit terms
Relative_Arbitrage	Value_Function_Subsolution	pexit_mem_of_less_T	775	45	MOVE	Continuous_Path_Spaces/Path_Exit_Times	statement only in path-toolkit terms
Relative_Arbitrage	Value_Function_Subsolution	psd_kernel_eq	2093	69	MOVE	Symmetric_Matrix_Spectra/Matrix_Algebra	uses only Symmetric_Matrix_Spectra
Relative_Arbitrage	Value_Function_Subsolution	quadform_outerp	520	19	MOVE	Symmetric_Matrix_Spectra/Outer_Products	statement only in path-toolkit terms
Relative_Arbitrage	Value_Function_Subsolution	quadform_sum_outer	2176	17	MOVE	Continuous_Time_Martingales/Optional_Sampling	uses only Continuous_Time_Martingales+Symmetric_Matrix_Spectra
Relative_Arbitrage	Value_Function_Subsolution	sconstraint_orth_feasible	2405	258	STAY	Relative_Arbitrage/Value_Function_Subsolution	paper statement
Relative_Arbitrage	Value_Function_Subsolution	sconstraint_trace_le	2063	30	STAY	Relative_Arbitrage/Value_Function_Subsolution	paper statement
Relative_Arbitrage	Value_Function_Subsolution	test_fun_at_quadratic	708	61	STAY	Relative_Arbitrage/Value_Function_Subsolution	paper statement
Relative_Arbitrage	Value_Function_Subsolution	traceM_sum_outer	2193	29	MOVE	Continuous_Time_Martingales/Optional_Sampling	uses only Continuous_Time_Martingales+Symmetric_Matrix_Spectra
Relative_Arbitrage	Value_Function_Subsolution	trace_mult_outerp	150	17	MOVE	Symmetric_Matrix_Spectra/Outer_Products	statement only in path-toolkit terms
Relative_Arbitrage	Value_Function_Subsolution	trace_outerp_mult	515	5	MOVE	Symmetric_Matrix_Spectra/Outer_Products	statement only in path-toolkit terms
Relative_Arbitrage	Value_Function_Subsolution	weighted_min_value	2259	146	MOVE	Continuous_Time_Martingales/Optional_Sampling	uses only Continuous_Time_Martingales+Symmetric_Matrix_Spectra+Wiener_Measure
Relative_Arbitrage	Value_Function_Supersolution_Case_1	colm_square	256	37	STAY	Relative_Arbitrage/Value_Function_Supersolution_Case_1	paper statement
Relative_Arbitrage	Value_Function_Supersolution_Case_1	ell_op_lt_witness	16	19	STAY	Relative_Arbitrage/Value_Function_Supersolution_Case_1	paper statement
Relative_Arbitrage	Value_Function_Supersolution_Case_1	euOrth_mset_cond	1194	172	MOVE	Path_Space_Operations/Path_Splicing	statement only in path-toolkit terms
Relative_Arbitrage	Value_Function_Supersolution_Case_1	eulerp_bad_event_null_region	1778	380	STAY	Relative_Arbitrage/Value_Function_Supersolution_Case_1	paper statement
Relative_Arbitrage	Value_Function_Supersolution_Case_1	eulerp_limit_good2_region	2250	218	STAY	Relative_Arbitrage/Value_Function_Supersolution_Case_1	paper statement
Relative_Arbitrage	Value_Function_Supersolution_Case_1	eulerp_orth_increments_cond	1366	191	STAY	Relative_Arbitrage/Value_Function_Supersolution_Case_1	paper statement
Relative_Arbitrage	Value_Function_Supersolution_Case_1	eulerp_quad_lower_region	1557	159	STAY	Relative_Arbitrage/Value_Function_Supersolution_Case_1	paper statement
Relative_Arbitrage	Value_Function_Supersolution_Case_1	exit_val_ball_lower_plus	2857	265	STAY	Relative_Arbitrage/Value_Function_Supersolution_Case_1	paper statement
Relative_Arbitrage	Value_Function_Supersolution_Case_1	exit_val_supersol_contradiction_case1	509	369	STAY/UNUSED?	Relative_Arbitrage/Value_Function_Supersolution_Case_1	paper statement
Relative_Arbitrage	Value_Function_Supersolution_Case_1	open_quad_bad_event_region	1716	62	MOVE	Path_Space_Operations/Path_Splicing	statement only in path-toolkit terms
Relative_Arbitrage	Value_Function_Supersolution_Case_1	outerp_scale_self	164	5	MOVE	Symmetric_Matrix_Spectra/Outer_Products	statement only in path-toolkit terms
Relative_Arbitrage	Value_Function_Supersolution_Case_1	outerp_sq	975	17	MOVE	Symmetric_Matrix_Spectra/Outer_Products	statement only in path-toolkit terms
Relative_Arbitrage	Value_Function_Supersolution_Case_1	pexit_eq_of_stays	35	21	MOVE	Continuous_Path_Spaces/Path_Exit_Times	statement only in path-toolkit terms
Relative_Arbitrage	Value_Function_Supersolution_Case_1	quad_good_rat_to_real_region	2158	92	MOVE	Path_Space_Operations/Path_Splicing	statement only in path-toolkit terms
Relative_Arbitrage	Value_Function_Supersolution_Case_1	radial_sq_upto	2774	83	MOVE	Path_Space_Operations/Path_Splicing	statement only in path-toolkit terms
Relative_Arbitrage	Value_Function_Supersolution_Case_1	rotSF_conj	298	22	STAY	Relative_Arbitrage/Value_Function_Supersolution_Case_1	paper statement
Relative_Arbitrage	Value_Function_Supersolution_Case_1	rotSF_cont	176	50	STAY	Relative_Arbitrage/Value_Function_Supersolution_Case_1	paper statement
Relative_Arbitrage	Value_Function_Supersolution_Case_1	rotSF_exists	320	189	STAY	Relative_Arbitrage/Value_Function_Supersolution_Case_1	paper statement
Relative_Arbitrage	Value_Function_Supersolution_Case_1	rotSF_matrix	293	5	STAY	Relative_Arbitrage/Value_Function_Supersolution_Case_1	paper statement
Relative_Arbitrage	Value_Function_Supersolution_Case_1	rot_col_cont	226	27	MOVE	Symmetric_Matrix_Spectra/Householder_Rotation	uses only Symmetric_Matrix_Spectra
Relative_Arbitrage	Value_Function_Supersolution_Case_1	tanRF_cont	2552	18	STAY	Relative_Arbitrage/Value_Function_Supersolution_Case_1	paper statement
Relative_Arbitrage	Value_Function_Supersolution_Case_1	tanSF_package	1098	96	STAY/UNUSED?	Relative_Arbitrage/Value_Function_Supersolution_Case_1	paper statement
Relative_Arbitrage	Value_Function_Supersolution_Case_1	tangential_exact_growth	2570	204	STAY	Relative_Arbitrage/Value_Function_Supersolution_Case_1	paper statement
Relative_Arbitrage	Value_Function_Supersolution_Case_1	tanp_eigen_lb	934	26	STAY	Relative_Arbitrage/Value_Function_Supersolution_Case_1	paper statement
Relative_Arbitrage	Value_Function_Supersolution_Case_1	tanp_eigen_ub	919	15	STAY	Relative_Arbitrage/Value_Function_Supersolution_Case_1	paper statement
Relative_Arbitrage	Value_Function_Supersolution_Case_1	tanp_feasible	960	9	STAY	Relative_Arbitrage/Value_Function_Supersolution_Case_1	paper statement
Relative_Arbitrage	Value_Function_Supersolution_Case_1	tanp_kill	1025	20	STAY	Relative_Arbitrage/Value_Function_Supersolution_Case_1	paper statement
Relative_Arbitrage	Value_Function_Supersolution_Case_1	tanp_mv	881	4	STAY	Relative_Arbitrage/Value_Function_Supersolution_Case_1	paper statement
Relative_Arbitrage	Value_Function_Supersolution_Case_1	tanp_psd	899	20	STAY	Relative_Arbitrage/Value_Function_Supersolution_Case_1	paper statement
Relative_Arbitrage	Value_Function_Supersolution_Case_1	tanp_quadform	894	5	STAY	Relative_Arbitrage/Value_Function_Supersolution_Case_1	paper statement
Relative_Arbitrage	Value_Function_Supersolution_Case_1	tanp_sconstraint	969	6	STAY	Relative_Arbitrage/Value_Function_Supersolution_Case_1	paper statement
Relative_Arbitrage	Value_Function_Supersolution_Case_1	tanp_sq	992	19	STAY	Relative_Arbitrage/Value_Function_Supersolution_Case_1	paper statement
Relative_Arbitrage	Value_Function_Supersolution_Case_1	tanp_sq_sconstraint	2468	84	STAY	Relative_Arbitrage/Value_Function_Supersolution_Case_1	paper statement
Relative_Arbitrage	Value_Function_Supersolution_Case_1	tanp_sym	885	9	STAY	Relative_Arbitrage/Value_Function_Supersolution_Case_1	paper statement
Relative_Arbitrage	Value_Function_Supersolution_Case_1	tanp_trace	1011	14	STAY	Relative_Arbitrage/Value_Function_Supersolution_Case_1	paper statement
Relative_Arbitrage	Value_Function_Supersolution_Case_1	touching_grad_lt_horizon	56	108	STAY	Relative_Arbitrage/Value_Function_Supersolution_Case_1	paper statement
Relative_Arbitrage	Value_Function_Supersolution_Case_1	uvec_cont	1081	12	STAY	Relative_Arbitrage/Value_Function_Supersolution_Case_1	paper statement
Relative_Arbitrage	Value_Function_Supersolution_Case_1	uvec_norm_le	1058	13	STAY	Relative_Arbitrage/Value_Function_Supersolution_Case_1	paper statement
Relative_Arbitrage	Value_Function_Supersolution_Case_1	uvec_par	1071	10	STAY	Relative_Arbitrage/Value_Function_Supersolution_Case_1	paper statement
Relative_Arbitrage	Value_Function_Supersolution_Case_1	uvec_unit	1048	10	STAY	Relative_Arbitrage/Value_Function_Supersolution_Case_1	paper statement
Relative_Arbitrage	Value_Function_Supersolution_Case_2	exit_val_cap_inert	1932	46	STAY	Relative_Arbitrage/Value_Function_Supersolution_Case_2	paper statement
Relative_Arbitrage	Value_Function_Supersolution_Case_2	exit_val_case2	1757	46	STAY	Relative_Arbitrage/Value_Function_Supersolution_Case_2	paper statement
Relative_Arbitrage	Value_Function_Supersolution_Case_2	exit_val_case2_at_minimiser	1480	61	STAY	Relative_Arbitrage/Value_Function_Supersolution_Case_2	paper statement
Relative_Arbitrage	Value_Function_Supersolution_Case_2	exit_val_case2_eps	1541	216	STAY	Relative_Arbitrage/Value_Function_Supersolution_Case_2	paper statement
Relative_Arbitrage	Value_Function_Supersolution_Case_2	exit_val_case2_separation	1062	66	STAY	Relative_Arbitrage/Value_Function_Supersolution_Case_2	paper statement
Relative_Arbitrage	Value_Function_Supersolution_Case_2	exit_val_case2_tilt_step	1128	81	STAY/UNUSED?	Relative_Arbitrage/Value_Function_Supersolution_Case_2	paper statement
Relative_Arbitrage	Value_Function_Supersolution_Case_2	exit_val_not_locally_constant	1336	144	STAY	Relative_Arbitrage/Value_Function_Supersolution_Case_2	paper statement
Relative_Arbitrage	Value_Function_Supersolution_Case_2	exit_val_supersol_contradiction_case1_lsc	239	547	STAY	Relative_Arbitrage/Value_Function_Supersolution_Case_2	paper statement
Relative_Arbitrage	Value_Function_Supersolution_Case_2	exit_val_supersol_envK	1887	45	STAY	Relative_Arbitrage/Value_Function_Supersolution_Case_2	paper statement
Relative_Arbitrage	Value_Function_Supersolution_Case_2	exit_val_supersol_lsc	1803	52	STAY	Relative_Arbitrage/Value_Function_Supersolution_Case_2	paper statement
Relative_Arbitrage	Value_Function_Supersolution_Case_2	exit_val_supersol_lsc_bounded	1978	15	STAY	Relative_Arbitrage/Value_Function_Supersolution_Case_2	paper statement
Relative_Arbitrage	Value_Function_Supersolution_Case_2	exit_val_supersol_lsc_local	1855	32	STAY	Relative_Arbitrage/Value_Function_Supersolution_Case_2	paper statement
Relative_Arbitrage	Value_Function_Supersolution_Case_2	horn_B_locally_constant	1209	127	MOVE	Continuous_Time_Martingales/Doob_Inequality	uses only Continuous_Time_Martingales+Symmetric_Matrix_Spectra
Relative_Arbitrage	Value_Function_Supersolution_Case_2	quad_good_upto_region	50	92	MOVE	Path_Space_Operations/Path_Splicing	statement only in path-toolkit terms
Relative_Arbitrage	Value_Function_Supersolution_Case_2	test_fun_at_shifted_quadratic	925	53	STAY	Relative_Arbitrage/Value_Function_Supersolution_Case_2	paper statement
Relative_Arbitrage	Value_Function_Supersolution_Case_2	test_fun_strict_minorant_zero_grad	874	51	STAY	Relative_Arbitrage/Value_Function_Supersolution_Case_2	paper statement
Relative_Arbitrage	Value_Function_Supersolution_Case_2	tilted_local_touching	978	84	MOVE	Semicontinuous_Analysis/Semicontinuity	uses only Semicontinuous_Analysis+Symmetric_Matrix_Spectra
Relative_Arbitrage	Value_Function_Supersolution_Case_2	touching_grad_lt_horizon_gen	142	97	STAY	Relative_Arbitrage/Value_Function_Supersolution_Case_2	paper statement
Relative_Arbitrage	Value_Function_Supersolution_Case_2	visc_supersol_lsc_iff_env	786	88	STAY/UNUSED?	Relative_Arbitrage/Value_Function_Supersolution_Case_2	paper statement
Relative_Arbitrage	Value_Function_Tangential_Field	projmat_fix	54	13	STAY	Relative_Arbitrage/Value_Function_Tangential_Field	paper statement
Relative_Arbitrage	Value_Function_Tangential_Field	projmat_idem	67	23	STAY	Relative_Arbitrage/Value_Function_Tangential_Field	paper statement
Relative_Arbitrage	Value_Function_Tangential_Field	projmat_mv	38	3	STAY	Relative_Arbitrage/Value_Function_Tangential_Field	paper statement
Relative_Arbitrage	Value_Function_Tangential_Field	projmat_span_fix	90	21	STAY	Relative_Arbitrage/Value_Function_Tangential_Field	paper statement
Relative_Arbitrage	Value_Function_Tangential_Field	projmat_sym	35	3	STAY	Relative_Arbitrage/Value_Function_Tangential_Field	paper statement
Relative_Arbitrage	Value_Function_Tangential_Field	projmat_trace	41	13	STAY	Relative_Arbitrage/Value_Function_Tangential_Field	paper statement
Relative_Arbitrage	Value_Function_Tangential_Field	subspace_tangential_exact_growth	555	310	STAY	Relative_Arbitrage/Value_Function_Tangential_Field	paper statement
Relative_Arbitrage	Value_Function_Tangential_Field	tanpUV_cont	382	19	STAY	Relative_Arbitrage/Value_Function_Tangential_Field	paper statement
Relative_Arbitrage	Value_Function_Tangential_Field	tanpU_absorb	496	20	STAY	Relative_Arbitrage/Value_Function_Tangential_Field	paper statement
Relative_Arbitrage	Value_Function_Tangential_Field	tanpU_eigen_lb	297	48	STAY	Relative_Arbitrage/Value_Function_Tangential_Field	paper statement
Relative_Arbitrage	Value_Function_Tangential_Field	tanpU_eigen_ub	267	30	STAY	Relative_Arbitrage/Value_Function_Tangential_Field	paper statement
Relative_Arbitrage	Value_Function_Tangential_Field	tanpU_feasible	345	23	STAY	Relative_Arbitrage/Value_Function_Tangential_Field	paper statement
Relative_Arbitrage	Value_Function_Tangential_Field	tanpU_kill	201	31	STAY	Relative_Arbitrage/Value_Function_Tangential_Field	paper statement
Relative_Arbitrage	Value_Function_Tangential_Field	tanpU_kill_proj	516	39	STAY	Relative_Arbitrage/Value_Function_Tangential_Field	paper statement
Relative_Arbitrage	Value_Function_Tangential_Field	tanpU_mv	145	5	STAY	Relative_Arbitrage/Value_Function_Tangential_Field	paper statement
Relative_Arbitrage	Value_Function_Tangential_Field	tanpU_psd	232	35	STAY	Relative_Arbitrage/Value_Function_Tangential_Field	paper statement
Relative_Arbitrage	Value_Function_Tangential_Field	tanpU_sq	401	68	STAY	Relative_Arbitrage/Value_Function_Tangential_Field	paper statement
Relative_Arbitrage	Value_Function_Tangential_Field	tanpU_sq_sconstraint	469	27	STAY	Relative_Arbitrage/Value_Function_Tangential_Field	paper statement
Relative_Arbitrage	Value_Function_Tangential_Field	tanpU_sym	139	6	STAY	Relative_Arbitrage/Value_Function_Tangential_Field	paper statement
Relative_Arbitrage	Value_Function_Tangential_Field	tanpU_trace	150	5	STAY	Relative_Arbitrage/Value_Function_Tangential_Field	paper statement
Relative_Arbitrage	Value_Function_Tangential_Field	uvecV_cont	368	14	STAY	Relative_Arbitrage/Value_Function_Tangential_Field	paper statement
Relative_Arbitrage	Value_Function_Tangential_Field	uvecV_fix	167	11	STAY	Relative_Arbitrage/Value_Function_Tangential_Field	paper statement
Relative_Arbitrage	Value_Function_Tangential_Field	uvecV_norm_le	155	12	STAY	Relative_Arbitrage/Value_Function_Tangential_Field	paper statement
Relative_Arbitrage	Value_Function_Tangential_Field	uvecV_par	188	13	STAY	Relative_Arbitrage/Value_Function_Tangential_Field	paper statement
Relative_Arbitrage	Value_Function_Tangential_Field	uvecV_unit	178	10	STAY	Relative_Arbitrage/Value_Function_Tangential_Field	paper statement
Relative_Arbitrage	Value_Function_Uniqueness	example_3_1	475	92	STAY	Relative_Arbitrage/Value_Function_Uniqueness	paper statement
Relative_Arbitrage	Value_Function_Uniqueness	example_3_1_from_lower	329	146	STAY	Relative_Arbitrage/Value_Function_Uniqueness	paper statement
Relative_Arbitrage	Value_Function_Uniqueness	example_3_1_uncapped	893	16	STAY	Relative_Arbitrage/Value_Function_Uniqueness	paper statement
Relative_Arbitrage	Value_Function_Uniqueness	exit_val_ball_fin	299	12	STAY	Relative_Arbitrage/Value_Function_Uniqueness	paper statement
Relative_Arbitrage	Value_Function_Uniqueness	exit_val_ball_upper	311	18	STAY	Relative_Arbitrage/Value_Function_Uniqueness	paper statement
Relative_Arbitrage	Value_Function_Uniqueness	exit_val_real_bounded	125	32	STAY	Relative_Arbitrage/Value_Function_Uniqueness	paper statement
Relative_Arbitrage	Value_Function_Uniqueness	exit_val_real_nonneg	122	3	STAY	Relative_Arbitrage/Value_Function_Uniqueness	paper statement
Relative_Arbitrage	Value_Function_Uniqueness	exit_val_real_usc	157	41	STAY	Relative_Arbitrage/Value_Function_Uniqueness	paper statement
Relative_Arbitrage	Value_Function_Uniqueness	exit_val_supersol_bc	198	46	STAY	Relative_Arbitrage/Value_Function_Uniqueness	paper statement
Relative_Arbitrage	Value_Function_Uniqueness	exit_val_supersol_bc_K	744	39	STAY	Relative_Arbitrage/Value_Function_Uniqueness	paper statement
Relative_Arbitrage	Value_Function_Uniqueness	iexit_val_le_ball_bound	611	16	STAY	Relative_Arbitrage/Value_Function_Uniqueness	paper statement
Relative_Arbitrage	Value_Function_Uniqueness	iexit_val_neq_top	627	17	STAY	Relative_Arbitrage/Value_Function_Uniqueness	paper statement
Relative_Arbitrage	Value_Function_Uniqueness	iexit_val_real_bounded	589	22	STAY	Relative_Arbitrage/Value_Function_Uniqueness	paper statement
Relative_Arbitrage	Value_Function_Uniqueness	iexit_val_real_usc	644	20	STAY	Relative_Arbitrage/Value_Function_Uniqueness	paper statement
Relative_Arbitrage	Value_Function_Uniqueness	iexit_val_subsol_bc	688	20	STAY	Relative_Arbitrage/Value_Function_Uniqueness	paper statement
Relative_Arbitrage	Value_Function_Uniqueness	iexit_val_supersol_bc_K	783	26	STAY	Relative_Arbitrage/Value_Function_Uniqueness	paper statement
Relative_Arbitrage	Value_Function_Uniqueness	iexit_val_supersol_lsc_K	809	32	STAY	Relative_Arbitrage/Value_Function_Uniqueness	paper statement
Relative_Arbitrage	Value_Function_Uniqueness	iexit_val_uniqueness	708	36	STAY	Relative_Arbitrage/Value_Function_Uniqueness	paper statement
Relative_Arbitrage	Value_Function_Uniqueness	iexit_val_uniqueness_K	841	52	STAY	Relative_Arbitrage/Value_Function_Uniqueness	paper statement
Relative_Arbitrage	Value_Function_Uniqueness	iexit_val_visc_subsol	664	24	STAY	Relative_Arbitrage/Value_Function_Uniqueness	paper statement
Relative_Arbitrage	Value_Function_Uniqueness	nonbinding_horizon_ex	567	22	STAY-OR-UPSTREAM	Relative_Arbitrage/Value_Function_Uniqueness	no project dependency: pure HOL
Relative_Arbitrage	Value_Function_Uniqueness	theorem_1_1_ball_fragment	21	65	STAY/UNUSED?	Relative_Arbitrage/Value_Function_Uniqueness	paper statement
Relative_Arbitrage	Value_Function_Uniqueness	theorem_1_1_uniqueness_faithful	244	55	STAY	Relative_Arbitrage/Value_Function_Uniqueness	paper statement
Relative_Arbitrage	Value_Function_Uniqueness	theorem_1_1_uniqueness_general	86	36	STAY/UNUSED?	Relative_Arbitrage/Value_Function_Uniqueness	paper statement
Relative_Arbitrage	Viscosity_Ball	ball_v_solves_pde_viscosity	216	15	STAY	Relative_Arbitrage/Viscosity_Ball	paper statement
Relative_Arbitrage	Viscosity_Ball	ball_v_viscosity_subsol	17	96	STAY	Relative_Arbitrage/Viscosity_Ball	paper statement
Relative_Arbitrage	Viscosity_Ball	ball_v_viscosity_supersol	113	103	STAY	Relative_Arbitrage/Viscosity_Ball	paper statement
Relative_Arbitrage	Viscosity_Comparison_Interface	ball_v_unique_solution	181	12	STAY/UNUSED?	Relative_Arbitrage/Viscosity_Comparison_Interface	paper statement
Relative_Arbitrage	Viscosity_Comparison_Interface	ell_op_dilation	85	66	STAY	Relative_Arbitrage/Viscosity_Comparison_Interface	paper statement
Relative_Arbitrage	Viscosity_Comparison_Interface	ell_op_scale_p	66	19	STAY	Relative_Arbitrage/Viscosity_Comparison_Interface	paper statement
Relative_Arbitrage	Viscosity_Comparison_Interface	feasible_scale_p	45	21	STAY	Relative_Arbitrage/Viscosity_Comparison_Interface	paper statement
Relative_Arbitrage	Viscosity_Comparison_Interface	viscosity_solution_unique	158	16	STAY	Relative_Arbitrage/Viscosity_Comparison_Interface	paper statement
Relative_Arbitrage	Viscosity_Solutions	ball_v_le_visc_supersol	234	88	STAY	Relative_Arbitrage/Viscosity_Solutions	paper statement
Relative_Arbitrage	Viscosity_Solutions	ball_v_pos	128	24	STAY	Relative_Arbitrage/Viscosity_Solutions	paper statement
Relative_Arbitrage	Viscosity_Solutions	ball_v_scaled_test_fun	50	47	STAY	Relative_Arbitrage/Viscosity_Solutions	paper statement
Relative_Arbitrage	Viscosity_Solutions	ball_v_unique_solution_smooth	322	48	STAY/UNUSED?	Relative_Arbitrage/Viscosity_Solutions	paper statement
Relative_Arbitrage	Viscosity_Solutions	comparison_ball	370	52	STAY/UNUSED?	Relative_Arbitrage/Viscosity_Solutions	paper statement
Relative_Arbitrage	Viscosity_Solutions	continuous_on_ball_v	31	19	STAY	Relative_Arbitrage/Viscosity_Solutions	paper statement
Relative_Arbitrage	Viscosity_Solutions	ell_op_ball_scaled	97	31	STAY	Relative_Arbitrage/Viscosity_Solutions	paper statement
Relative_Arbitrage	Viscosity_Solutions	feasible_bounded	478	36	STAY/UNUSED?	Relative_Arbitrage/Viscosity_Solutions	paper statement
Relative_Arbitrage	Viscosity_Solutions	feasible_diag_bound	422	27	STAY	Relative_Arbitrage/Viscosity_Solutions	paper statement
Relative_Arbitrage	Viscosity_Solutions	feasible_offdiag_abs_le	449	29	STAY	Relative_Arbitrage/Viscosity_Solutions	paper statement
Relative_Arbitrage	Viscosity_Solutions	visc_subsol_le_ball_v	152	82	STAY	Relative_Arbitrage/Viscosity_Solutions	paper statement
Relative_Arbitrage	Volatile_Market	c_pos	139	6	STAY	Relative_Arbitrage/Volatile_Market	locale-bound: stays with its locale
Relative_Arbitrage	Volatile_Market	compensator_lower	169	51	STAY	Relative_Arbitrage/Volatile_Market	locale-bound: stays with its locale
Relative_Arbitrage	Volatile_Market	expected_exit_time_bound	298	46	STAY	Relative_Arbitrage/Volatile_Market	locale-bound: stays with its locale
Relative_Arbitrage	Volatile_Market	expected_stopped_time_ball_v	269	29	STAY	Relative_Arbitrage/Volatile_Market	locale-bound: stays with its locale
Relative_Arbitrage	Volatile_Market	expected_stopped_time_bound	236	33	STAY	Relative_Arbitrage/Volatile_Market	locale-bound: stays with its locale
Relative_Arbitrage	Volatile_Market	relative_arbitrage_prob_pos	46	35	STAY/UNUSED?	Relative_Arbitrage/Volatile_Market	locale-bound: stays with its locale
Relative_Arbitrage	Volatile_Market	stopped_time_integrable	159	10	STAY	Relative_Arbitrage/Volatile_Market	locale-bound: stays with its locale
Relative_Arbitrage	Volatile_Market	trace_bound_pointwise	145	14	STAY	Relative_Arbitrage/Volatile_Market	locale-bound: stays with its locale
Relative_Arbitrage	Volatile_Market	x0_in_K	220	16	STAY	Relative_Arbitrage/Volatile_Market	locale-bound: stays with its locale
Second_Order_Viscosity_Analysis	Alexandrov	AE_lborel_negligible	1195	28	STAY	Second_Order_Viscosity_Analysis/Alexandrov	
Second_Order_Viscosity_Analysis	Alexandrov	continuous_on_prox	616	7	STAY	Second_Order_Viscosity_Analysis/Alexandrov	
Second_Order_Viscosity_Analysis	Alexandrov	convex_alexandrov	1223	104	STAY	Second_Order_Viscosity_Analysis/Alexandrov	
Second_Order_Viscosity_Analysis	Alexandrov	convex_bdd_above_cball	495	17	STAY	Second_Order_Viscosity_Analysis/Alexandrov	
Second_Order_Viscosity_Analysis	Alexandrov	convex_bdd_below_cball	512	19	STAY	Second_Order_Viscosity_Analysis/Alexandrov	
Second_Order_Viscosity_Analysis	Alexandrov	convex_subdiff	531	24	STAY	Second_Order_Viscosity_Analysis/Alexandrov	
Second_Order_Viscosity_Analysis	Alexandrov	dim_range_lt_of_not_inj	1170	25	STAY	Second_Order_Viscosity_Analysis/Alexandrov	
Second_Order_Viscosity_Analysis	Alexandrov	f_alexandrov_at	1137	33	STAY	Second_Order_Viscosity_Analysis/Alexandrov	
Second_Order_Viscosity_Analysis	Alexandrov	f_increment_exact	743	30	STAY	Second_Order_Viscosity_Analysis/Alexandrov	
Second_Order_Viscosity_Analysis	Alexandrov	f_taylor_limit	883	191	STAY	Second_Order_Viscosity_Analysis/Alexandrov	
Second_Order_Viscosity_Analysis	Alexandrov	gradient_increment_decomp	64	18	STAY	Second_Order_Viscosity_Analysis/Alexandrov	
Second_Order_Viscosity_Analysis	Alexandrov	inj_linear_bounded_below	835	25	STAY	Second_Order_Viscosity_Analysis/Alexandrov	
Second_Order_Viscosity_Analysis	Alexandrov	linear_inj_two_sided_inverse	1074	18	STAY	Second_Order_Viscosity_Analysis/Alexandrov	
Second_Order_Viscosity_Analysis	Alexandrov	linear_parallel_increment	52	12	STAY	Second_Order_Viscosity_Analysis/Alexandrov	
Second_Order_Viscosity_Analysis	Alexandrov	moreau_alexandrov_sym_AE	407	34	STAY/UNUSED?	Second_Order_Viscosity_Analysis/Alexandrov	
Second_Order_Viscosity_Analysis	Alexandrov	moreau_hessian_symmetric	368	39	STAY	Second_Order_Viscosity_Analysis/Alexandrov	
Second_Order_Viscosity_Analysis	Alexandrov	moreau_second_difference_has_integral	187	30	STAY	Second_Order_Viscosity_Analysis/Alexandrov	
Second_Order_Viscosity_Analysis	Alexandrov	moreau_second_difference_integral	24	28	STAY/UNUSED?	Second_Order_Viscosity_Analysis/Alexandrov	
Second_Order_Viscosity_Analysis	Alexandrov	moreau_second_difference_limit	217	151	STAY	Second_Order_Viscosity_Analysis/Alexandrov	
Second_Order_Viscosity_Analysis	Alexandrov	moreau_taylor_bound	805	30	STAY	Second_Order_Viscosity_Analysis/Alexandrov	
Second_Order_Viscosity_Analysis	Alexandrov	prox_deriv_inj_subdiff_singleton	555	55	STAY	Second_Order_Viscosity_Analysis/Alexandrov	
Second_Order_Viscosity_Analysis	Alexandrov	prox_deriv_symmetric	1092	10	STAY	Second_Order_Viscosity_Analysis/Alexandrov	
Second_Order_Viscosity_Analysis	Alexandrov	prox_fibre_bounded	623	28	STAY	Second_Order_Viscosity_Analysis/Alexandrov	
Second_Order_Viscosity_Analysis	Alexandrov	prox_fibre_compact	651	29	STAY	Second_Order_Viscosity_Analysis/Alexandrov	
Second_Order_Viscosity_Analysis	Alexandrov	prox_lipschitz_on	610	6	STAY	Second_Order_Viscosity_Analysis/Alexandrov	
Second_Order_Viscosity_Analysis	Alexandrov	prox_local_inverse_continuous	680	63	STAY	Second_Order_Viscosity_Analysis/Alexandrov	
Second_Order_Viscosity_Analysis	Alexandrov	prox_remainder_small	773	32	STAY	Second_Order_Viscosity_Analysis/Alexandrov	
Second_Order_Viscosity_Analysis	Alexandrov	second_difference_integrand_bound	82	84	STAY	Second_Order_Viscosity_Analysis/Alexandrov	
Second_Order_Viscosity_Analysis	Alexandrov	second_difference_integrand_bound_left	166	21	STAY	Second_Order_Viscosity_Analysis/Alexandrov	
Second_Order_Viscosity_Analysis	Alexandrov	second_difference_symmetric	18	6	STAY/UNUSED?	Second_Order_Viscosity_Analysis/Alexandrov	
Second_Order_Viscosity_Analysis	Alexandrov	semiconvex_alexandrov	1327	71	STAY	Second_Order_Viscosity_Analysis/Alexandrov	
Second_Order_Viscosity_Analysis	Alexandrov	semiconvex_alexandrov_bounded	1398	78	STAY	Second_Order_Viscosity_Analysis/Alexandrov	
Second_Order_Viscosity_Analysis	Alexandrov	subdiff_norm_le	468	27	STAY	Second_Order_Viscosity_Analysis/Alexandrov	
Second_Order_Viscosity_Analysis	Alexandrov	subdiff_prox	441	27	STAY	Second_Order_Viscosity_Analysis/Alexandrov	
Second_Order_Viscosity_Analysis	Alexandrov	taylor_remainder_identity	860	23	STAY	Second_Order_Viscosity_Analysis/Alexandrov	
Second_Order_Viscosity_Analysis	Alexandrov	transported_form_psd	1117	20	STAY	Second_Order_Viscosity_Analysis/Alexandrov	
Second_Order_Viscosity_Analysis	Alexandrov	transported_form_symmetric	1102	15	STAY	Second_Order_Viscosity_Analysis/Alexandrov	
Second_Order_Viscosity_Analysis	Convex_Subgradients	closed_epigraph_UNIV	43	13	STAY	Second_Order_Viscosity_Analysis/Convex_Subgradients	
Second_Order_Viscosity_Analysis	Convex_Subgradients	epigraph_frontier_point	56	22	STAY	Second_Order_Viscosity_Analysis/Convex_Subgradients	
Second_Order_Viscosity_Analysis	Convex_Subgradients	midpoint_dist_identity	238	8	STAY	Second_Order_Viscosity_Analysis/Convex_Subgradients	
Second_Order_Viscosity_Analysis	Convex_Subgradients	minimizer_subdiff	306	50	STAY	Second_Order_Viscosity_Analysis/Convex_Subgradients	
Second_Order_Viscosity_Analysis	Convex_Subgradients	minty_surjective	366	6	STAY/UNUSED?	Second_Order_Viscosity_Analysis/Convex_Subgradients	
Second_Order_Viscosity_Analysis	Convex_Subgradients	prox_attained	158	80	STAY	Second_Order_Viscosity_Analysis/Convex_Subgradients	
Second_Order_Viscosity_Analysis	Convex_Subgradients	prox_min	273	26	STAY	Second_Order_Viscosity_Analysis/Convex_Subgradients	
Second_Order_Viscosity_Analysis	Convex_Subgradients	prox_nonexpansive	372	30	STAY	Second_Order_Viscosity_Analysis/Convex_Subgradients	
Second_Order_Viscosity_Analysis	Convex_Subgradients	prox_step_expand	299	7	STAY	Second_Order_Viscosity_Analysis/Convex_Subgradients	
Second_Order_Viscosity_Analysis	Convex_Subgradients	prox_subdiff	356	10	STAY	Second_Order_Viscosity_Analysis/Convex_Subgradients	
Second_Order_Viscosity_Analysis	Convex_Subgradients	prox_unique	246	24	STAY	Second_Order_Viscosity_Analysis/Convex_Subgradients	
Second_Order_Viscosity_Analysis	Convex_Subgradients	subdiffD	23	6	STAY	Second_Order_Viscosity_Analysis/Convex_Subgradients	
Second_Order_Viscosity_Analysis	Convex_Subgradients	subdiffI	20	3	STAY	Second_Order_Viscosity_Analysis/Convex_Subgradients	
Second_Order_Viscosity_Analysis	Convex_Subgradients	subdiff_monotone	29	14	STAY	Second_Order_Viscosity_Analysis/Convex_Subgradients	
Second_Order_Viscosity_Analysis	Convex_Subgradients	subdiff_nonempty	78	80	STAY	Second_Order_Viscosity_Analysis/Convex_Subgradients	
Second_Order_Viscosity_Analysis	Doubling_Of_Variables	block_form_bound_fst	3037	24	STAY	Second_Order_Viscosity_Analysis/Doubling_Of_Variables	
Second_Order_Viscosity_Analysis	Doubling_Of_Variables	block_form_bound_fst_gen	3117	22	STAY	Second_Order_Viscosity_Analysis/Doubling_Of_Variables	
Second_Order_Viscosity_Analysis	Doubling_Of_Variables	block_form_bound_snd	3061	25	STAY	Second_Order_Viscosity_Analysis/Doubling_Of_Variables	
Second_Order_Viscosity_Analysis	Doubling_Of_Variables	block_form_bound_snd_gen	3139	25	STAY	Second_Order_Viscosity_Analysis/Doubling_Of_Variables	
Second_Order_Viscosity_Analysis	Doubling_Of_Variables	block_fst_matrix_apply	2027	7	STAY	Second_Order_Viscosity_Analysis/Doubling_Of_Variables	
Second_Order_Viscosity_Analysis	Doubling_Of_Variables	block_fst_matrix_apply_gen	3586	8	STAY	Second_Order_Viscosity_Analysis/Doubling_Of_Variables	
Second_Order_Viscosity_Analysis	Doubling_Of_Variables	block_snd_matrix_apply	2034	21	STAY	Second_Order_Viscosity_Analysis/Doubling_Of_Variables	
Second_Order_Viscosity_Analysis	Doubling_Of_Variables	block_snd_matrix_apply_gen	3594	17	STAY	Second_Order_Viscosity_Analysis/Doubling_Of_Variables	
Second_Order_Viscosity_Analysis	Doubling_Of_Variables	bounded_on_compact	3729	24	STAY	Second_Order_Viscosity_Analysis/Doubling_Of_Variables	
Second_Order_Viscosity_Analysis	Doubling_Of_Variables	bounded_seq_limit_point	2183	24	STAY	Second_Order_Viscosity_Analysis/Doubling_Of_Variables	
Second_Order_Viscosity_Analysis	Doubling_Of_Variables	bounded_seq_limit_point_triple	3499	45	STAY	Second_Order_Viscosity_Analysis/Doubling_Of_Variables	
Second_Order_Viscosity_Analysis	Doubling_Of_Variables	cball_prod_subset_of_far_from_boundary	3790	32	STAY	Second_Order_Viscosity_Analysis/Doubling_Of_Variables	
Second_Order_Viscosity_Analysis	Doubling_Of_Variables	cball_subset_interior_of_far_from_boundary	3753	37	STAY	Second_Order_Viscosity_Analysis/Doubling_Of_Variables	
Second_Order_Viscosity_Analysis	Doubling_Of_Variables	choice4	2995	5	STAY	Second_Order_Viscosity_Analysis/Doubling_Of_Variables	
Second_Order_Viscosity_Analysis	Doubling_Of_Variables	compact_frontier_nonempty	3822	30	STAY	Second_Order_Viscosity_Analysis/Doubling_Of_Variables	
Second_Order_Viscosity_Analysis	Doubling_Of_Variables	cont_pos_near	2803	20	STAY	Second_Order_Viscosity_Analysis/Doubling_Of_Variables	
Second_Order_Viscosity_Analysis	Doubling_Of_Variables	continuous_extension_bounded	3703	26	STAY	Second_Order_Viscosity_Analysis/Doubling_Of_Variables	
Second_Order_Viscosity_Analysis	Doubling_Of_Variables	convex_on_norm_lift	852	45	STAY	Second_Order_Viscosity_Analysis/Doubling_Of_Variables	
Second_Order_Viscosity_Analysis	Doubling_Of_Variables	convex_on_prod_add	795	16	STAY	Second_Order_Viscosity_Analysis/Doubling_Of_Variables	
Second_Order_Viscosity_Analysis	Doubling_Of_Variables	convex_on_prod_diff	779	16	STAY	Second_Order_Viscosity_Analysis/Doubling_Of_Variables	
Second_Order_Viscosity_Analysis	Doubling_Of_Variables	diagonal_max_increments	2947	24	STAY	Second_Order_Viscosity_Analysis/Doubling_Of_Variables	
Second_Order_Viscosity_Analysis	Doubling_Of_Variables	diff_displacement_bound	3639	17	STAY	Second_Order_Viscosity_Analysis/Doubling_Of_Variables	
Second_Order_Viscosity_Analysis	Doubling_Of_Variables	dist_pair_le	3888	25	STAY	Second_Order_Viscosity_Analysis/Doubling_Of_Variables	
Second_Order_Viscosity_Analysis	Doubling_Of_Variables	doubled_jet_slice_fst	1714	38	STAY	Second_Order_Viscosity_Analysis/Doubling_Of_Variables	
Second_Order_Viscosity_Analysis	Doubling_Of_Variables	doubled_jet_slice_fst_gen	1752	66	STAY	Second_Order_Viscosity_Analysis/Doubling_Of_Variables	
Second_Order_Viscosity_Analysis	Doubling_Of_Variables	doubled_jet_slice_snd	1860	38	STAY	Second_Order_Viscosity_Analysis/Doubling_Of_Variables	
Second_Order_Viscosity_Analysis	Doubling_Of_Variables	doubled_jet_slice_snd_gen	1898	87	STAY	Second_Order_Viscosity_Analysis/Doubling_Of_Variables	
Second_Order_Viscosity_Analysis	Doubling_Of_Variables	doubled_jet_slices_at_max	1985	42	STAY/UNUSED?	Second_Order_Viscosity_Analysis/Doubling_Of_Variables	
Second_Order_Viscosity_Analysis	Doubling_Of_Variables	doubled_maximiser_over_UNIV_snd	2724	54	STAY	Second_Order_Viscosity_Analysis/Doubling_Of_Variables	
Second_Order_Viscosity_Analysis	Doubling_Of_Variables	doubled_penalty_jet	660	119	STAY	Second_Order_Viscosity_Analysis/Doubling_Of_Variables	
Second_Order_Viscosity_Analysis	Doubling_Of_Variables	doubled_semiconvexity_constant_pos	1315	19	STAY	Second_Order_Viscosity_Analysis/Doubling_Of_Variables	
Second_Order_Viscosity_Analysis	Doubling_Of_Variables	doubled_slice_numerator_fst	1694	20	STAY	Second_Order_Viscosity_Analysis/Doubling_Of_Variables	
Second_Order_Viscosity_Analysis	Doubling_Of_Variables	doubled_slice_numerator_snd	1840	20	STAY	Second_Order_Viscosity_Analysis/Doubling_Of_Variables	
Second_Order_Viscosity_Analysis	Doubling_Of_Variables	doubled_tilted_interior_max	1502	31	STAY	Second_Order_Viscosity_Analysis/Doubling_Of_Variables	
Second_Order_Viscosity_Analysis	Doubling_Of_Variables	doubling_diagonal_max	182	20	STAY	Second_Order_Viscosity_Analysis/Doubling_Of_Variables	
Second_Order_Viscosity_Analysis	Doubling_Of_Variables	doubling_diagonal_max_gen	288	19	STAY	Second_Order_Viscosity_Analysis/Doubling_Of_Variables	
Second_Order_Viscosity_Analysis	Doubling_Of_Variables	doubling_dist_bound	256	32	STAY/UNUSED?	Second_Order_Viscosity_Analysis/Doubling_Of_Variables	
Second_Order_Viscosity_Analysis	Doubling_Of_Variables	doubling_grad_lower_bound	2229	31	STAY	Second_Order_Viscosity_Analysis/Doubling_Of_Variables	
Second_Order_Viscosity_Analysis	Doubling_Of_Variables	doubling_grad_nonzero	216	19	STAY/UNUSED?	Second_Order_Viscosity_Analysis/Doubling_Of_Variables	
Second_Order_Viscosity_Analysis	Doubling_Of_Variables	doubling_grad_norm_lower_bound	2260	34	STAY	Second_Order_Viscosity_Analysis/Doubling_Of_Variables	
Second_Order_Viscosity_Analysis	Doubling_Of_Variables	doubling_maximiser_exists	345	50	STAY	Second_Order_Viscosity_Analysis/Doubling_Of_Variables	
Second_Order_Viscosity_Analysis	Doubling_Of_Variables	doubling_maximiser_exists_gen	395	50	STAY	Second_Order_Viscosity_Analysis/Doubling_Of_Variables	
Second_Order_Viscosity_Analysis	Doubling_Of_Variables	doubling_maximiser_far_from_boundary	2880	33	STAY	Second_Order_Viscosity_Analysis/Doubling_Of_Variables	
Second_Order_Viscosity_Analysis	Doubling_Of_Variables	doubling_maximiser_value_transfer_gen	2913	18	STAY	Second_Order_Viscosity_Analysis/Doubling_Of_Variables	
Second_Order_Viscosity_Analysis	Doubling_Of_Variables	doubling_off_diagonal	202	14	STAY	Second_Order_Viscosity_Analysis/Doubling_Of_Variables	
Second_Order_Viscosity_Analysis	Doubling_Of_Variables	doubling_off_diagonal_gen	307	15	STAY/UNUSED?	Second_Order_Viscosity_Analysis/Doubling_Of_Variables	
Second_Order_Viscosity_Analysis	Doubling_Of_Variables	doubling_partial_max_fst	155	10	STAY/UNUSED?	Second_Order_Viscosity_Analysis/Doubling_Of_Variables	
Second_Order_Viscosity_Analysis	Doubling_Of_Variables	doubling_partial_min_snd	165	17	STAY/UNUSED?	Second_Order_Viscosity_Analysis/Doubling_Of_Variables	
Second_Order_Viscosity_Analysis	Doubling_Of_Variables	doubling_penalty_bound	235	21	STAY	Second_Order_Viscosity_Analysis/Doubling_Of_Variables	
Second_Order_Viscosity_Analysis	Doubling_Of_Variables	doubling_penalty_bound_gen	322	23	STAY	Second_Order_Viscosity_Analysis/Doubling_Of_Variables	
Second_Order_Viscosity_Analysis	Doubling_Of_Variables	doubling_upper_bound_exists	445	36	STAY	Second_Order_Viscosity_Analysis/Doubling_Of_Variables	
Second_Order_Viscosity_Analysis	Doubling_Of_Variables	eps_mono_aux	4022	23	STAY	Second_Order_Viscosity_Analysis/Doubling_Of_Variables	
Second_Order_Viscosity_Analysis	Doubling_Of_Variables	exists_eps_aux	4001	21	STAY	Second_Order_Viscosity_Analysis/Doubling_Of_Variables	
Second_Order_Viscosity_Analysis	Doubling_Of_Variables	fary_of_pin	2971	24	STAY	Second_Order_Viscosity_Analysis/Doubling_Of_Variables	
Second_Order_Viscosity_Analysis	Doubling_Of_Variables	filterlim_slice_fst	1668	10	STAY	Second_Order_Viscosity_Analysis/Doubling_Of_Variables	
Second_Order_Viscosity_Analysis	Doubling_Of_Variables	filterlim_slice_snd	1678	16	STAY	Second_Order_Viscosity_Analysis/Doubling_Of_Variables	
Second_Order_Viscosity_Analysis	Doubling_Of_Variables	gap_split_aux	3983	18	STAY	Second_Order_Viscosity_Analysis/Doubling_Of_Variables	
Second_Order_Viscosity_Analysis	Doubling_Of_Variables	global_max_imp_interior_max	1472	20	STAY	Second_Order_Viscosity_Analysis/Doubling_Of_Variables	
Second_Order_Viscosity_Analysis	Doubling_Of_Variables	gradient_is_minus_tilt	2055	35	STAY	Second_Order_Viscosity_Analysis/Doubling_Of_Variables	
Second_Order_Viscosity_Analysis	Doubling_Of_Variables	gradient_sequences_align	2303	19	STAY	Second_Order_Viscosity_Analysis/Doubling_Of_Variables	
Second_Order_Viscosity_Analysis	Doubling_Of_Variables	gradient_sequences_align_of_bound	2322	22	STAY/UNUSED?	Second_Order_Viscosity_Analysis/Doubling_Of_Variables	
Second_Order_Viscosity_Analysis	Doubling_Of_Variables	gradient_vanishes_at_interior_max	1627	22	STAY	Second_Order_Viscosity_Analysis/Doubling_Of_Variables	
Second_Order_Viscosity_Analysis	Doubling_Of_Variables	hessian_abs_bound_of_two_sided	3025	12	STAY	Second_Order_Viscosity_Analysis/Doubling_Of_Variables	
Second_Order_Viscosity_Analysis	Doubling_Of_Variables	interior_radius_pos	1492	10	STAY	Second_Order_Viscosity_Analysis/Doubling_Of_Variables	
Second_Order_Viscosity_Analysis	Doubling_Of_Variables	jensen_tilt_small_enough	2496	19	STAY	Second_Order_Viscosity_Analysis/Doubling_Of_Variables	
Second_Order_Viscosity_Analysis	Doubling_Of_Variables	jensen_tilt_threshold_pos	2490	6	STAY	Second_Order_Viscosity_Analysis/Doubling_Of_Variables	
Second_Order_Viscosity_Analysis	Doubling_Of_Variables	jet_imp_local_max_test	481	53	STAY	Second_Order_Viscosity_Analysis/Doubling_Of_Variables	
Second_Order_Viscosity_Analysis	Doubling_Of_Variables	jet_imp_local_min_test	613	47	STAY	Second_Order_Viscosity_Analysis/Doubling_Of_Variables	
Second_Order_Viscosity_Analysis	Doubling_Of_Variables	jet_imp_local_min_test_onesided	565	48	STAY	Second_Order_Viscosity_Analysis/Doubling_Of_Variables	
Second_Order_Viscosity_Analysis	Doubling_Of_Variables	jet_transfer_quadratic	1424	41	STAY	Second_Order_Viscosity_Analysis/Doubling_Of_Variables	
Second_Order_Viscosity_Analysis	Doubling_Of_Variables	linear_block_fst	1545	12	STAY	Second_Order_Viscosity_Analysis/Doubling_Of_Variables	
Second_Order_Viscosity_Analysis	Doubling_Of_Variables	linear_block_fst_gen	1122	29	STAY	Second_Order_Viscosity_Analysis/Doubling_Of_Variables	
Second_Order_Viscosity_Analysis	Doubling_Of_Variables	linear_block_snd	1557	12	STAY	Second_Order_Viscosity_Analysis/Doubling_Of_Variables	
Second_Order_Viscosity_Analysis	Doubling_Of_Variables	linear_block_snd_gen	1151	31	STAY	Second_Order_Viscosity_Analysis/Doubling_Of_Variables	
Second_Order_Viscosity_Analysis	Doubling_Of_Variables	linear_of_bounded_linear_prod	1533	12	STAY	Second_Order_Viscosity_Analysis/Doubling_Of_Variables	
Second_Order_Viscosity_Analysis	Doubling_Of_Variables	mxK_of_UNIV_snd	2778	25	STAY	Second_Order_Viscosity_Analysis/Doubling_Of_Variables	
Second_Order_Viscosity_Analysis	Doubling_Of_Variables	nearby_of_convergent	2207	22	STAY	Second_Order_Viscosity_Analysis/Doubling_Of_Variables	
Second_Order_Viscosity_Analysis	Doubling_Of_Variables	nearby_of_convergent_shifted	2344	72	STAY	Second_Order_Viscosity_Analysis/Doubling_Of_Variables	
Second_Order_Viscosity_Analysis	Doubling_Of_Variables	nearby_of_convergent_shifted_neg	2416	74	STAY	Second_Order_Viscosity_Analysis/Doubling_Of_Variables	
Second_Order_Viscosity_Analysis	Doubling_Of_Variables	norm_Pair_le	3488	11	STAY	Second_Order_Viscosity_Analysis/Doubling_Of_Variables	
Second_Order_Viscosity_Analysis	Doubling_Of_Variables	norm_block_matrices_bounded	3086	31	STAY	Second_Order_Viscosity_Analysis/Doubling_Of_Variables	
Second_Order_Viscosity_Analysis	Doubling_Of_Variables	norm_block_matrices_bounded_gen	3164	34	STAY	Second_Order_Viscosity_Analysis/Doubling_Of_Variables	
Second_Order_Viscosity_Analysis	Doubling_Of_Variables	norm_lt_of_penalty_bound_gen	2931	16	STAY	Second_Order_Viscosity_Analysis/Doubling_Of_Variables	
Second_Order_Viscosity_Analysis	Doubling_Of_Variables	norm_matrix_le_of_form_bound	3000	25	STAY	Second_Order_Viscosity_Analysis/Doubling_Of_Variables	
Second_Order_Viscosity_Analysis	Doubling_Of_Variables	norm_sq_prod_split	1334	11	STAY	Second_Order_Viscosity_Analysis/Doubling_Of_Variables	
Second_Order_Viscosity_Analysis	Doubling_Of_Variables	onesided_of_dominated	3963	20	STAY	Second_Order_Viscosity_Analysis/Doubling_Of_Variables	
Second_Order_Viscosity_Analysis	Doubling_Of_Variables	onesided_of_tendsto_gen	3950	13	STAY	Second_Order_Viscosity_Analysis/Doubling_Of_Variables	
Second_Order_Viscosity_Analysis	Doubling_Of_Variables	parallelogram_norm	2109	7	STAY	Second_Order_Viscosity_Analysis/Doubling_Of_Variables	
Second_Order_Viscosity_Analysis	Doubling_Of_Variables	penalty_difference_identity	1649	19	STAY	Second_Order_Viscosity_Analysis/Doubling_Of_Variables	
Second_Order_Viscosity_Analysis	Doubling_Of_Variables	penalty_difference_identity_snd	1818	22	STAY	Second_Order_Viscosity_Analysis/Doubling_Of_Variables	
Second_Order_Viscosity_Analysis	Doubling_Of_Variables	penalty_gradient_nearby_bound	3198	48	STAY	Second_Order_Viscosity_Analysis/Doubling_Of_Variables	
Second_Order_Viscosity_Analysis	Doubling_Of_Variables	penalty_gradient_nearby_bound_gen	3673	30	STAY	Second_Order_Viscosity_Analysis/Doubling_Of_Variables	
Second_Order_Viscosity_Analysis	Doubling_Of_Variables	penalty_gradient_nearby_upper	3544	42	STAY	Second_Order_Viscosity_Analysis/Doubling_Of_Variables	
Second_Order_Viscosity_Analysis	Doubling_Of_Variables	penalty_gradient_nearby_upper_gen	3656	17	STAY	Second_Order_Viscosity_Analysis/Doubling_Of_Variables	
Second_Order_Viscosity_Analysis	Doubling_Of_Variables	polarization_symmetric	2090	19	STAY	Second_Order_Viscosity_Analysis/Doubling_Of_Variables	
Second_Order_Viscosity_Analysis	Doubling_Of_Variables	positive_separation_of_value_gap	2567	80	STAY/UNUSED?	Second_Order_Viscosity_Analysis/Doubling_Of_Variables	
Second_Order_Viscosity_Analysis	Doubling_Of_Variables	quad_bdd_above_on_bounded	43	58	STAY	Second_Order_Viscosity_Analysis/Doubling_Of_Variables	
Second_Order_Viscosity_Analysis	Doubling_Of_Variables	quad_bdd_below_on_bounded	113	42	STAY	Second_Order_Viscosity_Analysis/Doubling_Of_Variables	
Second_Order_Viscosity_Analysis	Doubling_Of_Variables	quadratic_grad_derivative_at	101	12	STAY	Second_Order_Viscosity_Analysis/Doubling_Of_Variables	
Second_Order_Viscosity_Analysis	Doubling_Of_Variables	quartic_coeff_assoc	3877	11	STAY	Second_Order_Viscosity_Analysis/Doubling_Of_Variables	
Second_Order_Viscosity_Analysis	Doubling_Of_Variables	semiconvex_penalty_gen	811	41	STAY	Second_Order_Viscosity_Analysis/Doubling_Of_Variables	
Second_Order_Viscosity_Analysis	Doubling_Of_Variables	semiconvex_shift_perturb	897	38	STAY	Second_Order_Viscosity_Analysis/Doubling_Of_Variables	
Second_Order_Viscosity_Analysis	Doubling_Of_Variables	shift_limit_absurd	3931	7	STAY	Second_Order_Viscosity_Analysis/Doubling_Of_Variables	
Second_Order_Viscosity_Analysis	Doubling_Of_Variables	shift_limit_absurd2	3938	12	STAY	Second_Order_Viscosity_Analysis/Doubling_Of_Variables	
Second_Order_Viscosity_Analysis	Doubling_Of_Variables	shifted_annulus_bound	1345	22	STAY	Second_Order_Viscosity_Analysis/Doubling_Of_Variables	
Second_Order_Viscosity_Analysis	Doubling_Of_Variables	shifted_annulus_bound_split	1392	32	STAY	Second_Order_Viscosity_Analysis/Doubling_Of_Variables	
Second_Order_Viscosity_Analysis	Doubling_Of_Variables	shifted_annulus_bound_split_gen	935	37	STAY	Second_Order_Viscosity_Analysis/Doubling_Of_Variables	
Second_Order_Viscosity_Analysis	Doubling_Of_Variables	shifted_family_parameters	2647	34	STAY	Second_Order_Viscosity_Analysis/Doubling_Of_Variables	
Second_Order_Viscosity_Analysis	Doubling_Of_Variables	shifted_jensen_smallness	1367	25	STAY/UNUSED?	Second_Order_Viscosity_Analysis/Doubling_Of_Variables	
Second_Order_Viscosity_Analysis	Doubling_Of_Variables	small_multiple_exists	3913	18	STAY	Second_Order_Viscosity_Analysis/Doubling_Of_Variables	
Second_Order_Viscosity_Analysis	Doubling_Of_Variables	sums_gives_ordering	1237	40	STAY	Second_Order_Viscosity_Analysis/Doubling_Of_Variables	
Second_Order_Viscosity_Analysis	Doubling_Of_Variables	sums_gives_ordering_gen	1059	29	STAY	Second_Order_Viscosity_Analysis/Doubling_Of_Variables	
Second_Order_Viscosity_Analysis	Doubling_Of_Variables	sums_matrix_inequality_gen	972	87	STAY	Second_Order_Viscosity_Analysis/Doubling_Of_Variables	
Second_Order_Viscosity_Analysis	Doubling_Of_Variables	sums_ordering_at_interior_max	1277	38	STAY	Second_Order_Viscosity_Analysis/Doubling_Of_Variables	
Second_Order_Viscosity_Analysis	Doubling_Of_Variables	sums_ordering_at_interior_max_gen	1088	34	STAY	Second_Order_Viscosity_Analysis/Doubling_Of_Variables	
Second_Order_Viscosity_Analysis	Doubling_Of_Variables	supconv_radius_uniform	2823	36	STAY	Second_Order_Viscosity_Analysis/Doubling_Of_Variables	
Second_Order_Viscosity_Analysis	Doubling_Of_Variables	superjet_local_max_onesided	534	31	STAY	Second_Order_Viscosity_Analysis/Doubling_Of_Variables	
Second_Order_Viscosity_Analysis	Doubling_Of_Variables	sym_block_fst	1569	12	STAY	Second_Order_Viscosity_Analysis/Doubling_Of_Variables	
Second_Order_Viscosity_Analysis	Doubling_Of_Variables	sym_block_fst_gen	1182	20	STAY	Second_Order_Viscosity_Analysis/Doubling_Of_Variables	
Second_Order_Viscosity_Analysis	Doubling_Of_Variables	sym_block_snd	1581	19	STAY	Second_Order_Viscosity_Analysis/Doubling_Of_Variables	
Second_Order_Viscosity_Analysis	Doubling_Of_Variables	sym_block_snd_gen	1202	35	STAY	Second_Order_Viscosity_Analysis/Doubling_Of_Variables	
Second_Order_Viscosity_Analysis	Doubling_Of_Variables	symmetric_form_bound	2116	48	STAY	Second_Order_Viscosity_Analysis/Doubling_Of_Variables	
Second_Order_Viscosity_Analysis	Doubling_Of_Variables	symmetric_form_bound_unit	2164	19	STAY	Second_Order_Viscosity_Analysis/Doubling_Of_Variables	
Second_Order_Viscosity_Analysis	Doubling_Of_Variables	tendsto_of_norm_bound	2294	9	STAY	Second_Order_Viscosity_Analysis/Doubling_Of_Variables	
Second_Order_Viscosity_Analysis	Doubling_Of_Variables	theta_exists_aux	4045	22	STAY	Second_Order_Viscosity_Analysis/Doubling_Of_Variables	
Second_Order_Viscosity_Analysis	Doubling_Of_Variables	tilt_absorb	1465	7	STAY	Second_Order_Viscosity_Analysis/Doubling_Of_Variables	
Second_Order_Viscosity_Analysis	Doubling_Of_Variables	tilt_sequence_admissible	2544	23	STAY/UNUSED?	Second_Order_Viscosity_Analysis/Doubling_Of_Variables	
Second_Order_Viscosity_Analysis	Doubling_Of_Variables	tilt_sequence_lt	2521	11	STAY	Second_Order_Viscosity_Analysis/Doubling_Of_Variables	
Second_Order_Viscosity_Analysis	Doubling_Of_Variables	tilt_sequence_pos	2515	6	STAY	Second_Order_Viscosity_Analysis/Doubling_Of_Variables	
Second_Order_Viscosity_Analysis	Doubling_Of_Variables	tilt_sequence_tendsto	2532	12	STAY	Second_Order_Viscosity_Analysis/Doubling_Of_Variables	
Second_Order_Viscosity_Analysis	Doubling_Of_Variables	tilted_doubled_hessian_nonpositive	3436	52	STAY	Second_Order_Viscosity_Analysis/Doubling_Of_Variables	
Second_Order_Viscosity_Analysis	Doubling_Of_Variables	tilted_doubled_hessian_nonpositive_gen	3390	46	STAY	Second_Order_Viscosity_Analysis/Doubling_Of_Variables	
Second_Order_Viscosity_Analysis	Doubling_Of_Variables	tilted_doubled_jet_slices	3246	74	STAY	Second_Order_Viscosity_Analysis/Doubling_Of_Variables	
Second_Order_Viscosity_Analysis	Doubling_Of_Variables	tilted_doubled_jet_slices_gen	3320	70	STAY	Second_Order_Viscosity_Analysis/Doubling_Of_Variables	
Second_Order_Viscosity_Analysis	Doubling_Of_Variables	transpose_matrix_block_fst	1600	9	STAY	Second_Order_Viscosity_Analysis/Doubling_Of_Variables	
Second_Order_Viscosity_Analysis	Doubling_Of_Variables	transpose_matrix_block_fst_gen	3611	11	STAY	Second_Order_Viscosity_Analysis/Doubling_Of_Variables	
Second_Order_Viscosity_Analysis	Doubling_Of_Variables	transpose_matrix_block_snd	1609	18	STAY	Second_Order_Viscosity_Analysis/Doubling_Of_Variables	
Second_Order_Viscosity_Analysis	Doubling_Of_Variables	transpose_matrix_block_snd_gen	3622	17	STAY	Second_Order_Viscosity_Analysis/Doubling_Of_Variables	
Second_Order_Viscosity_Analysis	Doubling_Of_Variables	two_domain_gap	3852	25	STAY	Second_Order_Viscosity_Analysis/Doubling_Of_Variables	
Second_Order_Viscosity_Analysis	Doubling_Of_Variables	uniform_modulus_on_compact	2859	21	STAY	Second_Order_Viscosity_Analysis/Doubling_Of_Variables	
Second_Order_Viscosity_Analysis	Doubling_Of_Variables	usc_extend_const_below	2681	43	STAY	Second_Order_Viscosity_Analysis/Doubling_Of_Variables	
Second_Order_Viscosity_Analysis	Jensen_Lemma	bregman_cocoercive_step	248	49	STAY	Second_Order_Viscosity_Analysis/Jensen_Lemma	
Second_Order_Viscosity_Analysis	Jensen_Lemma	interior_max_subdiff	152	19	STAY/UNUSED?	Second_Order_Viscosity_Analysis/Jensen_Lemma	
Second_Order_Viscosity_Analysis	Jensen_Lemma	interior_max_subdiff_unique	74	78	STAY	Second_Order_Viscosity_Analysis/Jensen_Lemma	
Second_Order_Viscosity_Analysis	Jensen_Lemma	jensen_lemma	396	183	STAY	Second_Order_Viscosity_Analysis/Jensen_Lemma	
Second_Order_Viscosity_Analysis	Jensen_Lemma	le_of_le_plus_small	51	23	STAY	Second_Order_Viscosity_Analysis/Jensen_Lemma	
Second_Order_Viscosity_Analysis	Jensen_Lemma	max_semiconcave_bound	171	41	STAY	Second_Order_Viscosity_Analysis/Jensen_Lemma	
Second_Order_Viscosity_Analysis	Jensen_Lemma	not_negligible_cball	369	27	STAY	Second_Order_Viscosity_Analysis/Jensen_Lemma	
Second_Order_Viscosity_Analysis	Jensen_Lemma	perturbed_maximiser_deep_interior	212	36	STAY	Second_Order_Viscosity_Analysis/Jensen_Lemma	
Second_Order_Viscosity_Analysis	Jensen_Lemma	perturbed_maximiser_interior	19	32	STAY/UNUSED?	Second_Order_Viscosity_Analysis/Jensen_Lemma	
Second_Order_Viscosity_Analysis	Jensen_Lemma	semiconvex_continuous	342	15	STAY	Second_Order_Viscosity_Analysis/Jensen_Lemma	
Second_Order_Viscosity_Analysis	Jensen_Lemma	semiconvex_max_exists	357	12	STAY	Second_Order_Viscosity_Analysis/Jensen_Lemma	
Second_Order_Viscosity_Analysis	Jensen_Lemma	subdiff_lipschitz_of_semiconcave	297	45	STAY	Second_Order_Viscosity_Analysis/Jensen_Lemma	
Second_Order_Viscosity_Analysis	Moreau_Envelope	has_derivative_dir_limit	56	72	STAY	Second_Order_Viscosity_Analysis/Moreau_Envelope	
Second_Order_Viscosity_Analysis	Moreau_Envelope	has_integral_affine_unit	416	17	STAY	Second_Order_Viscosity_Analysis/Moreau_Envelope	
Second_Order_Viscosity_Analysis	Moreau_Envelope	has_integral_gradient_model	433	25	STAY	Second_Order_Viscosity_Analysis/Moreau_Envelope	
Second_Order_Viscosity_Analysis	Moreau_Envelope	moreau_alexandrov_AE	577	26	STAY/UNUSED?	Second_Order_Viscosity_Analysis/Moreau_Envelope	
Second_Order_Viscosity_Analysis	Moreau_Envelope	moreau_ftc	399	17	STAY	Second_Order_Viscosity_Analysis/Moreau_Envelope	
Second_Order_Viscosity_Analysis	Moreau_Envelope	moreau_grad_has_derivative	333	6	STAY	Second_Order_Viscosity_Analysis/Moreau_Envelope	
Second_Order_Viscosity_Analysis	Moreau_Envelope	moreau_has_derivative	220	84	STAY	Second_Order_Viscosity_Analysis/Moreau_Envelope	
Second_Order_Viscosity_Analysis	Moreau_Envelope	moreau_hessian_psd	318	15	STAY	Second_Order_Viscosity_Analysis/Moreau_Envelope	
Second_Order_Viscosity_Analysis	Moreau_Envelope	moreau_le	184	6	STAY	Second_Order_Viscosity_Analysis/Moreau_Envelope	
Second_Order_Viscosity_Analysis	Moreau_Envelope	moreau_line_vector_derivative	377	22	STAY	Second_Order_Viscosity_Analysis/Moreau_Envelope	
Second_Order_Viscosity_Analysis	Moreau_Envelope	moreau_lower	204	16	STAY	Second_Order_Viscosity_Analysis/Moreau_Envelope	
Second_Order_Viscosity_Analysis	Moreau_Envelope	moreau_second_order_taylor	458	119	STAY	Second_Order_Viscosity_Analysis/Moreau_Envelope	
Second_Order_Viscosity_Analysis	Moreau_Envelope	moreau_twice_differentiable_AE	339	38	STAY/UNUSED?	Second_Order_Viscosity_Analysis/Moreau_Envelope	
Second_Order_Viscosity_Analysis	Moreau_Envelope	moreau_upper	190	14	STAY	Second_Order_Viscosity_Analysis/Moreau_Envelope	
Second_Order_Viscosity_Analysis	Moreau_Envelope	prox_deriv_norm_le	304	14	STAY	Second_Order_Viscosity_Analysis/Moreau_Envelope	
Second_Order_Viscosity_Analysis	Moreau_Envelope	prox_deriv_psd	128	53	STAY	Second_Order_Viscosity_Analysis/Moreau_Envelope	
Second_Order_Viscosity_Analysis	Moreau_Envelope	prox_differentiable_AE	27	16	STAY	Second_Order_Viscosity_Analysis/Moreau_Envelope	
Second_Order_Viscosity_Analysis	Moreau_Envelope	prox_firm_nonexpansive	43	13	STAY	Second_Order_Viscosity_Analysis/Moreau_Envelope	
Second_Order_Viscosity_Analysis	Moreau_Envelope	prox_lipschitz	17	10	STAY	Second_Order_Viscosity_Analysis/Moreau_Envelope	
Second_Order_Viscosity_Analysis	Rademacher	AE_add_rat_dirs	2196	31	STAY	Second_Order_Viscosity_Analysis/Rademacher	
Second_Order_Viscosity_Analysis	Rademacher	AE_all_rat_dirs	2184	12	STAY	Second_Order_Viscosity_Analysis/Rademacher	
Second_Order_Viscosity_Analysis	Rademacher	AE_dlim_set	1929	18	STAY	Second_Order_Viscosity_Analysis/Rademacher	
Second_Order_Viscosity_Analysis	Rademacher	AE_scale_rat_dirs	2227	35	STAY	Second_Order_Viscosity_Analysis/Rademacher	
Second_Order_Viscosity_Analysis	Rademacher	AE_zero_of_box_integrals_zero	1103	100	STAY	Second_Order_Viscosity_Analysis/Rademacher	
Second_Order_Viscosity_Analysis	Rademacher	Basis_subset_rat_dirs	2314	22	STAY	Second_Order_Viscosity_Analysis/Rademacher	
Second_Order_Viscosity_Analysis	Rademacher	L1_dquot_tendsto	1422	83	STAY/UNUSED?	Second_Order_Viscosity_Analysis/Rademacher	
Second_Order_Viscosity_Analysis	Rademacher	borel_dlim_set	212	17	STAY	Second_Order_Viscosity_Analysis/Rademacher	
Second_Order_Viscosity_Analysis	Rademacher	borel_measurable_ddir	587	11	STAY	Second_Order_Viscosity_Analysis/Rademacher	
Second_Order_Viscosity_Analysis	Rademacher	borel_measurable_dquot	1216	11	STAY	Second_Order_Viscosity_Analysis/Rademacher	
Second_Order_Viscosity_Analysis	Rademacher	bounded_linear_coord_combination	2091	35	STAY	Second_Order_Viscosity_Analysis/Rademacher	
Second_Order_Viscosity_Analysis	Rademacher	box_integral_add_split	1375	47	STAY	Second_Order_Viscosity_Analysis/Rademacher	
Second_Order_Viscosity_Analysis	Rademacher	box_integral_ddir_add	1833	58	STAY	Second_Order_Viscosity_Analysis/Rademacher	
Second_Order_Viscosity_Analysis	Rademacher	box_integral_dquot_tendsto	1233	61	STAY	Second_Order_Viscosity_Analysis/Rademacher	
Second_Order_Viscosity_Analysis	Rademacher	box_translate_defect_tendsto	1519	24	STAY	Second_Order_Viscosity_Analysis/Rademacher	
Second_Order_Viscosity_Analysis	Rademacher	closed_dcrit	102	16	STAY	Second_Order_Viscosity_Analysis/Rademacher	
Second_Order_Viscosity_Analysis	Rademacher	closed_dquot_pair	91	7	STAY	Second_Order_Viscosity_Analysis/Rademacher	
Second_Order_Viscosity_Analysis	Rademacher	coeffs_zero_of_sum_zero	2282	16	STAY	Second_Order_Viscosity_Analysis/Rademacher	
Second_Order_Viscosity_Analysis	Rademacher	content_box_int_translate	1018	45	STAY	Second_Order_Viscosity_Analysis/Rademacher	
Second_Order_Viscosity_Analysis	Rademacher	content_box_int_translate_tendsto	1063	40	STAY	Second_Order_Viscosity_Analysis/Rademacher	
Second_Order_Viscosity_Analysis	Rademacher	content_box_translate	1505	14	STAY/UNUSED?	Second_Order_Viscosity_Analysis/Rademacher	
Second_Order_Viscosity_Analysis	Rademacher	content_cbox_translate	1725	14	STAY	Second_Order_Viscosity_Analysis/Rademacher	
Second_Order_Viscosity_Analysis	Rademacher	continuous_on_dquot	84	7	STAY	Second_Order_Viscosity_Analysis/Rademacher	
Second_Order_Viscosity_Analysis	Rademacher	coord_iso_measurable	239	6	STAY	Second_Order_Viscosity_Analysis/Rademacher	
Second_Order_Viscosity_Analysis	Rademacher	coord_iso_update	245	15	STAY	Second_Order_Viscosity_Analysis/Rademacher	
Second_Order_Viscosity_Analysis	Rademacher	countable_rat_dirs	2129	4	STAY	Second_Order_Viscosity_Analysis/Rademacher	
Second_Order_Viscosity_Analysis	Rademacher	ddir_LIMSEQ	1227	6	STAY	Second_Order_Viscosity_Analysis/Rademacher	
Second_Order_Viscosity_Analysis	Rademacher	ddir_add_AE	1980	111	STAY	Second_Order_Viscosity_Analysis/Rademacher	
Second_Order_Viscosity_Analysis	Rademacher	ddir_add_of_shifted_limit	973	32	STAY/UNUSED?	Second_Order_Viscosity_Analysis/Rademacher	
Second_Order_Viscosity_Analysis	Rademacher	ddir_line_eq	632	22	STAY	Second_Order_Viscosity_Analysis/Rademacher	
Second_Order_Viscosity_Analysis	Rademacher	ddir_lipschitz_in_direction	754	40	STAY/UNUSED?	Second_Order_Viscosity_Analysis/Rademacher	
Second_Order_Viscosity_Analysis	Rademacher	ddir_rat_dir_sum	2336	99	STAY	Second_Order_Viscosity_Analysis/Rademacher	
Second_Order_Viscosity_Analysis	Rademacher	ddir_scale	717	37	STAY	Second_Order_Viscosity_Analysis/Rademacher	
Second_Order_Viscosity_Analysis	Rademacher	ddir_tendsto	574	13	STAY	Second_Order_Viscosity_Analysis/Rademacher	
Second_Order_Viscosity_Analysis	Rademacher	defect_seq_tendsto	1710	15	STAY	Second_Order_Viscosity_Analysis/Rademacher	
Second_Order_Viscosity_Analysis	Rademacher	differentiable_of_dense_linear_ddir	818	136	STAY	Second_Order_Viscosity_Analysis/Rademacher	
Second_Order_Viscosity_Analysis	Rademacher	dlim_set_eq_dcrit	118	94	STAY	Second_Order_Viscosity_Analysis/Rademacher	
Second_Order_Viscosity_Analysis	Rademacher	dlim_set_precompose	455	28	STAY	Second_Order_Viscosity_Analysis/Rademacher	
Second_Order_Viscosity_Analysis	Rademacher	dquot_add_split	954	19	STAY	Second_Order_Viscosity_Analysis/Rademacher	
Second_Order_Viscosity_Analysis	Rademacher	dquot_indicator_bound	1336	23	STAY	Second_Order_Viscosity_Analysis/Rademacher	
Second_Order_Viscosity_Analysis	Rademacher	dquot_of_differentiable	382	6	STAY	Second_Order_Viscosity_Analysis/Rademacher	
Second_Order_Viscosity_Analysis	Rademacher	dquot_scale	703	14	STAY	Second_Order_Viscosity_Analysis/Rademacher	
Second_Order_Viscosity_Analysis	Rademacher	dquot_tendsto_vector_derivative	343	39	STAY	Second_Order_Viscosity_Analysis/Rademacher	
Second_Order_Viscosity_Analysis	Rademacher	ennreal_mult_indicator_eq	1922	7	STAY/UNUSED?	Second_Order_Viscosity_Analysis/Rademacher	
Second_Order_Viscosity_Analysis	Rademacher	filterlim_inverse_Suc	569	5	STAY	Second_Order_Viscosity_Analysis/Rademacher	
Second_Order_Viscosity_Analysis	Rademacher	filterlim_scaleR_inverse_Suc	1696	14	STAY	Second_Order_Viscosity_Analysis/Rademacher	
Second_Order_Viscosity_Analysis	Rademacher	ftc_along_line	654	49	STAY/UNUSED?	Second_Order_Viscosity_Analysis/Rademacher	
Second_Order_Viscosity_Analysis	Rademacher	indicator_box_translate	1294	9	STAY	Second_Order_Viscosity_Analysis/Rademacher	
Second_Order_Viscosity_Analysis	Rademacher	indicator_diff_abs	1543	8	STAY	Second_Order_Viscosity_Analysis/Rademacher	
Second_Order_Viscosity_Analysis	Rademacher	inner_sum_scaleR_Basis	1005	13	STAY	Second_Order_Viscosity_Analysis/Rademacher	
Second_Order_Viscosity_Analysis	Rademacher	inner_sum_scaleR_subset	2262	20	STAY	Second_Order_Viscosity_Analysis/Rademacher	
Second_Order_Viscosity_Analysis	Rademacher	integrable_bounded_indicator	1551	23	STAY	Second_Order_Viscosity_Analysis/Rademacher	
Second_Order_Viscosity_Analysis	Rademacher	integrable_ddir_indicator	1947	33	STAY	Second_Order_Viscosity_Analysis/Rademacher	
Second_Order_Viscosity_Analysis	Rademacher	integrable_dquot_indicator	1359	16	STAY	Second_Order_Viscosity_Analysis/Rademacher	
Second_Order_Viscosity_Analysis	Rademacher	integral_box_cbox_eq	1673	23	STAY	Second_Order_Viscosity_Analysis/Rademacher	
Second_Order_Viscosity_Analysis	Rademacher	integral_domain_shift_bound	1600	73	STAY	Second_Order_Viscosity_Analysis/Rademacher	
Second_Order_Viscosity_Analysis	Rademacher	integral_indicator_symdiff	1574	26	STAY	Second_Order_Viscosity_Analysis/Rademacher	
Second_Order_Viscosity_Analysis	Rademacher	integral_translate_box	1303	33	STAY	Second_Order_Viscosity_Analysis/Rademacher	
Second_Order_Viscosity_Analysis	Rademacher	lipschitz_component	2511	13	STAY	Second_Order_Viscosity_Analysis/Rademacher	
Second_Order_Viscosity_Analysis	Rademacher	lipschitz_continuous_on_UNIV	388	29	STAY	Second_Order_Viscosity_Analysis/Rademacher	
Second_Order_Viscosity_Analysis	Rademacher	lipschitz_differentiable_ae_1d	18	34	STAY	Second_Order_Viscosity_Analysis/Rademacher	
Second_Order_Viscosity_Analysis	Rademacher	lipschitz_line_section_diff_ae	52	26	STAY	Second_Order_Viscosity_Analysis/Rademacher	
Second_Order_Viscosity_Analysis	Rademacher	negligible_iff_null_lborel	229	10	STAY	Second_Order_Viscosity_Analysis/Rademacher	
Second_Order_Viscosity_Analysis	Rademacher	negligible_no_dderiv	483	83	STAY	Second_Order_Viscosity_Analysis/Rademacher	
Second_Order_Viscosity_Analysis	Rademacher	negligible_no_dderiv_basis	417	38	STAY	Second_Order_Viscosity_Analysis/Rademacher	
Second_Order_Viscosity_Analysis	Rademacher	negligible_no_dderiv_countable	794	24	STAY/UNUSED?	Second_Order_Viscosity_Analysis/Rademacher	
Second_Order_Viscosity_Analysis	Rademacher	negligible_of_basis_sections	260	83	STAY	Second_Order_Viscosity_Analysis/Rademacher	
Second_Order_Viscosity_Analysis	Rademacher	nn_integral_pos_neg_eq_of_integral_zero	1891	31	STAY	Second_Order_Viscosity_Analysis/Rademacher	
Second_Order_Viscosity_Analysis	Rademacher	norm_ddir_le	598	34	STAY	Second_Order_Viscosity_Analysis/Rademacher	
Second_Order_Viscosity_Analysis	Rademacher	norm_dquot_le	1203	13	STAY	Second_Order_Viscosity_Analysis/Rademacher	
Second_Order_Viscosity_Analysis	Rademacher	partial_rat_dir_mem	2298	16	STAY	Second_Order_Viscosity_Analysis/Rademacher	
Second_Order_Viscosity_Analysis	Rademacher	rademacher_AE	2435	76	STAY	Second_Order_Viscosity_Analysis/Rademacher	
Second_Order_Viscosity_Analysis	Rademacher	rademacher_vec_AE	2524	33	STAY	Second_Order_Viscosity_Analysis/Rademacher	
Second_Order_Viscosity_Analysis	Rademacher	rat_dirs_dense	2133	51	STAY	Second_Order_Viscosity_Analysis/Rademacher	
Second_Order_Viscosity_Analysis	Rademacher	shifted_box_integral_tendsto	1739	94	STAY	Second_Order_Viscosity_Analysis/Rademacher	
Second_Order_Viscosity_Analysis	Soft_Penalty	abs_norm_diff_le	345	10	STAY	Second_Order_Viscosity_Analysis/Soft_Penalty	
Second_Order_Viscosity_Analysis	Soft_Penalty	div_mul_div_cancel_aux	57	14	STAY	Second_Order_Viscosity_Analysis/Soft_Penalty	
Second_Order_Viscosity_Analysis	Soft_Penalty	exists_small_rho_aux	465	22	STAY	Second_Order_Viscosity_Analysis/Soft_Penalty	
Second_Order_Viscosity_Analysis	Soft_Penalty	inner_sq_over_norm_sq_le	152	12	STAY	Second_Order_Viscosity_Analysis/Soft_Penalty	
Second_Order_Viscosity_Analysis	Soft_Penalty	inner_sq_quotient_bounded	164	15	STAY	Second_Order_Viscosity_Analysis/Soft_Penalty	
Second_Order_Viscosity_Analysis	Soft_Penalty	norm_le_soft_R	336	9	STAY	Second_Order_Viscosity_Analysis/Soft_Penalty	
Second_Order_Viscosity_Analysis	Soft_Penalty	radial_profile_pos	603	17	STAY	Second_Order_Viscosity_Analysis/Soft_Penalty	
Second_Order_Viscosity_Analysis	Soft_Penalty	rem_split_aux	293	11	STAY	Second_Order_Viscosity_Analysis/Soft_Penalty	
Second_Order_Viscosity_Analysis	Soft_Penalty	soft_R_gt_one	423	12	STAY	Second_Order_Viscosity_Analysis/Soft_Penalty	
Second_Order_Viscosity_Analysis	Soft_Penalty	soft_R_lipschitz	355	58	STAY	Second_Order_Viscosity_Analysis/Soft_Penalty	
Second_Order_Viscosity_Analysis	Soft_Penalty	soft_gap_pos	487	13	STAY	Second_Order_Viscosity_Analysis/Soft_Penalty	
Second_Order_Viscosity_Analysis	Soft_Penalty	soft_grad_coeff_pos	435	12	STAY	Second_Order_Viscosity_Analysis/Soft_Penalty	
Second_Order_Viscosity_Analysis	Soft_Penalty	soft_grad_nonzero	447	12	STAY	Second_Order_Viscosity_Analysis/Soft_Penalty	
Second_Order_Viscosity_Analysis	Soft_Penalty	soft_grad_norm_pos	459	6	STAY	Second_Order_Viscosity_Analysis/Soft_Penalty	
Second_Order_Viscosity_Analysis	Soft_Penalty	soft_pen_T_tendsto	179	26	STAY	Second_Order_Viscosity_Analysis/Soft_Penalty	
Second_Order_Viscosity_Analysis	Soft_Penalty	soft_pen_bracket_tendsto	205	46	STAY	Second_Order_Viscosity_Analysis/Soft_Penalty	
Second_Order_Viscosity_Analysis	Soft_Penalty	soft_pen_kappa_exists	620	26	STAY	Second_Order_Viscosity_Analysis/Soft_Penalty	
Second_Order_Viscosity_Analysis	Soft_Penalty	soft_pen_radial_mono	555	30	STAY	Second_Order_Viscosity_Analysis/Soft_Penalty	
Second_Order_Viscosity_Analysis	Soft_Penalty	soft_pen_rem_aux	139	13	STAY	Second_Order_Viscosity_Analysis/Soft_Penalty	
Second_Order_Viscosity_Analysis	Soft_Penalty	soft_pen_second_summand_tendsto	251	42	STAY	Second_Order_Viscosity_Analysis/Soft_Penalty	
Second_Order_Viscosity_Analysis	Soft_Penalty	soft_rho_exists	500	7	STAY	Second_Order_Viscosity_Analysis/Soft_Penalty	
Second_Order_Viscosity_Analysis	Soft_Penalty	sqrt_diff_exact	71	18	STAY	Second_Order_Viscosity_Analysis/Soft_Penalty	
Second_Order_Viscosity_Analysis	Soft_Penalty	sqrt_lt_half_plus_one	585	18	STAY	Second_Order_Viscosity_Analysis/Soft_Penalty	
Second_Order_Viscosity_Analysis	Soft_Penalty	sqrt_norm_sq_add_one_ge_one	318	18	STAY	Second_Order_Viscosity_Analysis/Soft_Penalty	
Second_Order_Viscosity_Analysis	Soft_Penalty	sqrt_rhs_aux	89	20	STAY	Second_Order_Viscosity_Analysis/Soft_Penalty	
Second_Order_Viscosity_Analysis	Soft_Penalty	sqrt_second_order_exact	109	30	STAY	Second_Order_Viscosity_Analysis/Soft_Penalty	
Second_Order_Viscosity_Analysis	Soft_Penalty	sqrt_shift_diff_bound	507	48	STAY	Second_Order_Viscosity_Analysis/Soft_Penalty	
Second_Order_Viscosity_Analysis	Sup_Convolution	cSUP_plus_const	131	26	STAY	Second_Order_Viscosity_Analysis/Sup_Convolution	
Second_Order_Viscosity_Analysis	Sup_Convolution	convex_on_affine_inner	182	11	STAY	Second_Order_Viscosity_Analysis/Sup_Convolution	
Second_Order_Viscosity_Analysis	Sup_Convolution	convex_on_cSUP	157	25	STAY	Second_Order_Viscosity_Analysis/Sup_Convolution	
Second_Order_Viscosity_Analysis	Sup_Convolution	second_order_interior_max	473	127	STAY	Second_Order_Viscosity_Analysis/Sup_Convolution	
Second_Order_Viscosity_Analysis	Sup_Convolution	supconv_alexandrov	390	13	STAY	Second_Order_Viscosity_Analysis/Sup_Convolution	
Second_Order_Viscosity_Analysis	Sup_Convolution	supconv_bdd_above	18	12	STAY	Second_Order_Viscosity_Analysis/Sup_Convolution	
Second_Order_Viscosity_Analysis	Sup_Convolution	supconv_continuous	252	19	STAY	Second_Order_Viscosity_Analysis/Sup_Convolution	
Second_Order_Viscosity_Analysis	Sup_Convolution	supconv_ge	30	12	STAY	Second_Order_Viscosity_Analysis/Sup_Convolution	
Second_Order_Viscosity_Analysis	Sup_Convolution	supconv_jensen	403	22	STAY	Second_Order_Viscosity_Analysis/Sup_Convolution	
Second_Order_Viscosity_Analysis	Sup_Convolution	supconv_jensen_alexandrov_point	425	48	STAY/UNUSED?	Second_Order_Viscosity_Analysis/Sup_Convolution	
Second_Order_Viscosity_Analysis	Sup_Convolution	supconv_le	42	15	STAY	Second_Order_Viscosity_Analysis/Sup_Convolution	
Second_Order_Viscosity_Analysis	Sup_Convolution	supconv_le_of_lipschitz	101	30	STAY	Second_Order_Viscosity_Analysis/Sup_Convolution	
Second_Order_Viscosity_Analysis	Sup_Convolution	supconv_lipschitz	84	17	STAY	Second_Order_Viscosity_Analysis/Sup_Convolution	
Second_Order_Viscosity_Analysis	Sup_Convolution	supconv_lipschitz_le	57	27	STAY	Second_Order_Viscosity_Analysis/Sup_Convolution	
Second_Order_Viscosity_Analysis	Sup_Convolution	supconv_near_optimizer	271	29	STAY	Second_Order_Viscosity_Analysis/Sup_Convolution	
Second_Order_Viscosity_Analysis	Sup_Convolution	supconv_semiconvex	210	42	STAY	Second_Order_Viscosity_Analysis/Sup_Convolution	
Second_Order_Viscosity_Analysis	Sup_Convolution	supconv_semiconvex'	368	22	STAY	Second_Order_Viscosity_Analysis/Sup_Convolution	
Second_Order_Viscosity_Analysis	Sup_Convolution	supconv_square_decomp	193	17	STAY	Second_Order_Viscosity_Analysis/Sup_Convolution	
Second_Order_Viscosity_Analysis	Sup_Convolution	supconv_tendsto	300	68	STAY/UNUSED?	Second_Order_Viscosity_Analysis/Sup_Convolution	
Second_Order_Viscosity_Analysis	Theorem_On_Sums	antitone_bdd_below_convergent_at_top	112	44	STAY/UNUSED?	Second_Order_Viscosity_Analysis/Theorem_On_Sums	
Second_Order_Viscosity_Analysis	Theorem_On_Sums	block_diagonal_test	156	6	STAY/UNUSED?	Second_Order_Viscosity_Analysis/Theorem_On_Sums	
Second_Order_Viscosity_Analysis	Theorem_On_Sums	convex_on_fst	301	16	STAY	Second_Order_Viscosity_Analysis/Theorem_On_Sums	
Second_Order_Viscosity_Analysis	Theorem_On_Sums	convex_on_norm_sq	253	33	STAY	Second_Order_Viscosity_Analysis/Theorem_On_Sums	
Second_Order_Viscosity_Analysis	Theorem_On_Sums	convex_on_proj_sum	348	19	STAY	Second_Order_Viscosity_Analysis/Theorem_On_Sums	
Second_Order_Viscosity_Analysis	Theorem_On_Sums	convex_on_scaleR_nonneg	333	15	STAY	Second_Order_Viscosity_Analysis/Theorem_On_Sums	
Second_Order_Viscosity_Analysis	Theorem_On_Sums	convex_on_snd	317	16	STAY	Second_Order_Viscosity_Analysis/Theorem_On_Sums	
Second_Order_Viscosity_Analysis	Theorem_On_Sums	doubled_functional_semiconvex	457	49	STAY	Second_Order_Viscosity_Analysis/Theorem_On_Sums	
Second_Order_Viscosity_Analysis	Theorem_On_Sums	doubled_functional_semiconvex_shifted	512	56	STAY	Second_Order_Viscosity_Analysis/Theorem_On_Sums	
Second_Order_Viscosity_Analysis	Theorem_On_Sums	doubling_antitone	51	21	STAY/UNUSED?	Second_Order_Viscosity_Analysis/Theorem_On_Sums	
Second_Order_Viscosity_Analysis	Theorem_On_Sums	doubling_ge_diagonal	20	8	STAY	Second_Order_Viscosity_Analysis/Theorem_On_Sums	
Second_Order_Viscosity_Analysis	Theorem_On_Sums	doubling_limit_maximises	966	37	STAY/UNUSED?	Second_Order_Viscosity_Analysis/Theorem_On_Sums	
Second_Order_Viscosity_Analysis	Theorem_On_Sums	doubling_penalty_squeeze	33	18	STAY	Second_Order_Viscosity_Analysis/Theorem_On_Sums	
Second_Order_Viscosity_Analysis	Theorem_On_Sums	doubling_penalty_tendsto_zero	72	40	STAY/UNUSED?	Second_Order_Viscosity_Analysis/Theorem_On_Sums	
Second_Order_Viscosity_Analysis	Theorem_On_Sums	doubling_ring_identity	28	5	STAY	Second_Order_Viscosity_Analysis/Theorem_On_Sums	
Second_Order_Viscosity_Analysis	Theorem_On_Sums	expansion_ray_limit	704	61	STAY	Second_Order_Viscosity_Analysis/Theorem_On_Sums	
Second_Order_Viscosity_Analysis	Theorem_On_Sums	expansion_restrict_fst	172	36	STAY	Second_Order_Viscosity_Analysis/Theorem_On_Sums	
Second_Order_Viscosity_Analysis	Theorem_On_Sums	expansion_restrict_snd	208	45	STAY	Second_Order_Viscosity_Analysis/Theorem_On_Sums	
Second_Order_Viscosity_Analysis	Theorem_On_Sums	inner_fst_pair	1180	5	STAY	Second_Order_Viscosity_Analysis/Theorem_On_Sums	
Second_Order_Viscosity_Analysis	Theorem_On_Sums	inner_snd_pair	1185	5	STAY	Second_Order_Viscosity_Analysis/Theorem_On_Sums	
Second_Order_Viscosity_Analysis	Theorem_On_Sums	linear_slice_fst	1111	32	STAY	Second_Order_Viscosity_Analysis/Theorem_On_Sums	
Second_Order_Viscosity_Analysis	Theorem_On_Sums	linear_slice_snd	1143	37	STAY	Second_Order_Viscosity_Analysis/Theorem_On_Sums	
Second_Order_Viscosity_Analysis	Theorem_On_Sums	neg_jet_quotient	1054	17	STAY	Second_Order_Viscosity_Analysis/Theorem_On_Sums	
Second_Order_Viscosity_Analysis	Theorem_On_Sums	norm_Pair_left_zero	167	5	STAY	Second_Order_Viscosity_Analysis/Theorem_On_Sums	
Second_Order_Viscosity_Analysis	Theorem_On_Sums	norm_Pair_right_zero	162	5	STAY	Second_Order_Viscosity_Analysis/Theorem_On_Sums	
Second_Order_Viscosity_Analysis	Theorem_On_Sums	norm_prod_sq	367	9	STAY	Second_Order_Viscosity_Analysis/Theorem_On_Sums	
Second_Order_Viscosity_Analysis	Theorem_On_Sums	norm_sq_diff_shift	506	6	STAY	Second_Order_Viscosity_Analysis/Theorem_On_Sums	
Second_Order_Viscosity_Analysis	Theorem_On_Sums	penalty_exact	844	29	STAY	Second_Order_Viscosity_Analysis/Theorem_On_Sums	
Second_Order_Viscosity_Analysis	Theorem_On_Sums	penalty_form_diagonal	879	21	STAY	Second_Order_Viscosity_Analysis/Theorem_On_Sums	
Second_Order_Viscosity_Analysis	Theorem_On_Sums	penalty_form_scaleR	873	6	STAY	Second_Order_Viscosity_Analysis/Theorem_On_Sums	
Second_Order_Viscosity_Analysis	Theorem_On_Sums	product_form_block_diagonal	765	79	STAY	Second_Order_Viscosity_Analysis/Theorem_On_Sums	
Second_Order_Viscosity_Analysis	Theorem_On_Sums	second_order_form_unique	630	74	STAY/UNUSED?	Second_Order_Viscosity_Analysis/Theorem_On_Sums	
Second_Order_Viscosity_Analysis	Theorem_On_Sums	semiconvex_add	286	15	STAY	Second_Order_Viscosity_Analysis/Theorem_On_Sums	
Second_Order_Viscosity_Analysis	Theorem_On_Sums	semiconvex_jensen_alexandrov_point	568	62	STAY	Second_Order_Viscosity_Analysis/Theorem_On_Sums	
Second_Order_Viscosity_Analysis	Theorem_On_Sums	semiconvex_of_fst	406	23	STAY	Second_Order_Viscosity_Analysis/Theorem_On_Sums	
Second_Order_Viscosity_Analysis	Theorem_On_Sums	semiconvex_of_snd	429	28	STAY	Second_Order_Viscosity_Analysis/Theorem_On_Sums	
Second_Order_Viscosity_Analysis	Theorem_On_Sums	semiconvex_penalty	376	30	STAY	Second_Order_Viscosity_Analysis/Theorem_On_Sums	
Second_Order_Viscosity_Analysis	Theorem_On_Sums	sums_matrix_inequality	900	66	STAY	Second_Order_Viscosity_Analysis/Theorem_On_Sums	
Second_Order_Viscosity_Analysis	Theorem_On_Sums	sums_ord_of_inequality	1095	16	STAY/UNUSED?	Second_Order_Viscosity_Analysis/Theorem_On_Sums	
Second_Order_Viscosity_Analysis	Theorem_On_Sums	supconv_dominates_shift	1003	23	STAY	Second_Order_Viscosity_Analysis/Theorem_On_Sums	
Second_Order_Viscosity_Analysis	Theorem_On_Sums	supconv_jet_transfer	1026	28	STAY	Second_Order_Viscosity_Analysis/Theorem_On_Sums	
Second_Order_Viscosity_Analysis	Theorem_On_Sums	supconv_neg_jet_transfer	1071	24	STAY/UNUSED?	Second_Order_Viscosity_Analysis/Theorem_On_Sums	
Second_Order_Viscosity_Analysis	Theorem_On_Sums	superjet_local_max	1239	38	STAY	Second_Order_Viscosity_Analysis/Theorem_On_Sums	
Second_Order_Viscosity_Analysis	Theorem_On_Sums	sym_slice_fst	1190	18	STAY	Second_Order_Viscosity_Analysis/Theorem_On_Sums	
Second_Order_Viscosity_Analysis	Theorem_On_Sums	sym_slice_snd	1208	31	STAY	Second_Order_Viscosity_Analysis/Theorem_On_Sums	
Semicontinuous_Analysis	Berge	box_of_sequential	143	97	STAY	Semicontinuous_Analysis/Berge	
Semicontinuous_Analysis	Berge	box_of_sequential_euclidean	240	41	STAY	Semicontinuous_Analysis/Berge	
Semicontinuous_Analysis	Berge	closure_of_sequential_limit	312	44	STAY	Semicontinuous_Analysis/Berge	
Semicontinuous_Analysis	Berge	compactin_of_seq_compact	281	31	STAY	Semicontinuous_Analysis/Berge	
Semicontinuous_Analysis	Berge	seq_compact_closure_of	356	98	STAY	Semicontinuous_Analysis/Berge	
Semicontinuous_Analysis	Berge	usc_sup_over_compact	34	109	STAY/UNUSED?	Semicontinuous_Analysis/Berge	
Semicontinuous_Analysis	Berge	usc_sup_over_compactin	454	94	STAY	Semicontinuous_Analysis/Berge	
Semicontinuous_Analysis	Semicontinuity	abs_ge_nonempty	317	4	STAY	Semicontinuous_Analysis/Semicontinuity	
Semicontinuous_Analysis	Semicontinuity	closed_abs_ge	314	3	STAY	Semicontinuous_Analysis/Semicontinuity	
Semicontinuous_Analysis	Semicontinuity	lsc_attains_inf_ex	109	17	STAY	Semicontinuous_Analysis/Semicontinuity	
Semicontinuous_Analysis	Semicontinuity	lsc_attains_inf_gen	19	59	STAY	Semicontinuous_Analysis/Semicontinuity	
Semicontinuous_Analysis	Semicontinuity	lsc_diff_continuous	246	35	STAY	Semicontinuous_Analysis/Semicontinuity	
Semicontinuous_Analysis	Semicontinuity	pos_image_scale	299	15	STAY	Semicontinuous_Analysis/Semicontinuity	
Semicontinuous_Analysis	Semicontinuity	sup_diff_attained_on_compact	281	18	STAY	Semicontinuous_Analysis/Semicontinuity	
Semicontinuous_Analysis	Semicontinuity	usc_attains_sup_gen	78	31	STAY	Semicontinuous_Analysis/Semicontinuity	
Semicontinuous_Analysis	Semicontinuity	usc_eps_add	126	26	STAY	Semicontinuous_Analysis/Semicontinuity	
Semicontinuous_Analysis	Semicontinuity	usc_eps_of_continuous	168	28	STAY	Semicontinuous_Analysis/Semicontinuity	
Semicontinuous_Analysis	Semicontinuity	usc_eps_scale	152	16	STAY	Semicontinuous_Analysis/Semicontinuity	
Semicontinuous_Analysis	Semicontinuity	usc_extension_bounded	196	50	STAY/UNUSED?	Semicontinuous_Analysis/Semicontinuity	
Semicontinuous_Analysis	Semicontinuous_Envelopes	Kext_bounded	549	25	STAY	Semicontinuous_Analysis/Semicontinuous_Envelopes	
Semicontinuous_Analysis	Semicontinuous_Envelopes	Kext_eq_on_K	511	38	STAY	Semicontinuous_Analysis/Semicontinuous_Envelopes	
Semicontinuous_Analysis	Semicontinuous_Envelopes	Kext_ge_proj	589	9	STAY	Semicontinuous_Analysis/Semicontinuous_Envelopes	
Semicontinuous_Analysis	Semicontinuous_Envelopes	Kext_proj_bound	491	7	STAY	Semicontinuous_Analysis/Semicontinuous_Envelopes	
Semicontinuous_Analysis	Semicontinuous_Envelopes	Kext_proj_near	498	13	STAY	Semicontinuous_Analysis/Semicontinuous_Envelopes	
Semicontinuous_Analysis	Semicontinuous_Envelopes	Kext_usc	574	15	STAY	Semicontinuous_Analysis/Semicontinuous_Envelopes	
Semicontinuous_Analysis	Semicontinuous_Envelopes	lsc_const_ereal	59	10	STAY	Semicontinuous_Analysis/Semicontinuous_Envelopes	
Semicontinuous_Analysis	Semicontinuous_Envelopes	lsc_envK_ge	347	29	STAY	Semicontinuous_Analysis/Semicontinuous_Envelopes	
Semicontinuous_Analysis	Semicontinuous_Envelopes	lsc_env_Kext	598	96	STAY	Semicontinuous_Analysis/Semicontinuous_Envelopes	
Semicontinuous_Analysis	Semicontinuous_Envelopes	lsc_env_approx	269	25	STAY	Semicontinuous_Analysis/Semicontinuous_Envelopes	
Semicontinuous_Analysis	Semicontinuous_Envelopes	lsc_env_bdd_above	38	21	STAY	Semicontinuous_Analysis/Semicontinuous_Envelopes	
Semicontinuous_Analysis	Semicontinuous_Envelopes	lsc_env_bdd_below_ball	32	6	STAY	Semicontinuous_Analysis/Semicontinuous_Envelopes	
Semicontinuous_Analysis	Semicontinuous_Envelopes	lsc_env_eq_on_interior	376	63	STAY	Semicontinuous_Analysis/Semicontinuous_Envelopes	
Semicontinuous_Analysis	Semicontinuous_Envelopes	lsc_env_eq_self	294	49	STAY	Semicontinuous_Analysis/Semicontinuous_Envelopes	
Semicontinuous_Analysis	Semicontinuous_Envelopes	lsc_env_ereal	69	38	STAY	Semicontinuous_Analysis/Semicontinuous_Envelopes	
Semicontinuous_Analysis	Semicontinuous_Envelopes	lsc_env_ge	118	11	STAY	Semicontinuous_Analysis/Semicontinuous_Envelopes	
Semicontinuous_Analysis	Semicontinuous_Envelopes	lsc_env_le_self	107	11	STAY	Semicontinuous_Analysis/Semicontinuous_Envelopes	
Semicontinuous_Analysis	Semicontinuous_Envelopes	lsc_env_lsc	197	28	STAY	Semicontinuous_Analysis/Semicontinuous_Envelopes	
Semicontinuous_Analysis	Semicontinuous_Envelopes	lsc_env_mono	183	14	STAY	Semicontinuous_Analysis/Semicontinuous_Envelopes	
Semicontinuous_Analysis	Semicontinuous_Envelopes	usc_env_eq_at	459	28	STAY	Semicontinuous_Analysis/Semicontinuous_Envelopes	
Semicontinuous_Analysis	Semicontinuous_Envelopes	usc_env_eq_self	235	34	STAY	Semicontinuous_Analysis/Semicontinuous_Envelopes	
Semicontinuous_Analysis	Semicontinuous_Envelopes	usc_env_ge_self	129	10	STAY	Semicontinuous_Analysis/Semicontinuous_Envelopes	
Semicontinuous_Analysis	Semicontinuous_Envelopes	usc_env_le	139	14	STAY	Semicontinuous_Analysis/Semicontinuous_Envelopes	
Semicontinuous_Analysis	Semicontinuous_Envelopes	usc_env_limsup_bound	153	30	STAY	Semicontinuous_Analysis/Semicontinuous_Envelopes	
Semicontinuous_Analysis	Semicontinuous_Envelopes	usc_env_mono	225	10	STAY	Semicontinuous_Analysis/Semicontinuous_Envelopes	
Semicontinuous_Analysis	Semicontinuous_Envelopes	usc_env_usc	439	20	STAY	Semicontinuous_Analysis/Semicontinuous_Envelopes	
Semicontinuous_Analysis	Semicontinuous_Selection	Least_nat_eq_iff	461	35	STAY	Semicontinuous_Analysis/Semicontinuous_Selection	
Semicontinuous_Analysis	Semicontinuous_Selection	compact_space_dense_seq	40	57	STAY	Semicontinuous_Analysis/Semicontinuous_Selection	
Semicontinuous_Analysis	Semicontinuous_Selection	countably_valued_approx	680	49	STAY	Semicontinuous_Analysis/Semicontinuous_Selection	
Semicontinuous_Analysis	Semicontinuous_Selection	ennreal_strict_between	19	21	STAY	Semicontinuous_Analysis/Semicontinuous_Selection	
Semicontinuous_Analysis	Semicontinuous_Selection	length_usc_sel_code	136	3	STAY/UNUSED?	Semicontinuous_Analysis/Semicontinuous_Selection	
Semicontinuous_Analysis	Semicontinuous_Selection	limitin_of_dist_half	729	18	STAY	Semicontinuous_Analysis/Semicontinuous_Selection	
Semicontinuous_Analysis	Semicontinuous_Selection	usc_measurable_selection	496	173	STAY	Semicontinuous_Analysis/Semicontinuous_Selection	
Semicontinuous_Analysis	Semicontinuous_Selection	usc_sel_code_0	127	3	STAY/UNUSED?	Semicontinuous_Analysis/Semicontinuous_Selection	
Semicontinuous_Analysis	Semicontinuous_Selection	usc_sel_code_Suc	130	6	STAY	Semicontinuous_Analysis/Semicontinuous_Selection	
Semicontinuous_Analysis	Semicontinuous_Selection	usc_sel_code_decseq	328	6	STAY	Semicontinuous_Analysis/Semicontinuous_Selection	
Semicontinuous_Analysis	Semicontinuous_Selection	usc_sel_code_mono	305	23	STAY	Semicontinuous_Analysis/Semicontinuous_Selection	
Semicontinuous_Analysis	Semicontinuous_Selection	usc_sel_code_set	275	18	STAY	Semicontinuous_Analysis/Semicontinuous_Selection	
Semicontinuous_Analysis	Semicontinuous_Selection	usc_sel_code_set_in_open	398	24	STAY	Semicontinuous_Analysis/Semicontinuous_Selection	
Semicontinuous_Analysis	Semicontinuous_Selection	usc_sel_code_set_ne	293	6	STAY	Semicontinuous_Analysis/Semicontinuous_Selection	
Semicontinuous_Analysis	Semicontinuous_Selection	usc_sel_code_set_small	366	32	STAY	Semicontinuous_Analysis/Semicontinuous_Selection	
Semicontinuous_Analysis	Semicontinuous_Selection	usc_sel_code_set_sup	299	6	STAY	Semicontinuous_Analysis/Semicontinuous_Selection	
Semicontinuous_Analysis	Semicontinuous_Selection	usc_sel_good_ex	172	103	STAY	Semicontinuous_Analysis/Semicontinuous_Selection	
Semicontinuous_Analysis	Semicontinuous_Selection	usc_sel_in_M	356	10	STAY	Semicontinuous_Analysis/Semicontinuous_Selection	
Semicontinuous_Analysis	Semicontinuous_Selection	usc_sel_in_code_set	334	22	STAY	Semicontinuous_Analysis/Semicontinuous_Selection	
Semicontinuous_Analysis	Semicontinuous_Selection	usc_sel_optimal	422	39	STAY	Semicontinuous_Analysis/Semicontinuous_Selection	
Semicontinuous_Analysis	Semicontinuous_Selection	usc_sel_set_Cons	105	5	STAY/UNUSED?	Semicontinuous_Analysis/Semicontinuous_Selection	
Semicontinuous_Analysis	Semicontinuous_Selection	usc_sel_set_Nil	102	3	STAY/UNUSED?	Semicontinuous_Analysis/Semicontinuous_Selection	
Semicontinuous_Analysis	Semicontinuous_Selection	usc_sel_set_closedin	147	14	STAY	Semicontinuous_Analysis/Semicontinuous_Selection	
Semicontinuous_Analysis	Semicontinuous_Selection	usc_sel_set_compactin	161	11	STAY	Semicontinuous_Analysis/Semicontinuous_Selection	
Semicontinuous_Analysis	Semicontinuous_Selection	usc_sel_set_mono	113	3	STAY	Semicontinuous_Analysis/Semicontinuous_Selection	
Semicontinuous_Analysis	Semicontinuous_Selection	usc_sel_set_subset	110	3	STAY	Semicontinuous_Analysis/Semicontinuous_Selection	
Statement	Statement_Auxiliary	clause_0_finite	39	9	STAY	Statement/Statement_Auxiliary	
Statement	Statement_Auxiliary	clause_0_not_infinite	48	6	STAY/UNUSED?	Statement/Statement_Auxiliary	
Statement	Statement_Auxiliary	clause_1_upper_semicontinuous	54	7	STAY	Statement/Statement_Auxiliary	
Statement	Statement_Auxiliary	clause_2_subsolution	61	6	STAY/UNUSED?	Statement/Statement_Auxiliary	
Statement	Statement_Auxiliary	clause_2_supersolution	67	7	STAY/UNUSED?	Statement/Statement_Auxiliary	
Statement	Statement_Auxiliary	clause_3_boundary_subsolution	74	8	STAY	Statement/Statement_Auxiliary	
Statement	Statement_Auxiliary	clause_3_boundary_supersolution	82	9	STAY	Statement/Statement_Auxiliary	
Statement	Statement_Auxiliary	clause_4_uniqueness	91	16	STAY	Statement/Statement_Auxiliary	
Statement	Statement_Auxiliary	convex_sets_are_expandable	33	6	STAY/UNUSED?	Statement/Statement_Auxiliary	
Statement	Statement_Auxiliary	example_3_1_iexit	188	7	STAY	Statement/Statement_Auxiliary	
Statement	Statement_Auxiliary	paper_class_lift	27	6	STAY/UNUSED?	Statement/Statement_Auxiliary	
Statement	Statement_Auxiliary	paper_class_marginal	21	6	STAY/UNUSED?	Statement/Statement_Auxiliary	
Statement	Statement_Auxiliary	paper_value_function_agrees	15	6	STAY/UNUSED?	Statement/Statement_Auxiliary	
Statement	Statement_Auxiliary	theorem_1_1_iexit	107	81	STAY	Statement/Statement_Auxiliary	
Statement	Theorem_1_1_Statement	example_3_1_closed_form	199	16	STAY/UNUSED?	Statement/Theorem_1_1_Statement	
Statement	Theorem_1_1_Statement	theorem_1_1	134	65	STAY/UNUSED?	Statement/Theorem_1_1_Statement	
Symmetric_Matrix_Spectra	Eigenvalue_Continuity	eigval_lipschitz	160	30	STAY/UNUSED?	Symmetric_Matrix_Spectra/Eigenvalue_Continuity	
Symmetric_Matrix_Spectra	Eigenvalue_Continuity	entrysum_nonneg	24	3	STAY	Symmetric_Matrix_Spectra/Eigenvalue_Continuity	
Symmetric_Matrix_Spectra	Eigenvalue_Continuity	entrysum_sym	27	5	STAY	Symmetric_Matrix_Spectra/Eigenvalue_Continuity	
Symmetric_Matrix_Spectra	Eigenvalue_Continuity	inner_quadform_bound	32	38	STAY	Symmetric_Matrix_Spectra/Eigenvalue_Continuity	
Symmetric_Matrix_Spectra	Eigenvalue_Continuity	kyfan_gap	101	41	STAY	Symmetric_Matrix_Spectra/Eigenvalue_Continuity	
Symmetric_Matrix_Spectra	Eigenvalue_Continuity	kyfan_lipschitz	142	18	STAY	Symmetric_Matrix_Spectra/Eigenvalue_Continuity	
Symmetric_Matrix_Spectra	Eigenvalue_Continuity	trace_mult_proj_bound	70	31	STAY	Symmetric_Matrix_Spectra/Eigenvalue_Continuity	
Symmetric_Matrix_Spectra	Householder_Rotation	continuous_on_conj_trace	497	22	STAY	Symmetric_Matrix_Spectra/Householder_Rotation	
Symmetric_Matrix_Spectra	Householder_Rotation	continuous_on_hrefl	222	26	STAY	Symmetric_Matrix_Spectra/Householder_Rotation	
Symmetric_Matrix_Spectra	Householder_Rotation	continuous_on_rotv	419	18	STAY	Symmetric_Matrix_Spectra/Householder_Rotation	
Symmetric_Matrix_Spectra	Householder_Rotation	continuous_on_rotv_dir	455	21	STAY	Symmetric_Matrix_Spectra/Householder_Rotation	
Symmetric_Matrix_Spectra	Householder_Rotation	halfspace_not_antipodal	437	18	STAY	Symmetric_Matrix_Spectra/Householder_Rotation	
Symmetric_Matrix_Spectra	Householder_Rotation	hrefl_apply	31	12	STAY	Symmetric_Matrix_Spectra/Householder_Rotation	
Symmetric_Matrix_Spectra	Householder_Rotation	hrefl_bisect	190	32	STAY	Symmetric_Matrix_Spectra/Householder_Rotation	
Symmetric_Matrix_Spectra	Householder_Rotation	hrefl_fix	170	15	STAY	Symmetric_Matrix_Spectra/Householder_Rotation	
Symmetric_Matrix_Spectra	Householder_Rotation	hrefl_inner	81	16	STAY	Symmetric_Matrix_Spectra/Householder_Rotation	
Symmetric_Matrix_Spectra	Householder_Rotation	hrefl_involution	48	26	STAY	Symmetric_Matrix_Spectra/Householder_Rotation	
Symmetric_Matrix_Spectra	Householder_Rotation	hrefl_key	43	5	STAY	Symmetric_Matrix_Spectra/Householder_Rotation	
Symmetric_Matrix_Spectra	Householder_Rotation	hrefl_orthogonal	125	3	STAY/UNUSED?	Symmetric_Matrix_Spectra/Householder_Rotation	
Symmetric_Matrix_Spectra	Householder_Rotation	hrefl_scale	131	26	STAY	Symmetric_Matrix_Spectra/Householder_Rotation	
Symmetric_Matrix_Spectra	Householder_Rotation	hrefl_scale_matrix	157	5	STAY	Symmetric_Matrix_Spectra/Householder_Rotation	
Symmetric_Matrix_Spectra	Householder_Rotation	hrefl_sq	74	7	STAY	Symmetric_Matrix_Spectra/Householder_Rotation	
Symmetric_Matrix_Spectra	Householder_Rotation	hrefl_sym	27	4	STAY	Symmetric_Matrix_Spectra/Householder_Rotation	
Symmetric_Matrix_Spectra	Householder_Rotation	hrefl_zero	128	3	STAY	Symmetric_Matrix_Spectra/Householder_Rotation	
Symmetric_Matrix_Spectra	Householder_Rotation	matvec_minus_right	185	5	STAY	Symmetric_Matrix_Spectra/Householder_Rotation	
Symmetric_Matrix_Spectra	Householder_Rotation	orthogonal_matrixI	97	28	STAY	Symmetric_Matrix_Spectra/Householder_Rotation	
Symmetric_Matrix_Spectra	Householder_Rotation	rotm_apply	334	54	STAY	Symmetric_Matrix_Spectra/Householder_Rotation	
Symmetric_Matrix_Spectra	Householder_Rotation	rotm_orthogonal	309	9	STAY	Symmetric_Matrix_Spectra/Householder_Rotation	
Symmetric_Matrix_Spectra	Householder_Rotation	rotm_refl_vec_nonzero	402	17	STAY	Symmetric_Matrix_Spectra/Householder_Rotation	
Symmetric_Matrix_Spectra	Householder_Rotation	rotm_refl_vec_norm	388	14	STAY	Symmetric_Matrix_Spectra/Householder_Rotation	
Symmetric_Matrix_Spectra	Householder_Rotation	rotm_self	318	16	STAY	Symmetric_Matrix_Spectra/Householder_Rotation	
Symmetric_Matrix_Spectra	Householder_Rotation	rotm_vec	305	4	STAY	Symmetric_Matrix_Spectra/Householder_Rotation	
Symmetric_Matrix_Spectra	Householder_Rotation	rotm_vec_cont	476	21	STAY	Symmetric_Matrix_Spectra/Householder_Rotation	
Symmetric_Matrix_Spectra	Householder_Rotation	rotv_apply	272	15	STAY	Symmetric_Matrix_Spectra/Householder_Rotation	
Symmetric_Matrix_Spectra	Householder_Rotation	rotv_orthogonal	251	21	STAY	Symmetric_Matrix_Spectra/Householder_Rotation	
Symmetric_Matrix_Spectra	Householder_Rotation	rotv_self	287	15	STAY	Symmetric_Matrix_Spectra/Householder_Rotation	
Symmetric_Matrix_Spectra	Householder_Rotation	scaleR_self_diff	162	8	STAY	Symmetric_Matrix_Spectra/Householder_Rotation	
Symmetric_Matrix_Spectra	Ky_Fan	box_program_bound	1681	55	STAY	Symmetric_Matrix_Spectra/Ky_Fan	
Symmetric_Matrix_Spectra	Ky_Fan	bracket_eq_sum	1255	19	STAY/UNUSED?	Symmetric_Matrix_Spectra/Ky_Fan	
Symmetric_Matrix_Spectra	Ky_Fan	eigval_1	777	3	STAY	Symmetric_Matrix_Spectra/Ky_Fan	
Symmetric_Matrix_Spectra	Ky_Fan	eigval_Suc	780	6	STAY	Symmetric_Matrix_Spectra/Ky_Fan	
Symmetric_Matrix_Spectra	Ky_Fan	eigval_antimono	1004	68	STAY	Symmetric_Matrix_Spectra/Ky_Fan	
Symmetric_Matrix_Spectra	Ky_Fan	eigval_antimono_le	1072	42	STAY	Symmetric_Matrix_Spectra/Ky_Fan	
Symmetric_Matrix_Spectra	Ky_Fan	eigval_eq_min_of_threshold	967	37	STAY	Symmetric_Matrix_Spectra/Ky_Fan	
Symmetric_Matrix_Spectra	Ky_Fan	exists_min_subset	1824	48	STAY	Symmetric_Matrix_Spectra/Ky_Fan	
Symmetric_Matrix_Spectra	Ky_Fan	exists_top_subset	289	70	STAY	Symmetric_Matrix_Spectra/Ky_Fan	
Symmetric_Matrix_Spectra	Ky_Fan	finite_arg_min_on	811	15	STAY	Symmetric_Matrix_Spectra/Ky_Fan	
Symmetric_Matrix_Spectra	Ky_Fan	is_proj_decomp	40	112	STAY	Symmetric_Matrix_Spectra/Ky_Fan	
Symmetric_Matrix_Spectra	Ky_Fan	is_proj_trace_zero	726	16	STAY	Symmetric_Matrix_Spectra/Ky_Fan	
Symmetric_Matrix_Spectra	Ky_Fan	kyfan_0	742	32	STAY	Symmetric_Matrix_Spectra/Ky_Fan	
Symmetric_Matrix_Spectra	Ky_Fan	kyfan_attained	573	107	STAY	Symmetric_Matrix_Spectra/Ky_Fan	
Symmetric_Matrix_Spectra	Ky_Fan	kyfan_bdd_above	680	34	STAY	Symmetric_Matrix_Spectra/Ky_Fan	
Symmetric_Matrix_Spectra	Ky_Fan	kyfan_eq_sum_eigval	786	25	STAY	Symmetric_Matrix_Spectra/Ky_Fan	
Symmetric_Matrix_Spectra	Ky_Fan	kyfan_ge_trace_mult	714	12	STAY	Symmetric_Matrix_Spectra/Ky_Fan	
Symmetric_Matrix_Spectra	Ky_Fan	kyfan_minus_possum	1227	25	STAY	Symmetric_Matrix_Spectra/Ky_Fan	
Symmetric_Matrix_Spectra	Ky_Fan	kyfan_minus_possum_threshold	1610	27	STAY	Symmetric_Matrix_Spectra/Ky_Fan	
Symmetric_Matrix_Spectra	Ky_Fan	kyfan_mono_of_nonneg	1142	15	STAY	Symmetric_Matrix_Spectra/Ky_Fan	
Symmetric_Matrix_Spectra	Ky_Fan	kyfan_threshold	935	32	STAY	Symmetric_Matrix_Spectra/Ky_Fan	
Symmetric_Matrix_Spectra	Ky_Fan	kyfan_within_threshold	1478	37	STAY	Symmetric_Matrix_Spectra/Ky_Fan	
Symmetric_Matrix_Spectra	Ky_Fan	lp_upper_bound	1736	62	STAY	Symmetric_Matrix_Spectra/Ky_Fan	
Symmetric_Matrix_Spectra	Ky_Fan	onormal_proj	152	32	STAY	Symmetric_Matrix_Spectra/Ky_Fan	
Symmetric_Matrix_Spectra	Ky_Fan	possum_0	1123	3	STAY	Symmetric_Matrix_Spectra/Ky_Fan	
Symmetric_Matrix_Spectra	Ky_Fan	possum_Suc	1126	16	STAY	Symmetric_Matrix_Spectra/Ky_Fan	
Symmetric_Matrix_Spectra	Ky_Fan	possum_eq_sum_pos	1157	70	STAY	Symmetric_Matrix_Spectra/Ky_Fan	
Symmetric_Matrix_Spectra	Ky_Fan	possum_full_eq_sum_basis	1274	92	STAY	Symmetric_Matrix_Spectra/Ky_Fan	
Symmetric_Matrix_Spectra	Ky_Fan	possum_ge_kyfan	1117	6	STAY	Symmetric_Matrix_Spectra/Ky_Fan	
Symmetric_Matrix_Spectra	Ky_Fan	possum_within_threshold	1515	95	STAY	Symmetric_Matrix_Spectra/Ky_Fan	
Symmetric_Matrix_Spectra	Ky_Fan	proj_quadform_le_one	481	15	STAY	Symmetric_Matrix_Spectra/Ky_Fan	
Symmetric_Matrix_Spectra	Ky_Fan	proj_quadform_le_self	451	30	STAY	Symmetric_Matrix_Spectra/Ky_Fan	
Symmetric_Matrix_Spectra	Ky_Fan	proj_quadform_nonneg	446	5	STAY	Symmetric_Matrix_Spectra/Ky_Fan	
Symmetric_Matrix_Spectra	Ky_Fan	proj_quadform_self	431	15	STAY	Symmetric_Matrix_Spectra/Ky_Fan	
Symmetric_Matrix_Spectra	Ky_Fan	proj_weights_sum	530	12	STAY	Symmetric_Matrix_Spectra/Ky_Fan	
Symmetric_Matrix_Spectra	Ky_Fan	proj_with_trace_exists	184	17	STAY	Symmetric_Matrix_Spectra/Ky_Fan	
Symmetric_Matrix_Spectra	Ky_Fan	reduce_weights_to_exact	1637	44	STAY	Symmetric_Matrix_Spectra/Ky_Fan	
Symmetric_Matrix_Spectra	Ky_Fan	spectral_proj_trace	549	24	STAY	Symmetric_Matrix_Spectra/Ky_Fan	
Symmetric_Matrix_Spectra	Ky_Fan	sum_min_le_threshold	1798	26	STAY	Symmetric_Matrix_Spectra/Ky_Fan	
Symmetric_Matrix_Spectra	Ky_Fan	sum_weighted_le_top_subset	359	72	STAY	Symmetric_Matrix_Spectra/Ky_Fan	
Symmetric_Matrix_Spectra	Ky_Fan	threshold_chain	1456	22	STAY	Symmetric_Matrix_Spectra/Ky_Fan	
Symmetric_Matrix_Spectra	Ky_Fan	threshold_chain_aux	1394	62	STAY	Symmetric_Matrix_Spectra/Ky_Fan	
Symmetric_Matrix_Spectra	Ky_Fan	threshold_remove_min	908	27	STAY	Symmetric_Matrix_Spectra/Ky_Fan	
Symmetric_Matrix_Spectra	Ky_Fan	threshold_shrink_one	1366	28	STAY	Symmetric_Matrix_Spectra/Ky_Fan	
Symmetric_Matrix_Spectra	Ky_Fan	threshold_sum_maximal	826	82	STAY	Symmetric_Matrix_Spectra/Ky_Fan	
Symmetric_Matrix_Spectra	Ky_Fan	trace_mult_eigen_weights	496	34	STAY	Symmetric_Matrix_Spectra/Ky_Fan	
Symmetric_Matrix_Spectra	Ky_Fan	trace_mult_spectral_proj	218	28	STAY	Symmetric_Matrix_Spectra/Ky_Fan	
Symmetric_Matrix_Spectra	Ky_Fan	trace_proj_psd_nonneg	201	17	STAY	Symmetric_Matrix_Spectra/Ky_Fan	
Symmetric_Matrix_Spectra	Ky_Fan	two_fractional	246	43	STAY	Symmetric_Matrix_Spectra/Ky_Fan	
Symmetric_Matrix_Spectra	Matrix_Algebra	affine_has_derivative	2556	13	STAY	Symmetric_Matrix_Spectra/Matrix_Algebra	
Symmetric_Matrix_Spectra	Matrix_Algebra	affine_interior_image	1056	35	STAY	Symmetric_Matrix_Spectra/Matrix_Algebra	
Symmetric_Matrix_Spectra	Matrix_Algebra	affine_interior_sub	1009	11	STAY	Symmetric_Matrix_Spectra/Matrix_Algebra	
Symmetric_Matrix_Spectra	Matrix_Algebra	affine_inv_dist	2586	41	STAY	Symmetric_Matrix_Spectra/Matrix_Algebra	
Symmetric_Matrix_Spectra	Matrix_Algebra	affine_inv_left	1027	14	STAY	Symmetric_Matrix_Spectra/Matrix_Algebra	
Symmetric_Matrix_Spectra	Matrix_Algebra	affine_inv_right	1041	15	STAY	Symmetric_Matrix_Spectra/Matrix_Algebra	
Symmetric_Matrix_Spectra	Matrix_Algebra	affine_inv_shape	1020	7	STAY	Symmetric_Matrix_Spectra/Matrix_Algebra	
Symmetric_Matrix_Spectra	Matrix_Algebra	affine_linear	2546	10	STAY	Symmetric_Matrix_Spectra/Matrix_Algebra	
Symmetric_Matrix_Spectra	Matrix_Algebra	axis1_inner	1325	12	STAY	Symmetric_Matrix_Spectra/Matrix_Algebra	
Symmetric_Matrix_Spectra	Matrix_Algebra	axis1_self	1337	10	STAY	Symmetric_Matrix_Spectra/Matrix_Algebra	
Symmetric_Matrix_Spectra	Matrix_Algebra	ball_prod_shift_snd	2393	21	STAY	Symmetric_Matrix_Spectra/Matrix_Algebra	
Symmetric_Matrix_Spectra	Matrix_Algebra	bm_compensator_const	1094	24	STAY	Symmetric_Matrix_Spectra/Matrix_Algebra	
Symmetric_Matrix_Spectra	Matrix_Algebra	bm_compensator_coord	1118	17	STAY	Symmetric_Matrix_Spectra/Matrix_Algebra	
Symmetric_Matrix_Spectra	Matrix_Algebra	bounded_linear_cross	1204	11	STAY	Symmetric_Matrix_Spectra/Matrix_Algebra	
Symmetric_Matrix_Spectra	Matrix_Algebra	bounded_linear_cross_pair	1220	10	STAY	Symmetric_Matrix_Spectra/Matrix_Algebra	
Symmetric_Matrix_Spectra	Matrix_Algebra	bounded_linear_quadform	1263	16	STAY	Symmetric_Matrix_Spectra/Matrix_Algebra	
Symmetric_Matrix_Spectra	Matrix_Algebra	bounded_linear_trace	1215	5	STAY	Symmetric_Matrix_Spectra/Matrix_Algebra	
Symmetric_Matrix_Spectra	Matrix_Algebra	bounded_linear_trace_mult_left	1235	14	STAY	Symmetric_Matrix_Spectra/Matrix_Algebra	
Symmetric_Matrix_Spectra	Matrix_Algebra	bounded_linear_trace_mult_right	1249	14	STAY	Symmetric_Matrix_Spectra/Matrix_Algebra	
Symmetric_Matrix_Spectra	Matrix_Algebra	bounded_linear_transpose	1289	5	STAY	Symmetric_Matrix_Spectra/Matrix_Algebra	
Symmetric_Matrix_Spectra	Matrix_Algebra	closed_trace_proj_halfspace	1199	5	STAY	Symmetric_Matrix_Spectra/Matrix_Algebra	
Symmetric_Matrix_Spectra	Matrix_Algebra	colmat_matvec	1673	5	STAY	Symmetric_Matrix_Spectra/Matrix_Algebra	
Symmetric_Matrix_Spectra	Matrix_Algebra	compact_cball_bound	2627	21	STAY	Symmetric_Matrix_Spectra/Matrix_Algebra	
Symmetric_Matrix_Spectra	Matrix_Algebra	conj_mat_continuous	2569	17	STAY	Symmetric_Matrix_Spectra/Matrix_Algebra	
Symmetric_Matrix_Spectra	Matrix_Algebra	conj_orth_inv	839	13	STAY	Symmetric_Matrix_Spectra/Matrix_Algebra	
Symmetric_Matrix_Spectra	Matrix_Algebra	continuous_on_matrix_entry	158	11	STAY	Symmetric_Matrix_Spectra/Matrix_Algebra	
Symmetric_Matrix_Spectra	Matrix_Algebra	continuous_on_matrix_mult	169	13	STAY	Symmetric_Matrix_Spectra/Matrix_Algebra	
Symmetric_Matrix_Spectra	Matrix_Algebra	continuous_on_matrix_transpose	182	13	STAY	Symmetric_Matrix_Spectra/Matrix_Algebra	
Symmetric_Matrix_Spectra	Matrix_Algebra	continuous_on_quad_tilt	1816	18	STAY	Symmetric_Matrix_Spectra/Matrix_Algebra	
Symmetric_Matrix_Spectra	Matrix_Algebra	continuous_on_trace_mult_right	1186	13	STAY	Symmetric_Matrix_Spectra/Matrix_Algebra	
Symmetric_Matrix_Spectra	Matrix_Algebra	diag_entry_quadform	1157	12	STAY	Symmetric_Matrix_Spectra/Matrix_Algebra	
Symmetric_Matrix_Spectra	Matrix_Algebra	diag_eq_inner_axis	1135	11	STAY	Symmetric_Matrix_Spectra/Matrix_Algebra	
Symmetric_Matrix_Spectra	Matrix_Algebra	dist_prod_scale_fst	910	56	STAY	Symmetric_Matrix_Spectra/Matrix_Algebra	
Symmetric_Matrix_Spectra	Matrix_Algebra	exists_enum_of_card	1442	18	STAY	Symmetric_Matrix_Spectra/Matrix_Algebra	
Symmetric_Matrix_Spectra	Matrix_Algebra	has_derivative_quadratic_form	2695	29	STAY	Symmetric_Matrix_Spectra/Matrix_Algebra	
Symmetric_Matrix_Spectra	Matrix_Algebra	inner_axis_one	616	5	STAY	Symmetric_Matrix_Spectra/Matrix_Algebra	
Symmetric_Matrix_Spectra	Matrix_Algebra	inner_diff_self_expand	1169	10	STAY	Symmetric_Matrix_Spectra/Matrix_Algebra	
Symmetric_Matrix_Spectra	Matrix_Algebra	inner_matrix_axis	309	14	STAY	Symmetric_Matrix_Spectra/Matrix_Algebra	
Symmetric_Matrix_Spectra	Matrix_Algebra	inner_matrix_sym	258	22	STAY	Symmetric_Matrix_Spectra/Matrix_Algebra	
Symmetric_Matrix_Spectra	Matrix_Algebra	inner_scaleR_diff_eq	757	8	STAY	Symmetric_Matrix_Spectra/Matrix_Algebra	
Symmetric_Matrix_Spectra	Matrix_Algebra	inner_transpose_matrix	195	21	STAY	Symmetric_Matrix_Spectra/Matrix_Algebra	
Symmetric_Matrix_Spectra	Matrix_Algebra	invertible_matrix_vector_inj	2132	17	STAY	Symmetric_Matrix_Spectra/Matrix_Algebra	
Symmetric_Matrix_Spectra	Matrix_Algebra	local_min_gradient_zero	382	14	STAY	Symmetric_Matrix_Spectra/Matrix_Algebra	
Symmetric_Matrix_Spectra	Matrix_Algebra	local_min_hessian_psd	396	177	STAY	Symmetric_Matrix_Spectra/Matrix_Algebra	
Symmetric_Matrix_Spectra	Matrix_Algebra	matmul_sandwich_blin	1414	17	STAY	Symmetric_Matrix_Spectra/Matrix_Algebra	
Symmetric_Matrix_Spectra	Matrix_Algebra	matmul_scaleR_right	1431	6	STAY	Symmetric_Matrix_Spectra/Matrix_Algebra	
Symmetric_Matrix_Spectra	Matrix_Algebra	matrix_Basis_cases	294	15	STAY	Symmetric_Matrix_Spectra/Matrix_Algebra	
Symmetric_Matrix_Spectra	Matrix_Algebra	matrix_add_rdistrib	116	4	STAY	Symmetric_Matrix_Spectra/Matrix_Algebra	
Symmetric_Matrix_Spectra	Matrix_Algebra	matrix_diff_vec	2771	12	STAY	Symmetric_Matrix_Spectra/Matrix_Algebra	
Symmetric_Matrix_Spectra	Matrix_Algebra	matrix_mul_diff_left	83	5	STAY	Symmetric_Matrix_Spectra/Matrix_Algebra	
Symmetric_Matrix_Spectra	Matrix_Algebra	matrix_mul_diff_right	78	5	STAY	Symmetric_Matrix_Spectra/Matrix_Algebra	
Symmetric_Matrix_Spectra	Matrix_Algebra	matrix_mult_sum_left	135	15	STAY	Symmetric_Matrix_Spectra/Matrix_Algebra	
Symmetric_Matrix_Spectra	Matrix_Algebra	matrix_mult_sum_right	45	15	STAY	Symmetric_Matrix_Spectra/Matrix_Algebra	
Symmetric_Matrix_Spectra	Matrix_Algebra	matrix_of_symmetric	2654	29	STAY	Symmetric_Matrix_Spectra/Matrix_Algebra	
Symmetric_Matrix_Spectra	Matrix_Algebra	matrix_shift_apply	2498	22	STAY	Symmetric_Matrix_Spectra/Matrix_Algebra	
Symmetric_Matrix_Spectra	Matrix_Algebra	matrix_symmetric_swap	2683	12	STAY	Symmetric_Matrix_Spectra/Matrix_Algebra	
Symmetric_Matrix_Spectra	Matrix_Algebra	matrix_vec_apply	2648	6	STAY	Symmetric_Matrix_Spectra/Matrix_Algebra	
Symmetric_Matrix_Spectra	Matrix_Algebra	matrix_vector_axis_one	621	19	STAY	Symmetric_Matrix_Spectra/Matrix_Algebra	
Symmetric_Matrix_Spectra	Matrix_Algebra	matrix_vector_mult_add	712	27	STAY	Symmetric_Matrix_Spectra/Matrix_Algebra	
Symmetric_Matrix_Spectra	Matrix_Algebra	matrix_vector_mult_diff	93	20	STAY	Symmetric_Matrix_Spectra/Matrix_Algebra	
Symmetric_Matrix_Spectra	Matrix_Algebra	matrix_vector_mult_diff_gen	247	5	STAY	Symmetric_Matrix_Spectra/Matrix_Algebra	
Symmetric_Matrix_Spectra	Matrix_Algebra	matrix_vector_mult_scaleR_gen	252	6	STAY	Symmetric_Matrix_Spectra/Matrix_Algebra	
Symmetric_Matrix_Spectra	Matrix_Algebra	matrix_vector_mult_sum	30	15	STAY	Symmetric_Matrix_Spectra/Matrix_Algebra	
Symmetric_Matrix_Spectra	Matrix_Algebra	matrix_vector_mult_vec_diff	662	5	STAY	Symmetric_Matrix_Spectra/Matrix_Algebra	
Symmetric_Matrix_Spectra	Matrix_Algebra	matrix_vector_mult_vsum	120	15	STAY	Symmetric_Matrix_Spectra/Matrix_Algebra	
Symmetric_Matrix_Spectra	Matrix_Algebra	matrix_vector_neg_left	229	5	STAY	Symmetric_Matrix_Spectra/Matrix_Algebra	
Symmetric_Matrix_Spectra	Matrix_Algebra	matvec_add_right	88	5	STAY	Symmetric_Matrix_Spectra/Matrix_Algebra	
Symmetric_Matrix_Spectra	Matrix_Algebra	matvec_axis1	1347	12	STAY	Symmetric_Matrix_Spectra/Matrix_Algebra	
Symmetric_Matrix_Spectra	Matrix_Algebra	matvec_blin	1411	3	STAY	Symmetric_Matrix_Spectra/Matrix_Algebra	
Symmetric_Matrix_Spectra	Matrix_Algebra	matvec_diff_right	813	5	STAY	Symmetric_Matrix_Spectra/Matrix_Algebra	
Symmetric_Matrix_Spectra	Matrix_Algebra	matvec_norm_le	1359	49	STAY	Symmetric_Matrix_Spectra/Matrix_Algebra	
Symmetric_Matrix_Spectra	Matrix_Algebra	matvec_orth_inv	827	12	STAY	Symmetric_Matrix_Spectra/Matrix_Algebra	
Symmetric_Matrix_Spectra	Matrix_Algebra	matvec_scaleR_right	818	9	STAY	Symmetric_Matrix_Spectra/Matrix_Algebra	
Symmetric_Matrix_Spectra	Matrix_Algebra	matvec_sum_right	2149	16	STAY	Symmetric_Matrix_Spectra/Matrix_Algebra	
Symmetric_Matrix_Spectra	Matrix_Algebra	neg_half_trace_ball_op	368	14	STAY	Symmetric_Matrix_Spectra/Matrix_Algebra	
Symmetric_Matrix_Spectra	Matrix_Algebra	neg_matrix_vector	73	5	STAY	Symmetric_Matrix_Spectra/Matrix_Algebra	
Symmetric_Matrix_Spectra	Matrix_Algebra	neg_shift_matrix_apply	2414	15	STAY	Symmetric_Matrix_Spectra/Matrix_Algebra	
Symmetric_Matrix_Spectra	Matrix_Algebra	norm_conj_orthogonal	880	30	STAY	Symmetric_Matrix_Spectra/Matrix_Algebra	
Symmetric_Matrix_Spectra	Matrix_Algebra	norm_le_card_Basis_bound	280	14	STAY	Symmetric_Matrix_Spectra/Matrix_Algebra	
Symmetric_Matrix_Spectra	Matrix_Algebra	norm_less_of_ball	598	18	STAY	Symmetric_Matrix_Spectra/Matrix_Algebra	
Symmetric_Matrix_Spectra	Matrix_Algebra	norm_matrix_sq_trace	867	13	STAY	Symmetric_Matrix_Spectra/Matrix_Algebra	
Symmetric_Matrix_Spectra	Matrix_Algebra	norm_orthogonal_matrix_vector	852	15	STAY	Symmetric_Matrix_Spectra/Matrix_Algebra	
Symmetric_Matrix_Spectra	Matrix_Algebra	norm_shifted_block	2520	18	STAY	Symmetric_Matrix_Spectra/Matrix_Algebra	
Symmetric_Matrix_Spectra	Matrix_Algebra	open_affine_image	996	13	STAY	Symmetric_Matrix_Spectra/Matrix_Algebra	
Symmetric_Matrix_Spectra	Matrix_Algebra	open_orth_image	966	30	STAY	Symmetric_Matrix_Spectra/Matrix_Algebra	
Symmetric_Matrix_Spectra	Matrix_Algebra	orth_preserves_inner	739	18	STAY	Symmetric_Matrix_Spectra/Matrix_Algebra	
Symmetric_Matrix_Spectra	Matrix_Algebra	orthonormal_dim_span	2203	36	STAY	Symmetric_Matrix_Spectra/Matrix_Algebra	
Symmetric_Matrix_Spectra	Matrix_Algebra	orthonormal_family_containing	2316	77	STAY	Symmetric_Matrix_Spectra/Matrix_Algebra	
Symmetric_Matrix_Spectra	Matrix_Algebra	orthonormal_inj	2186	17	STAY	Symmetric_Matrix_Spectra/Matrix_Algebra	
Symmetric_Matrix_Spectra	Matrix_Algebra	pinch_implies_constant	1939	70	STAY	Symmetric_Matrix_Spectra/Matrix_Algebra	
Symmetric_Matrix_Spectra	Matrix_Algebra	pinch_segment_bound	1887	52	STAY	Symmetric_Matrix_Spectra/Matrix_Algebra	
Symmetric_Matrix_Spectra	Matrix_Algebra	proj_inner_self	2239	13	STAY	Symmetric_Matrix_Spectra/Matrix_Algebra	
Symmetric_Matrix_Spectra	Matrix_Algebra	proj_inner_self'	2252	15	STAY	Symmetric_Matrix_Spectra/Matrix_Algebra	
Symmetric_Matrix_Spectra	Matrix_Algebra	proj_norm_le	2293	23	STAY	Symmetric_Matrix_Spectra/Matrix_Algebra	
Symmetric_Matrix_Spectra	Matrix_Algebra	quad_diff_bound	1521	90	STAY	Symmetric_Matrix_Spectra/Matrix_Algebra	
Symmetric_Matrix_Spectra	Matrix_Algebra	quad_diff_bound_gen	1704	88	STAY	Symmetric_Matrix_Spectra/Matrix_Algebra	
Symmetric_Matrix_Spectra	Matrix_Algebra	quad_form_bounded_below	2009	29	STAY	Symmetric_Matrix_Spectra/Matrix_Algebra	
Symmetric_Matrix_Spectra	Matrix_Algebra	quad_form_shift_identity	216	13	STAY	Symmetric_Matrix_Spectra/Matrix_Algebra	
Symmetric_Matrix_Spectra	Matrix_Algebra	quad_form_shift_identity_neg	234	13	STAY	Symmetric_Matrix_Spectra/Matrix_Algebra	
Symmetric_Matrix_Spectra	Matrix_Algebra	quad_grad_shift	1792	11	STAY	Symmetric_Matrix_Spectra/Matrix_Algebra	
Symmetric_Matrix_Spectra	Matrix_Algebra	quad_minimality_pinch	2038	51	STAY	Symmetric_Matrix_Spectra/Matrix_Algebra	
Symmetric_Matrix_Spectra	Matrix_Algebra	quad_shift	1803	13	STAY	Symmetric_Matrix_Spectra/Matrix_Algebra	
Symmetric_Matrix_Spectra	Matrix_Algebra	quad_soften_split	1636	37	STAY	Symmetric_Matrix_Spectra/Matrix_Algebra	
Symmetric_Matrix_Spectra	Matrix_Algebra	quad_taylor_step	1467	54	STAY	Symmetric_Matrix_Spectra/Matrix_Algebra	
Symmetric_Matrix_Spectra	Matrix_Algebra	quadform_abs_le	1299	26	STAY	Symmetric_Matrix_Spectra/Matrix_Algebra	
Symmetric_Matrix_Spectra	Matrix_Algebra	quadform_axis_pair	640	22	STAY	Symmetric_Matrix_Spectra/Matrix_Algebra	
Symmetric_Matrix_Spectra	Matrix_Algebra	quadform_axis_pair_minus	667	25	STAY	Symmetric_Matrix_Spectra/Matrix_Algebra	
Symmetric_Matrix_Spectra	Matrix_Algebra	quadform_convex_comb	1179	7	STAY	Symmetric_Matrix_Spectra/Matrix_Algebra	
Symmetric_Matrix_Spectra	Matrix_Algebra	quadratic_gradient	573	11	STAY	Symmetric_Matrix_Spectra/Matrix_Algebra	
Symmetric_Matrix_Spectra	Matrix_Algebra	quadratic_test_derivative	2724	25	STAY	Symmetric_Matrix_Spectra/Matrix_Algebra	
Symmetric_Matrix_Spectra	Matrix_Algebra	quadratic_test_grad_derivative	2749	22	STAY	Symmetric_Matrix_Spectra/Matrix_Algebra	
Symmetric_Matrix_Spectra	Matrix_Algebra	rot_cone_ok	1678	26	STAY	Symmetric_Matrix_Spectra/Matrix_Algebra	
Symmetric_Matrix_Spectra	Matrix_Algebra	sandwich_mat1	1437	5	STAY	Symmetric_Matrix_Spectra/Matrix_Algebra	
Symmetric_Matrix_Spectra	Matrix_Algebra	scaleR_matrix_mult	60	5	STAY	Symmetric_Matrix_Spectra/Matrix_Algebra	
Symmetric_Matrix_Spectra	Matrix_Algebra	scaleR_matrix_vector	68	5	STAY	Symmetric_Matrix_Spectra/Matrix_Algebra	
Symmetric_Matrix_Spectra	Matrix_Algebra	shift_cancel_matrix	2538	8	STAY	Symmetric_Matrix_Spectra/Matrix_Algebra	
Symmetric_Matrix_Spectra	Matrix_Algebra	singular_matrix_avoids_range	2089	43	STAY	Symmetric_Matrix_Spectra/Matrix_Algebra	
Symmetric_Matrix_Spectra	Matrix_Algebra	sum_sq_le_sq_sum	323	45	STAY	Symmetric_Matrix_Spectra/Matrix_Algebra	
Symmetric_Matrix_Spectra	Matrix_Algebra	tanpU_sq_norm_le	2267	26	STAY	Symmetric_Matrix_Spectra/Matrix_Algebra	
Symmetric_Matrix_Spectra	Matrix_Algebra	tendsto_entry	2429	6	STAY	Symmetric_Matrix_Spectra/Matrix_Algebra	
Symmetric_Matrix_Spectra	Matrix_Algebra	tendsto_quadratic_form	2460	16	STAY	Symmetric_Matrix_Spectra/Matrix_Algebra	
Symmetric_Matrix_Spectra	Matrix_Algebra	tilted_minimiser_close	1834	53	STAY	Symmetric_Matrix_Spectra/Matrix_Algebra	
Symmetric_Matrix_Spectra	Matrix_Algebra	trace_conj	692	20	STAY	Symmetric_Matrix_Spectra/Matrix_Algebra	
Symmetric_Matrix_Spectra	Matrix_Algebra	trace_conjugate	584	14	STAY/UNUSED?	Symmetric_Matrix_Spectra/Matrix_Algebra	
Symmetric_Matrix_Spectra	Matrix_Algebra	trace_mat1	1091	3	STAY	Symmetric_Matrix_Spectra/Matrix_Algebra	
Symmetric_Matrix_Spectra	Matrix_Algebra	trace_matrix_commute	798	15	STAY	Symmetric_Matrix_Spectra/Matrix_Algebra	
Symmetric_Matrix_Spectra	Matrix_Algebra	trace_matrix_sum	17	10	STAY	Symmetric_Matrix_Spectra/Matrix_Algebra	
Symmetric_Matrix_Spectra	Matrix_Algebra	trace_msub_mat	1622	14	STAY	Symmetric_Matrix_Spectra/Matrix_Algebra	
Symmetric_Matrix_Spectra	Matrix_Algebra	trace_mult_add	1294	5	STAY	Symmetric_Matrix_Spectra/Matrix_Algebra	
Symmetric_Matrix_Spectra	Matrix_Algebra	trace_mult_blin	1460	7	STAY	Symmetric_Matrix_Spectra/Matrix_Algebra	
Symmetric_Matrix_Spectra	Matrix_Algebra	trace_mult_diff	1279	5	STAY	Symmetric_Matrix_Spectra/Matrix_Algebra	
Symmetric_Matrix_Spectra	Matrix_Algebra	trace_mult_scaleR	1284	5	STAY	Symmetric_Matrix_Spectra/Matrix_Algebra	
Symmetric_Matrix_Spectra	Matrix_Algebra	trace_mult_sum	1230	5	STAY	Symmetric_Matrix_Spectra/Matrix_Algebra	
Symmetric_Matrix_Spectra	Matrix_Algebra	trace_mult_zero_right	1408	3	STAY	Symmetric_Matrix_Spectra/Matrix_Algebra	
Symmetric_Matrix_Spectra	Matrix_Algebra	trace_nonneg_psd	1146	11	STAY	Symmetric_Matrix_Spectra/Matrix_Algebra	
Symmetric_Matrix_Spectra	Matrix_Algebra	trace_scaleR	65	3	STAY	Symmetric_Matrix_Spectra/Matrix_Algebra	
Symmetric_Matrix_Spectra	Matrix_Algebra	transpose_add	153	5	STAY	Symmetric_Matrix_Spectra/Matrix_Algebra	
Symmetric_Matrix_Spectra	Matrix_Algebra	transpose_diff_matrix	113	3	STAY	Symmetric_Matrix_Spectra/Matrix_Algebra	
Symmetric_Matrix_Spectra	Matrix_Algebra	transpose_limit	2435	25	STAY	Symmetric_Matrix_Spectra/Matrix_Algebra	
Symmetric_Matrix_Spectra	Matrix_Algebra	transpose_matrix_diff	2165	8	STAY	Symmetric_Matrix_Spectra/Matrix_Algebra	
Symmetric_Matrix_Spectra	Matrix_Algebra	transpose_matrix_sum	27	3	STAY	Symmetric_Matrix_Spectra/Matrix_Algebra	
Symmetric_Matrix_Spectra	Matrix_Algebra	transpose_scaleR	150	3	STAY	Symmetric_Matrix_Spectra/Matrix_Algebra	
Symmetric_Matrix_Spectra	Matrix_Algebra	transpose_shift_add	765	22	STAY	Symmetric_Matrix_Spectra/Matrix_Algebra	
Symmetric_Matrix_Spectra	Matrix_Algebra	transpose_shift_diff	787	11	STAY	Symmetric_Matrix_Spectra/Matrix_Algebra	
Symmetric_Matrix_Spectra	Matrix_Algebra	transpose_shifted_block	2476	22	STAY	Symmetric_Matrix_Spectra/Matrix_Algebra	
Symmetric_Matrix_Spectra	Matrix_Algebra	transpose_sub_smat	1611	11	STAY	Symmetric_Matrix_Spectra/Matrix_Algebra	
Symmetric_Matrix_Spectra	Matrix_Algebra	unit_normalize	2173	13	STAY	Symmetric_Matrix_Spectra/Matrix_Algebra	
Symmetric_Matrix_Spectra	Orthonormal_Families	onormal_bessel	66	19	STAY	Symmetric_Matrix_Spectra/Orthonormal_Families	
Symmetric_Matrix_Spectra	Orthonormal_Families	onormal_card_dim_span	246	8	STAY	Symmetric_Matrix_Spectra/Orthonormal_Families	
Symmetric_Matrix_Spectra	Orthonormal_Families	onormal_complete	85	17	STAY	Symmetric_Matrix_Spectra/Orthonormal_Families	
Symmetric_Matrix_Spectra	Orthonormal_Families	onormal_empty	226	3	STAY	Symmetric_Matrix_Spectra/Orthonormal_Families	
Symmetric_Matrix_Spectra	Orthonormal_Families	onormal_expand	45	21	STAY	Symmetric_Matrix_Spectra/Orthonormal_Families	
Symmetric_Matrix_Spectra	Orthonormal_Families	onormal_extension	117	82	STAY	Symmetric_Matrix_Spectra/Orthonormal_Families	
Symmetric_Matrix_Spectra	Orthonormal_Families	onormal_extension_within	272	94	STAY	Symmetric_Matrix_Spectra/Orthonormal_Families	
Symmetric_Matrix_Spectra	Orthonormal_Families	onormal_finite	235	5	STAY	Symmetric_Matrix_Spectra/Orthonormal_Families	
Symmetric_Matrix_Spectra	Orthonormal_Families	onormal_independent	240	6	STAY	Symmetric_Matrix_Spectra/Orthonormal_Families	
Symmetric_Matrix_Spectra	Orthonormal_Families	onormal_inner_distinct	25	3	STAY	Symmetric_Matrix_Spectra/Orthonormal_Families	
Symmetric_Matrix_Spectra	Orthonormal_Families	onormal_inner_self	22	3	STAY	Symmetric_Matrix_Spectra/Orthonormal_Families	
Symmetric_Matrix_Spectra	Orthonormal_Families	onormal_inner_sums	28	17	STAY	Symmetric_Matrix_Spectra/Orthonormal_Families	
Symmetric_Matrix_Spectra	Orthonormal_Families	onormal_outer_sum_eq	366	39	STAY	Symmetric_Matrix_Spectra/Orthonormal_Families	
Symmetric_Matrix_Spectra	Orthonormal_Families	onormal_span_card	254	18	STAY	Symmetric_Matrix_Spectra/Orthonormal_Families	
Symmetric_Matrix_Spectra	Orthonormal_Families	onormal_subset	229	6	STAY	Symmetric_Matrix_Spectra/Orthonormal_Families	
Symmetric_Matrix_Spectra	Orthonormal_Families	trace_ge_dim	199	27	STAY	Symmetric_Matrix_Spectra/Orthonormal_Families	
Symmetric_Matrix_Spectra	Orthonormal_Families	trace_on_subspace_eq	405	14	STAY	Symmetric_Matrix_Spectra/Orthonormal_Families	
Symmetric_Matrix_Spectra	Orthonormal_Families	trace_onormal_basis	102	15	STAY	Symmetric_Matrix_Spectra/Orthonormal_Families	
Symmetric_Matrix_Spectra	Outer_Products	mult_outer_prod	32	4	STAY	Symmetric_Matrix_Spectra/Outer_Products	
Symmetric_Matrix_Spectra	Outer_Products	outer_prod_mult	39	3	STAY	Symmetric_Matrix_Spectra/Outer_Products	
Symmetric_Matrix_Spectra	Outer_Products	outer_prod_mv	22	4	STAY	Symmetric_Matrix_Spectra/Outer_Products	
Symmetric_Matrix_Spectra	Outer_Products	outer_prod_scaleR_left	36	3	STAY	Symmetric_Matrix_Spectra/Outer_Products	
Symmetric_Matrix_Spectra	Outer_Products	trace_mult_outer_sum	42	6	STAY	Symmetric_Matrix_Spectra/Outer_Products	
Symmetric_Matrix_Spectra	Outer_Products	trace_outer_prod	29	3	STAY/UNUSED?	Symmetric_Matrix_Spectra/Outer_Products	
Symmetric_Matrix_Spectra	Outer_Products	transpose_outer_prod	26	3	STAY/UNUSED?	Symmetric_Matrix_Spectra/Outer_Products	
Symmetric_Matrix_Spectra	Poincare_Separation	bracket_lipschitz	747	53	STAY	Symmetric_Matrix_Spectra/Poincare_Separation	
Symmetric_Matrix_Spectra	Poincare_Separation	bracket_lipschitz_norm	1096	25	STAY	Symmetric_Matrix_Spectra/Poincare_Separation	
Symmetric_Matrix_Spectra	Poincare_Separation	closed_psd	1146	15	STAY	Symmetric_Matrix_Spectra/Poincare_Separation	
Symmetric_Matrix_Spectra	Poincare_Separation	closed_symmetric_matrices	1134	12	STAY	Symmetric_Matrix_Spectra/Poincare_Separation	
Symmetric_Matrix_Spectra	Poincare_Separation	conj_diff_expand	990	23	STAY	Symmetric_Matrix_Spectra/Poincare_Separation	
Symmetric_Matrix_Spectra	Poincare_Separation	continuous_on_quadform	1121	13	STAY	Symmetric_Matrix_Spectra/Poincare_Separation	
Symmetric_Matrix_Spectra	Poincare_Separation	dim_inter_ge	613	17	STAY	Symmetric_Matrix_Spectra/Poincare_Separation	
Symmetric_Matrix_Spectra	Poincare_Separation	eigenbasis_containing_eigenvector	463	102	STAY	Symmetric_Matrix_Spectra/Poincare_Separation	
Symmetric_Matrix_Spectra	Poincare_Separation	eigval_min_le_quadform	148	27	STAY	Symmetric_Matrix_Spectra/Poincare_Separation	
Symmetric_Matrix_Spectra	Poincare_Separation	entry_abs_le_norm	1068	12	STAY	Symmetric_Matrix_Spectra/Poincare_Separation	
Symmetric_Matrix_Spectra	Poincare_Separation	entrysum_le_norm	1080	16	STAY	Symmetric_Matrix_Spectra/Poincare_Separation	
Symmetric_Matrix_Spectra	Poincare_Separation	exists_top_eigenvector	565	48	STAY	Symmetric_Matrix_Spectra/Poincare_Separation	
Symmetric_Matrix_Spectra	Poincare_Separation	inner_outer_prod_self	800	19	STAY	Symmetric_Matrix_Spectra/Poincare_Separation	
Symmetric_Matrix_Spectra	Poincare_Separation	inner_transpose_self	890	15	STAY	Symmetric_Matrix_Spectra/Poincare_Separation	
Symmetric_Matrix_Spectra	Poincare_Separation	is_proj_compl_rank1	67	44	STAY	Symmetric_Matrix_Spectra/Poincare_Separation	
Symmetric_Matrix_Spectra	Poincare_Separation	is_proj_rank1	53	14	STAY	Symmetric_Matrix_Spectra/Poincare_Separation	
Symmetric_Matrix_Spectra	Poincare_Separation	kyfan_full_eq_trace	29	24	STAY	Symmetric_Matrix_Spectra/Poincare_Separation	
Symmetric_Matrix_Spectra	Poincare_Separation	matrix_mult_entry_inner	905	6	STAY	Symmetric_Matrix_Spectra/Poincare_Separation	
Symmetric_Matrix_Spectra	Poincare_Separation	norm_conj_diff_le	1013	55	STAY	Symmetric_Matrix_Spectra/Poincare_Separation	
Symmetric_Matrix_Spectra	Poincare_Separation	norm_mat_1	961	29	STAY	Symmetric_Matrix_Spectra/Poincare_Separation	
Symmetric_Matrix_Spectra	Poincare_Separation	norm_matrix_mult_le	911	50	STAY	Symmetric_Matrix_Spectra/Poincare_Separation	
Symmetric_Matrix_Spectra	Poincare_Separation	norm_outer_prod	819	16	STAY	Symmetric_Matrix_Spectra/Poincare_Separation	
Symmetric_Matrix_Spectra	Poincare_Separation	norm_unit_diff_le	847	43	STAY	Symmetric_Matrix_Spectra/Poincare_Separation	
Symmetric_Matrix_Spectra	Poincare_Separation	onormal_orthogonal_to_span_complement	348	25	STAY	Symmetric_Matrix_Spectra/Poincare_Separation	
Symmetric_Matrix_Spectra	Poincare_Separation	outer_prod_diff_left	835	6	STAY	Symmetric_Matrix_Spectra/Poincare_Separation	
Symmetric_Matrix_Spectra	Poincare_Separation	outer_prod_diff_right	841	6	STAY	Symmetric_Matrix_Spectra/Poincare_Separation	
Symmetric_Matrix_Spectra	Poincare_Separation	outer_prod_scaleR_right	449	14	STAY	Symmetric_Matrix_Spectra/Poincare_Separation	
Symmetric_Matrix_Spectra	Poincare_Separation	parseval_onormal	325	23	STAY	Symmetric_Matrix_Spectra/Poincare_Separation	
Symmetric_Matrix_Spectra	Poincare_Separation	possum_lipschitz	687	60	STAY	Symmetric_Matrix_Spectra/Poincare_Separation	
Symmetric_Matrix_Spectra	Poincare_Separation	psd_weighted_outer_sum	427	22	STAY	Symmetric_Matrix_Spectra/Poincare_Separation	
Symmetric_Matrix_Spectra	Poincare_Separation	quadform_ge_on_span_threshold	630	57	STAY	Symmetric_Matrix_Spectra/Poincare_Separation	
Symmetric_Matrix_Spectra	Poincare_Separation	quadform_le_eigval_1	130	18	STAY	Symmetric_Matrix_Spectra/Poincare_Separation	
Symmetric_Matrix_Spectra	Poincare_Separation	quadform_outside_threshold_le_eigval	249	39	STAY	Symmetric_Matrix_Spectra/Poincare_Separation	
Symmetric_Matrix_Spectra	Poincare_Separation	quadform_weighted_outer_mono	391	20	STAY	Symmetric_Matrix_Spectra/Poincare_Separation	
Symmetric_Matrix_Spectra	Poincare_Separation	quadform_weighted_outer_sum	197	32	STAY	Symmetric_Matrix_Spectra/Poincare_Separation	
Symmetric_Matrix_Spectra	Poincare_Separation	quadform_weighted_outer_sum_eq	229	20	STAY	Symmetric_Matrix_Spectra/Poincare_Separation	
Symmetric_Matrix_Spectra	Poincare_Separation	quadform_weighted_outer_sum_nonneg	373	18	STAY	Symmetric_Matrix_Spectra/Poincare_Separation	
Symmetric_Matrix_Spectra	Poincare_Separation	subspace_inter_nonzero	288	37	STAY	Symmetric_Matrix_Spectra/Poincare_Separation	
Symmetric_Matrix_Spectra	Poincare_Separation	trace_diff_matrix	23	6	STAY	Symmetric_Matrix_Spectra/Poincare_Separation	
Symmetric_Matrix_Spectra	Poincare_Separation	trace_mult_rank1	111	19	STAY	Symmetric_Matrix_Spectra/Poincare_Separation	
Symmetric_Matrix_Spectra	Poincare_Separation	trace_weighted_outer_sum	175	22	STAY	Symmetric_Matrix_Spectra/Poincare_Separation	
Symmetric_Matrix_Spectra	Poincare_Separation	transpose_sum_matrix	411	7	STAY	Symmetric_Matrix_Spectra/Poincare_Separation	
Symmetric_Matrix_Spectra	Poincare_Separation	transpose_weighted_outer_sum	418	9	STAY	Symmetric_Matrix_Spectra/Poincare_Separation	
Symmetric_Matrix_Spectra	Symmetric_Spectral	invariant_subspace_eigenbasis_ex	231	108	STAY	Symmetric_Matrix_Spectra/Symmetric_Spectral	
Symmetric_Matrix_Spectra	Symmetric_Spectral	linear_coeff_zero	39	54	STAY	Symmetric_Matrix_Spectra/Symmetric_Spectral	
Symmetric_Matrix_Spectra	Symmetric_Spectral	psd_convex_comb	384	21	STAY	Symmetric_Matrix_Spectra/Symmetric_Spectral	
Symmetric_Matrix_Spectra	Symmetric_Spectral	rayleigh_maximizer	93	31	STAY	Symmetric_Matrix_Spectra/Symmetric_Spectral	
Symmetric_Matrix_Spectra	Symmetric_Spectral	rayleigh_maximizer_eigenvector	124	107	STAY	Symmetric_Matrix_Spectra/Symmetric_Spectral	
Symmetric_Matrix_Spectra	Symmetric_Spectral	spectral_decomposition	414	45	STAY	Symmetric_Matrix_Spectra/Symmetric_Spectral	
Symmetric_Matrix_Spectra	Symmetric_Spectral	sym_inner_swap	23	16	STAY	Symmetric_Matrix_Spectra/Symmetric_Spectral	
Symmetric_Matrix_Spectra	Symmetric_Spectral	symmetric_eigenbasis	339	9	STAY	Symmetric_Matrix_Spectra/Symmetric_Spectral	
Symmetric_Matrix_Spectra	Symmetric_Spectral	trace_mult_convex_comb	405	9	STAY	Symmetric_Matrix_Spectra/Symmetric_Spectral	
Symmetric_Matrix_Spectra	Symmetric_Spectral	trace_mult_psd_nonneg	351	33	STAY	Symmetric_Matrix_Spectra/Symmetric_Spectral	
Wiener_Measure	Brownian_Finite_Dimensional_Distributions	bm_fdd_projective	456	103	STAY/UNUSED?	Wiener_Measure/Brownian_Finite_Dimensional_Distributions	
Wiener_Measure	Brownian_Finite_Dimensional_Distributions	emeasure_bm_fdd	370	41	STAY	Wiener_Measure/Brownian_Finite_Dimensional_Distributions	
Wiener_Measure	Brownian_Finite_Dimensional_Distributions	inc_prod_rect	195	175	STAY	Wiener_Measure/Brownian_Finite_Dimensional_Distributions	
Wiener_Measure	Brownian_Finite_Dimensional_Distributions	map_pair_insort	411	5	STAY	Wiener_Measure/Brownian_Finite_Dimensional_Distributions	
Wiener_Measure	Brownian_Finite_Dimensional_Distributions	measurable_csum	37	6	STAY	Wiener_Measure/Brownian_Finite_Dimensional_Distributions	
Wiener_Measure	Brownian_Finite_Dimensional_Distributions	measurable_csum_inc_prod	43	5	STAY	Wiener_Measure/Brownian_Finite_Dimensional_Distributions	
Wiener_Measure	Brownian_Finite_Dimensional_Distributions	prob_space_bm_fdd	56	11	STAY/UNUSED?	Wiener_Measure/Brownian_Finite_Dimensional_Distributions	
Wiener_Measure	Brownian_Finite_Dimensional_Distributions	prob_space_inc_prod	34	3	STAY	Wiener_Measure/Brownian_Finite_Dimensional_Distributions	
Wiener_Measure	Brownian_Finite_Dimensional_Distributions	sets_bm_fdd	48	4	STAY	Wiener_Measure/Brownian_Finite_Dimensional_Distributions	
Wiener_Measure	Brownian_Finite_Dimensional_Distributions	sets_inc_prod	30	4	STAY	Wiener_Measure/Brownian_Finite_Dimensional_Distributions	
Wiener_Measure	Brownian_Finite_Dimensional_Distributions	space_bm_fdd	52	4	STAY	Wiener_Measure/Brownian_Finite_Dimensional_Distributions	
Wiener_Measure	Brownian_Finite_Dimensional_Distributions	sumprod_measurable	168	27	STAY	Wiener_Measure/Brownian_Finite_Dimensional_Distributions	
Wiener_Measure	Brownian_Finite_Dimensional_Distributions	wr_ins	106	62	STAY	Wiener_Measure/Brownian_Finite_Dimensional_Distributions	
Wiener_Measure	Brownian_Finite_Dimensional_Distributions	wr_measurable	73	26	STAY	Wiener_Measure/Brownian_Finite_Dimensional_Distributions	
Wiener_Measure	Brownian_Finite_Dimensional_Distributions	wr_pairs_extend	416	40	STAY	Wiener_Measure/Brownian_Finite_Dimensional_Distributions	
Wiener_Measure	Brownian_Motion	bm_increments_indep	257	186	STAY/UNUSED?	Wiener_Measure/Brownian_Motion	
Wiener_Measure	Brownian_Motion	measurable_coord	35	6	STAY	Wiener_Measure/Brownian_Motion	
Wiener_Measure	Brownian_Motion	measurable_restrict_wiener_pre	41	8	STAY	Wiener_Measure/Brownian_Motion	
Wiener_Measure	Brownian_Motion	prob_space_wiener_pre	24	7	STAY	Wiener_Measure/Brownian_Motion	
Wiener_Measure	Brownian_Motion	sets_wiener_pre	31	4	STAY	Wiener_Measure/Brownian_Motion	
Wiener_Measure	Brownian_Motion	wiener_pre_coord_zero	147	49	STAY	Wiener_Measure/Brownian_Motion	
Wiener_Measure	Brownian_Motion	wiener_pre_increment	75	72	STAY	Wiener_Measure/Brownian_Motion	
Wiener_Measure	Brownian_Motion	wiener_pre_marginal	49	26	STAY	Wiener_Measure/Brownian_Motion	
Wiener_Measure	Brownian_Motion	wiener_pre_moment4	222	35	STAY	Wiener_Measure/Brownian_Motion	
Wiener_Measure	Brownian_Motion	wiener_pre_start	196	26	STAY	Wiener_Measure/Brownian_Motion	
Wiener_Measure	Brownian_Motion_Continuity	Brownian_motion_exists	130	71	STAY	Wiener_Measure/Brownian_Motion_Continuity	
Wiener_Measure	Brownian_Motion_Continuity	bm_coord_measurable	21	4	STAY	Wiener_Measure/Brownian_Motion_Continuity	
Wiener_Measure	Brownian_Motion_Continuity	bm_coord_modification	118	12	STAY	Wiener_Measure/Brownian_Motion_Continuity	
Wiener_Measure	Brownian_Motion_Continuity	bm_coord_moment_bound	41	57	STAY	Wiener_Measure/Brownian_Motion_Continuity	
Wiener_Measure	Brownian_Motion_Continuity	bm_coord_moment_bound'	98	20	STAY	Wiener_Measure/Brownian_Motion_Continuity	
Wiener_Measure	Brownian_Motion_Continuity	index_bm_coord	25	3	STAY/UNUSED?	Wiener_Measure/Brownian_Motion_Continuity	
Wiener_Measure	Brownian_Motion_Continuity	process_bm_coord	36	5	STAY	Wiener_Measure/Brownian_Motion_Continuity	
Wiener_Measure	Brownian_Motion_Continuity	source_bm_coord	28	4	STAY	Wiener_Measure/Brownian_Motion_Continuity	
Wiener_Measure	Brownian_Motion_Continuity	target_bm_coord	32	4	STAY/UNUSED?	Wiener_Measure/Brownian_Motion_Continuity	
Wiener_Measure	Gaussian_Increments	gauss_measure_conv	266	46	STAY/UNUSED?	Wiener_Measure/Gaussian_Increments	
Wiener_Measure	Gaussian_Increments	gauss_measure_conv_nn	157	109	STAY	Wiener_Measure/Gaussian_Increments	
Wiener_Measure	Gaussian_Increments	gauss_measure_fourth_moment	98	22	STAY	Wiener_Measure/Gaussian_Increments	
Wiener_Measure	Gaussian_Increments	gauss_measure_fourth_moment_nn	120	24	STAY	Wiener_Measure/Gaussian_Increments	
Wiener_Measure	Gaussian_Increments	gauss_measure_moment_even	73	25	STAY	Wiener_Measure/Gaussian_Increments	
Wiener_Measure	Gaussian_Increments	gauss_measure_pos	41	4	STAY	Wiener_Measure/Gaussian_Increments	
Wiener_Measure	Gaussian_Increments	gauss_measure_zero	38	3	STAY	Wiener_Measure/Gaussian_Increments	
Wiener_Measure	Gaussian_Increments	nn_integral_lborel_shift	144	13	STAY	Wiener_Measure/Gaussian_Increments	
Wiener_Measure	Gaussian_Increments	prob_space_gauss_measure	53	14	STAY	Wiener_Measure/Gaussian_Increments	
Wiener_Measure	Gaussian_Increments	sets_gauss_measure	45	4	STAY/UNUSED?	Wiener_Measure/Gaussian_Increments	
Wiener_Measure	Gaussian_Increments	sigma_finite_gauss_measure	67	6	STAY	Wiener_Measure/Gaussian_Increments	
Wiener_Measure	Gaussian_Increments	space_gauss_measure	49	4	STAY/UNUSED?	Wiener_Measure/Gaussian_Increments	
Wiener_Measure	Sorted_Lists	prod_indicator_conj	13	5	STAY	Wiener_Measure/Sorted_Lists	
Wiener_Measure	Sorted_Lists	sorted_wrt_less_Max_last	68	24	STAY	Wiener_Measure/Sorted_Lists	
Wiener_Measure	Sorted_Lists	sorted_wrt_less_nth_iff	18	19	STAY	Wiener_Measure/Sorted_Lists	
Wiener_Measure	Sorted_Lists	sorted_wrt_less_set_take	37	31	STAY	Wiener_Measure/Sorted_Lists	
